os,device_type,device_score,device_cpu, Native视频发流切片时长 ,cpu_type_enriched,gpu_type,manufacturer,brand,launch_date,launch_price_usd,procurement_category
iOS,"iPhone12,1",90,,3573620.933333,A13 Bionic,Apple GPU (4-core),Apple,Apple,2019-09,699,高端级
Android,dt15pa,72,,3061642.45,移动SoC(待确认),ARM Mali / Adreno (待确认),Android OEM(待确认),Android OEM(待确认),2022-01~2025-01(估算),"150~900(USD,估算)",入门级
iOS,"iPad7,11",84,,2481627.45,A12 Bionic,Apple GPU (4-core),Apple,Apple,2019-09,329,主流级
iOS,"iPad11,6",88,,2451505.85,A13 Bionic,Apple GPU (4-core),Apple,Apple,2020-09,329,主流级
Windows,HP 240R 14 inch G9 Notebook PC,50,13th Gen Intel(R) Core(TM) i5-1335U,2401461.583333,13th Gen Intel(R) Core(TM) i5-1335U,Intel Iris Xe/集成显卡(待确认),HP,HP,2023-01,650,基础级/待淘汰
iOS,"iPad12,1",90,,2106134.666667,A14 Bionic,Apple GPU (4-core),Apple,Apple,2020-09,329,高端级
Android,dby-w09,89,,2092693.666667,移动SoC(待确认),ARM Mali / Adreno (待确认),Huawei,Huawei,2022-01~2025-01(估算),"150~900(USD,估算)",主流级
Android,btk-w00,89,,1967822.033333,移动SoC(待确认),ARM Mali / Adreno (待确认),Huawei,Huawei,2022-01~2025-01(估算),"150~900(USD,估算)",主流级
iOS,"iPad7,5",84,,1920766.25,A10 Fusion,PowerVR GT7600,Apple,Apple,2018-03,329,主流级
iOS,"iPhone13,2",92,,1802892,A14 Bionic,Apple GPU (4-core),Apple,Apple,2020-10,799,高端级
Android,talih-pd1,72,,1795607.266667,移动SoC(待确认),ARM Mali / Adreno (待确认),Huawei,Huawei,2022-01~2025-01(估算),"150~900(USD,估算)",入门级
Android,talih-pd2,75,,1661454.4,移动SoC(待确认),ARM Mali / Adreno (待确认),Huawei,Huawei,2022-01~2025-01(估算),"150~900(USD,估算)",入门级
iOS,"iPhone14,5",94,,1496779.766667,A15 Bionic,Apple GPU (5-core),Apple,Apple,2022-09,799,高端级
Android,talih-pd2p,75,,1389646.55,移动SoC(待确认),ARM Mali / Adreno (待确认),Huawei,Huawei,2022-01~2025-01(估算),"150~900(USD,估算)",入门级
Android,xtw31,71,,1361212.7,移动SoC(待确认),ARM Mali / Adreno (待确认),Huawei,Huawei,2022-01~2025-01(估算),"150~900(USD,估算)",入门级
Windows,21JKA01MCD,76,13th Gen Intel(R) Core(TM) i5-1340P,1307711.366667,13th Gen Intel(R) Core(TM) i5-1340P,Intel Iris Xe/集成显卡(待确认),Lenovo,Lenovo,2022-01~2023-01,699,入门级
Android,tgr-w10,71,,1305040.183333,移动SoC(待确认),ARM Mali / Adreno (待确认),Huawei,Huawei,2022-01~2025-01(估算),"150~900(USD,估算)",入门级
iOS,"iPad11,3",88,,1070469.1,A12 Bionic,Apple GPU (4-core),Apple,Apple,2019-03,499,主流级
Android,2211133c,87,"qualcomm technologies, inc kona-iot qcom",943599.8,Qualcomm Snapdragon 865,Adreno GPU,Android OEM(待确认),Android OEM(待确认),2022-01~2025-01(估算),"150~900(USD,估算)",主流级
iOS,"iPhone11,8",88,,910538.716667,A12 Bionic,Apple GPU (4-core),Apple,Apple,2018-10,749,主流级
Android,btkr-w00,71,,823067.4,移动SoC(待确认),ARM Mali / Adreno (待确认),Huawei,Huawei,2022-01~2025-01(估算),"150~900(USD,估算)",入门级
Android,talih-pd3u,75,,815809.433333,移动SoC(待确认),ARM Mali / Adreno (待确认),Huawei,Huawei,2022-01~2025-01(估算),"150~900(USD,估算)",入门级
iOS,"iPad13,16",92,,805663.716667,M1,Apple GPU (8-core),Apple,Apple,2021-05,1099,高端级
Android,dbr-w10,93,,793878.883333,移动SoC(待确认),ARM Mali / Adreno (待确认),Huawei,Huawei,2022-01~2025-01(估算),"150~900(USD,估算)",高端级
Android,tc02a,69,,747377,移动SoC(待确认),ARM Mali / Adreno (待确认),Android OEM(待确认),Android OEM(待确认),2022-01~2025-01(估算),"150~900(USD,估算)",基础级/待淘汰
Android,dby2-w00,89,,730436.233333,移动SoC(待确认),ARM Mali / Adreno (待确认),Huawei,Huawei,2022-01~2025-01(估算),"150~900(USD,估算)",主流级
Windows,83CH,50,12th Gen Intel(R) Core(TM) i5-1235U,720836.733333,12th Gen Intel(R) Core(TM) i5-1235U,Intel Iris Xe/集成显卡(待确认),Lenovo,Lenovo,2022-01~2023-01,699,基础级/待淘汰
Android,scm-w09,81,,710619.783333,移动SoC(待确认),ARM Mali / Adreno (待确认),Huawei,Huawei,2022-01~2025-01(估算),"150~900(USD,估算)",主流级
Android,bah3-w59,84,,706001.183333,移动SoC(待确认),ARM Mali / Adreno (待确认),Huawei,Huawei,2022-01~2025-01(估算),"150~900(USD,估算)",主流级
Android,mrr-w29,93,,704865.316667,移动SoC(待确认),ARM Mali / Adreno (待确认),Huawei,Huawei,2022-01~2025-01(估算),"150~900(USD,估算)",高端级
Android,talih-pd2a,75,,663155.033333,移动SoC(待确认),ARM Mali / Adreno (待确认),Huawei,Huawei,2022-01~2025-01(估算),"150~900(USD,估算)",入门级
Android,s6,89,,651693.783333,移动SoC(待确认),ARM Mali / Adreno (待确认),Android OEM(待确认),Android OEM(待确认),2022-01~2025-01(估算),"150~900(USD,估算)",主流级
Android,ags6-w00,89,,643883.666667,移动SoC(待确认),ARM Mali / Adreno (待确认),Huawei,Huawei,2022-01~2025-01(估算),"150~900(USD,估算)",主流级
iOS,"iPad13,4",92,,642684.466667,M1,Apple GPU (8-core),Apple,Apple,2021-05,799,高端级
Android,21051182c,89,,631683.066667,移动SoC(待确认),ARM Mali / Adreno (待确认),Android OEM(待确认),Android OEM(待确认),2022-01~2025-01(估算),"150~900(USD,估算)",主流级
Android,scmr-w09,84,,627951.016667,移动SoC(待确认),ARM Mali / Adreno (待确认),Huawei,Huawei,2022-01~2025-01(估算),"150~900(USD,估算)",主流级
Android,mro-w00,71,,588414.816667,移动SoC(待确认),ARM Mali / Adreno (待确认),Huawei,Huawei,2022-01~2025-01(估算),"150~900(USD,估算)",入门级
iOS,"iPad11,1",88,,587676.366667,A12 Bionic,Apple GPU (4-core),Apple,Apple,2019-03,399,主流级
Android,rk3588s_su30pro_native,71,,579230.816667,Rockchip RK3588S,ARM Mali-G610,Android OEM(待确认),Android OEM(待确认),2022-01~2025-01(估算),"150~900(USD,估算)",入门级
iOS,"iPad8,9",88,,579197.95,Apple A/M系列芯片(待细化),Apple 自研GPU,Apple,Apple,待确认,待确认,主流级
Android,bky-w20,71,,578849.183333,移动SoC(待确认),ARM Mali / Adreno (待确认),Android OEM(待确认),Android OEM(待确认),2022-01~2025-01(估算),"150~900(USD,估算)",入门级
Android,dmg-w00,69,,558865.8,移动SoC(待确认),ARM Mali / Adreno (待确认),Android OEM(待确认),Android OEM(待确认),2022-01~2025-01(估算),"150~900(USD,估算)",基础级/待淘汰
Android,ctg3,71,,518979.933333,移动SoC(待确认),ARM Mali / Adreno (待确认),Android OEM(待确认),Android OEM(待确认),2022-01~2025-01(估算),"150~900(USD,估算)",入门级
iOS,"iPhone10,2",86,,509004.466667,Apple A系列芯片(待细化),Apple 自研GPU,Apple,Apple,待确认,待确认,主流级
Android,xd-sdb21-2201,75,,503904.7,移动SoC(待确认),ARM Mali / Adreno (待确认),Android OEM(待确认),Android OEM(待确认),2022-01~2025-01(估算),"150~900(USD,估算)",入门级
Android,21a900,72,,499140.016667,移动SoC(待确认),ARM Mali / Adreno (待确认),Android OEM(待确认),Android OEM(待确认),2022-01~2025-01(估算),"150~900(USD,估算)",入门级
iOS,"iPhone11,6",88,,497071.366667,Apple A系列芯片(待细化),Apple 自研GPU,Apple,Apple,待确认,待确认,主流级
Android,ags5-w00,89,,466887.333333,移动SoC(待确认),ARM Mali / Adreno (待确认),Android OEM(待确认),Android OEM(待确认),2022-01~2025-01(估算),"150~900(USD,估算)",主流级
Android,mrx-w09,84,,460465.766667,移动SoC(待确认),ARM Mali / Adreno (待确认),Android OEM(待确认),Android OEM(待确认),2022-01~2025-01(估算),"150~900(USD,估算)",主流级
Android,xd-sdd15-2201,75,,457436.433333,移动SoC(待确认),ARM Mali / Adreno (待确认),Android OEM(待确认),Android OEM(待确认),2022-01~2025-01(估算),"150~900(USD,估算)",入门级
iOS,"iPad6,11",82,,453738.25,Apple A/M系列芯片(待细化),Apple 自研GPU,Apple,Apple,待确认,待确认,主流级
iOS,"iPhone14,2",94,,443921.25,A15 Bionic,Apple GPU (5-core),Apple,Apple,2021-09,999,高端级
Android,23073rpbfc,89,,440376.033333,移动SoC(待确认),ARM Mali / Adreno (待确认),Android OEM(待确认),Android OEM(待确认),2022-01~2025-01(估算),"150~900(USD,估算)",主流级
Android,b2,71,", rk30board",437110.9,", rk30board",ARM Mali / Adreno (待确认),Android OEM(待确认),Android OEM(待确认),2022-01~2025-01(估算),"150~900(USD,估算)",入门级
iOS,"iPad13,1",92,,435070.516667,Apple A/M系列芯片(待细化),Apple 自研GPU,Apple,Apple,待确认,待确认,高端级
Windows,HP ProBook 440 G8 Notebook PC,76,11th Gen Intel(R) Core(TM) i5-1135G7 @ 2.40GHz,434454.7,11th Gen Intel(R) Core(TM) i5-1135G7 @ 2.40GHz,Intel Iris Xe/集成显卡(待确认),HP,HP,2023-01,650,入门级
Android,bah3-w59,81,,430031.066667,移动SoC(待确认),ARM Mali / Adreno (待确认),Huawei,Huawei,2022-01~2025-01(估算),"150~900(USD,估算)",主流级
Android,xta11,72,,427188.666667,移动SoC(待确认),ARM Mali / Adreno (待确认),Android OEM(待确认),Android OEM(待确认),2022-01~2025-01(估算),"150~900(USD,估算)",入门级
Android,mrx-w29,84,,425355.8,移动SoC(待确认),ARM Mali / Adreno (待确认),Android OEM(待确认),Android OEM(待确认),2022-01~2025-01(估算),"150~900(USD,估算)",主流级
iOS,"iPhone10,3",86,,411356.566667,Apple A系列芯片(待细化),Apple 自研GPU,Apple,Apple,待确认,待确认,主流级
Android,b2,85,rockchip rk3588  rk30board,410505.516667,rockchip rk3588  rk30board,ARM Mali / Adreno (待确认),Android OEM(待确认),Android OEM(待确认),2022-01~2025-01(估算),"150~900(USD,估算)",主流级
iOS,"iPhone16,2",98,,409280.516667,A17 Pro,Apple GPU (6-core),Apple,Apple,2023-09,1199,旗舰级
Android,t1,89,,405050.616667,移动SoC(待确认),ARM Mali / Adreno (待确认),Android OEM(待确认),Android OEM(待确认),2022-01~2025-01(估算),"150~900(USD,估算)",主流级
iOS,"iPhone13,4",92,,403767.816667,A14 Bionic,Apple GPU (4-core),Apple,Apple,2020-10,1099,高端级
iOS,"iPad14,3",94,,401471.266667,Apple A/M系列芯片(待细化),Apple 自研GPU,Apple,Apple,待确认,待确认,高端级
Android,xdh-25-b3,73,,384534.633333,移动SoC(待确认),ARM Mali / Adreno (待确认),Android OEM(待确认),Android OEM(待确认),2022-01~2025-01(估算),"150~900(USD,估算)",入门级
Android,xpt21,72,,381608.2,移动SoC(待确认),ARM Mali / Adreno (待确认),Android OEM(待确认),Android OEM(待确认),2022-01~2025-01(估算),"150~900(USD,估算)",入门级
Android,talih-bk1,75,,378800,移动SoC(待确认),ARM Mali / Adreno (待确认),Huawei,Huawei,2022-01~2025-01(估算),"150~900(USD,估算)",入门级
Android,xpt11,72,,378288.2,移动SoC(待确认),ARM Mali / Adreno (待确认),Android OEM(待确认),Android OEM(待确认),2022-01~2025-01(估算),"150~900(USD,估算)",入门级
iOS,"iPad5,3",70,,371647.633333,Apple A/M系列芯片(待细化),Apple 自研GPU,Apple,Apple,待确认,待确认,入门级
Android,ums9620_se50_s30pro,71,,363125.483333,移动SoC(待确认),ARM Mali / Adreno (待确认),Android OEM(待确认),Android OEM(待确认),2022-01~2025-01(估算),"150~900(USD,估算)",入门级
Android,2405crpfdc,89,,352756.983333,移动SoC(待确认),ARM Mali / Adreno (待确认),Android OEM(待确认),Android OEM(待确认),2022-01~2025-01(估算),"150~900(USD,估算)",主流级
Android,m2105k81ac,93,,350883.333333,移动SoC(待确认),ARM Mali / Adreno (待确认),Android OEM(待确认),Android OEM(待确认),2022-01~2025-01(估算),"150~900(USD,估算)",高端级
Android,wgr-w09,88,,349818.383333,移动SoC(待确认),ARM Mali / Adreno (待确认),Android OEM(待确认),Android OEM(待确认),2022-01~2025-01(估算),"150~900(USD,估算)",主流级
Android,hey-w09,89,,346236.05,移动SoC(待确认),ARM Mali / Adreno (待确认),Android OEM(待确认),Android OEM(待确认),2022-01~2025-01(估算),"150~900(USD,估算)",主流级
Android,bky-w10,71,,345103.583333,移动SoC(待确认),ARM Mali / Adreno (待确认),Android OEM(待确认),Android OEM(待确认),2022-01~2025-01(估算),"150~900(USD,估算)",入门级
Android,a127cs,72,,340071.016667,移动SoC(待确认),ARM Mali / Adreno (待确认),Android OEM(待确认),Android OEM(待确认),2022-01~2025-01(估算),"150~900(USD,估算)",入门级
Android,talih-pd3s,75,,338974.316667,移动SoC(待确认),ARM Mali / Adreno (待确认),Huawei,Huawei,2022-01~2025-01(估算),"150~900(USD,估算)",入门级
Android,got-w09,89,,334859.65,移动SoC(待确认),ARM Mali / Adreno (待确认),Android OEM(待确认),Android OEM(待确认),2022-01~2025-01(估算),"150~900(USD,估算)",主流级
Android,bah3-w09,84,,318933.116667,移动SoC(待确认),ARM Mali / Adreno (待确认),Huawei,Huawei,2022-01~2025-01(估算),"150~900(USD,估算)",主流级
iOS,"iPhone15,2",96,,309794.1,A16 Bionic,Apple GPU (5-core),Apple,Apple,2022-09,799,旗舰级
Android,pce-w30,84,,308759.216667,移动SoC(待确认),ARM Mali / Adreno (待确认),Android OEM(待确认),Android OEM(待确认),2022-01~2025-01(估算),"150~900(USD,估算)",主流级
iOS,"iPhone14,7",94,,302337.5,A15 Bionic,Apple GPU (5-core),Apple,Apple,2022-09,699,高端级
Android,23046rp50c,93,,299779.8,移动SoC(待确认),ARM Mali / Adreno (待确认),Android OEM(待确认),Android OEM(待确认),2022-01~2025-01(估算),"150~900(USD,估算)",高端级
Android,23043rp34c,93,,295614.766667,移动SoC(待确认),ARM Mali / Adreno (待确认),Android OEM(待确认),Android OEM(待确认),2022-01~2025-01(估算),"150~900(USD,估算)",高端级
Windows,20TAA023CD,76,11th Gen Intel(R) Core(TM) i5-1135G7 @ 2.40GHz,294848.733333,11th Gen Intel(R) Core(TM) i5-1135G7 @ 2.40GHz,Intel Iris Xe/集成显卡(待确认),Lenovo,Lenovo,2022-01~2023-01,699,入门级
Android,cb-ctg2.0,68,,292203.15,移动SoC(待确认),ARM Mali / Adreno (待确认),Android OEM(待确认),Android OEM(待确认),2022-01~2025-01(估算),"150~900(USD,估算)",基础级/待淘汰
Android,hey2-w19,89,,292179.516667,移动SoC(待确认),ARM Mali / Adreno (待确认),Android OEM(待确认),Android OEM(待确认),2022-01~2025-01(估算),"150~900(USD,估算)",主流级
Android,talih-pd3p,72,,289683.3,移动SoC(待确认),ARM Mali / Adreno (待确认),Huawei,Huawei,2022-01~2025-01(估算),"150~900(USD,估算)",入门级
iOS,"iPhone15,3",96,,289284.283333,A16 Bionic,Apple GPU (5-core),Apple,Apple,2022-09,899,旗舰级
Android,21a901,72,,287648.533333,移动SoC(待确认),ARM Mali / Adreno (待确认),Android OEM(待确认),Android OEM(待确认),2022-01~2025-01(估算),"150~900(USD,估算)",入门级
Android,xpv21,72,,284801.316667,移动SoC(待确认),ARM Mali / Adreno (待确认),Android OEM(待确认),Android OEM(待确认),2022-01~2025-01(估算),"150~900(USD,估算)",入门级
Android,eln-w09,89,,279363.95,移动SoC(待确认),ARM Mali / Adreno (待确认),Android OEM(待确认),Android OEM(待确认),2022-01~2025-01(估算),"150~900(USD,估算)",主流级
iOS,"iPad8,1",88,,275144.2,Apple A/M系列芯片(待细化),Apple 自研GPU,Apple,Apple,待确认,待确认,主流级
Android,hey2-w09,89,,274621.85,移动SoC(待确认),ARM Mali / Adreno (待确认),Android OEM(待确认),Android OEM(待确认),2022-01~2025-01(估算),"150~900(USD,估算)",主流级
Android,xyao-w00,84,,271766.8,移动SoC(待确认),ARM Mali / Adreno (待确认),Android OEM(待确认),Android OEM(待确认),2022-01~2025-01(估算),"150~900(USD,估算)",主流级
Android,web-w00,71,,270567.716667,移动SoC(待确认),ARM Mali / Adreno (待确认),Android OEM(待确认),Android OEM(待确认),2022-01~2025-01(估算),"150~900(USD,估算)",入门级
Android,slg-w10,71,,270210.25,移动SoC(待确认),ARM Mali / Adreno (待确认),Android OEM(待确认),Android OEM(待确认),2022-01~2025-01(估算),"150~900(USD,估算)",入门级
Windows,82F8,76,11th Gen Intel(R) Core(TM) i5-1135G7 @ 2.40GHz,266823.166667,11th Gen Intel(R) Core(TM) i5-1135G7 @ 2.40GHz,Intel Iris Xe/集成显卡(待确认),Lenovo,Lenovo,2022-01~2023-01,699,入门级
Android,dbr-w00,89,,266487.45,移动SoC(待确认),ARM Mali / Adreno (待确认),Huawei,Huawei,2022-01~2025-01(估算),"150~900(USD,估算)",主流级
Android,rod-w09,75,,266458.933333,移动SoC(待确认),ARM Mali / Adreno (待确认),Android OEM(待确认),Android OEM(待确认),2022-01~2025-01(估算),"150~900(USD,估算)",入门级
Windows,21E3A01HCD,76,12th Gen Intel(R) Core(TM) i5-1240P,261107.15,12th Gen Intel(R) Core(TM) i5-1240P,Intel Iris Xe/集成显卡(待确认),Lenovo,Lenovo,2022-01~2023-01,699,入门级
iOS,"iPhone15,4",96,,258594.416667,A16 Bionic,Apple GPU (5-core),Apple,Apple,2023-09,799,旗舰级
Android,s8,71,,256253.216667,移动SoC(待确认),ARM Mali / Adreno (待确认),Android OEM(待确认),Android OEM(待确认),2022-01~2025-01(估算),"150~900(USD,估算)",入门级
Android,p15a,72,,255608.883333,移动SoC(待确认),ARM Mali / Adreno (待确认),Android OEM(待确认),Android OEM(待确认),2022-01~2025-01(估算),"150~900(USD,估算)",入门级
iOS,"iPhone14,3",94,,254051.566667,A15 Bionic,Apple GPU (5-core),Apple,Apple,2021-09,1099,高端级
Windows,21E3A098CD,76,12th Gen Intel(R) Core(TM) i5-1240P,248616.183333,12th Gen Intel(R) Core(TM) i5-1240P,Intel Iris Xe/集成显卡(待确认),Lenovo,Lenovo,2022-01~2023-01,699,入门级
Windows,21JK00BRCD,88,13th Gen Intel(R) Core(TM) i5-13500H,244073.9,13th Gen Intel(R) Core(TM) i5-13500H,Intel Iris Xe/集成显卡(待确认),Lenovo,Lenovo,2022-01~2023-01,699,主流级
Android,agm3-w09hn,69,,244006.916667,移动SoC(待确认),ARM Mali / Adreno (待确认),Android OEM(待确认),Android OEM(待确认),2022-01~2025-01(估算),"150~900(USD,估算)",基础级/待淘汰
Android,mrx-al09,84,,241151.35,移动SoC(待确认),ARM Mali / Adreno (待确认),Android OEM(待确认),Android OEM(待确认),2022-01~2025-01(估算),"150~900(USD,估算)",主流级
Android,2410crp4cc,89,,240521.683333,移动SoC(待确认),ARM Mali / Adreno (待确认),Android OEM(待确认),Android OEM(待确认),2022-01~2025-01(估算),"150~900(USD,估算)",主流级
Android,s5,86,,238393.95,移动SoC(待确认),ARM Mali / Adreno (待确认),Android OEM(待确认),Android OEM(待确认),2022-01~2025-01(估算),"150~900(USD,估算)",主流级
Android,zpd1201,72,,235291.433333,移动SoC(待确认),ARM Mali / Adreno (待确认),Android OEM(待确认),Android OEM(待确认),2022-01~2025-01(估算),"150~900(USD,估算)",入门级
Android,ud710_ctg30air_native,68,,232176.1,移动SoC(待确认),ARM Mali / Adreno (待确认),Android OEM(待确认),Android OEM(待确认),2022-01~2025-01(估算),"150~900(USD,估算)",基础级/待淘汰
Android,tgr-w00,69,,231661.85,移动SoC(待确认),ARM Mali / Adreno (待确认),Huawei,Huawei,2022-01~2025-01(估算),"150~900(USD,估算)",基础级/待淘汰
Android,s7,89,,229463.85,移动SoC(待确认),ARM Mali / Adreno (待确认),Android OEM(待确认),Android OEM(待确认),2022-01~2025-01(估算),"150~900(USD,估算)",主流级
Android,ags6-w10,80,,228497.45,移动SoC(待确认),ARM Mali / Adreno (待确认),Huawei,Huawei,2022-01~2025-01(估算),"150~900(USD,估算)",主流级
Android,pixel 2 xl,83,qualcomm 835,224866.816667,qualcomm 835,ARM Mali / Adreno (待确认),Android OEM(待确认),Android OEM(待确认),2022-01~2025-01(估算),"150~900(USD,估算)",主流级
MAC,"Mac16,12",89,,223982.566667,待确认,待确认,待确认,待确认,待确认,待确认,主流级
Windows,82RV,50,12th Gen Intel(R) Core(TM) i5-1235U,221540.9,12th Gen Intel(R) Core(TM) i5-1235U,Intel Iris Xe/集成显卡(待确认),Lenovo,Lenovo,2022-01~2023-01,699,基础级/待淘汰
Android,22081281ac,93,,221231.733333,移动SoC(待确认),ARM Mali / Adreno (待确认),Android OEM(待确认),Android OEM(待确认),2022-01~2025-01(估算),"150~900(USD,估算)",高端级
Android,brt-w09,75,,219943.35,移动SoC(待确认),ARM Mali / Adreno (待确认),Android OEM(待确认),Android OEM(待确认),2022-01~2025-01(估算),"150~900(USD,估算)",入门级
Android,24091rpadc,89,,213929.933333,移动SoC(待确认),ARM Mali / Adreno (待确认),Android OEM(待确认),Android OEM(待确认),2022-01~2025-01(估算),"150~900(USD,估算)",主流级
Android,got-w29,93,,212678.416667,移动SoC(待确认),ARM Mali / Adreno (待确认),Android OEM(待确认),Android OEM(待确认),2022-01~2025-01(估算),"150~900(USD,估算)",高端级
Android,b1,71,", rk30board",211030.316667,", rk30board",ARM Mali / Adreno (待确认),Android OEM(待确认),Android OEM(待确认),2022-01~2025-01(估算),"150~900(USD,估算)",入门级
Android,pixel 3a xl,79,qualcomm 670,209238.533333,qualcomm 670,ARM Mali / Adreno (待确认),Android OEM(待确认),Android OEM(待确认),2022-01~2025-01(估算),"150~900(USD,估算)",入门级
iOS,"iPhone17,1",100,,208157.75,A18 Pro,Apple GPU (6-core),Apple,Apple,2024-09,1199,旗舰级
iOS,"iPhone16,1",98,,205708,A17 Pro,Apple GPU (6-core),Apple,Apple,2023-09,999,旗舰级
Android,k69v1_64_k419,72,"MT6769, mt6768",204049.966667,"MT6769, mt6768",ARM Mali / Adreno (待确认),Android OEM(待确认),Android OEM(待确认),2022-01~2025-01(估算),"150~900(USD,估算)",入门级
MAC,"MacBookAir10,1",85,,197809.15,待确认,待确认,待确认,待确认,待确认,待确认,主流级
iOS,"iPhone17,2",100,,196780.033333,A18 Pro,Apple GPU (6-core),Apple,Apple,2024-09,999,旗舰级
iOS,"iPhone10,1",86,,194326.55,Apple A系列芯片(待细化),Apple 自研GPU,Apple,Apple,待确认,待确认,主流级
iOS,"iPhone9,2",84,,191767.466667,Apple A系列芯片(待细化),Apple 自研GPU,Apple,Apple,待确认,待确认,主流级
iOS,"iPad13,18",92,,190837.216667,Apple A/M系列芯片(待细化),Apple 自研GPU,Apple,Apple,待确认,待确认,高端级
Android,funbook c1,69,,187537.683333,移动SoC(待确认),ARM Mali / Adreno (待确认),Android OEM(待确认),Android OEM(待确认),2022-01~2025-01(估算),"150~900(USD,估算)",基础级/待淘汰
Windows,21E3A0BHCD,76,12th Gen Intel(R) Core(TM) i5-1240P,185776.016667,12th Gen Intel(R) Core(TM) i5-1240P,Intel Iris Xe/集成显卡(待确认),Lenovo,Lenovo,2022-01~2023-01,699,入门级
Android,wgrr-w19,88,,184890.15,移动SoC(待确认),ARM Mali / Adreno (待确认),Android OEM(待确认),Android OEM(待确认),2022-01~2025-01(估算),"150~900(USD,估算)",主流级
Android,kjr-w09,84,,181445.683333,移动SoC(待确认),ARM Mali / Adreno (待确认),Android OEM(待确认),Android OEM(待确认),2022-01~2025-01(估算),"150~900(USD,估算)",主流级
iOS,"iPad15,7",66,,180196.233333,Apple A/M系列芯片(待细化),Apple 自研GPU,Apple,Apple,待确认,待确认,基础级/待淘汰
Android,bah4-w39,80,,179710.583333,移动SoC(待确认),ARM Mali / Adreno (待确认),Android OEM(待确认),Android OEM(待确认),2022-01~2025-01(估算),"150~900(USD,估算)",主流级
Android,c210cs,72,,179662.316667,移动SoC(待确认),ARM Mali / Adreno (待确认),Android OEM(待确认),Android OEM(待确认),2022-01~2025-01(估算),"150~900(USD,估算)",入门级
Android,22011211c,75,"MT8395AV/ZA, mt8395",174462.266667,"MT8395AV/ZA, mt8395",ARM Mali / Adreno (待确认),Android OEM(待确认),Android OEM(待确认),2022-01~2025-01(估算),"150~900(USD,估算)",入门级
Android,lenovo tb-j606f,85,,174095.966667,移动SoC(待确认),ARM Mali / Adreno (待确认),Android OEM(待确认),Android OEM(待确认),2022-01~2025-01(估算),"150~900(USD,估算)",主流级
Android,wgrr-w09,88,,173653.816667,移动SoC(待确认),ARM Mali / Adreno (待确认),Android OEM(待确认),Android OEM(待确认),2022-01~2025-01(估算),"150~900(USD,估算)",主流级
iOS,"iPhone11,2",88,,170464.35,Apple A系列芯片(待细化),Apple 自研GPU,Apple,Apple,待确认,待确认,主流级
iOS,"iPhone17,3",100,,169847.516667,A18,Apple GPU (5-core),Apple,Apple,2024-09,799,旗舰级
Android,bah2-w09,80,kirin 659,169218.8,kirin 659,ARM Mali / Adreno (待确认),Android OEM(待确认),Android OEM(待确认),2022-01~2025-01(估算),"150~900(USD,估算)",主流级
Android,talih-pd3u2,75,,168915.8,移动SoC(待确认),ARM Mali / Adreno (待确认),Huawei,Huawei,2022-01~2025-01(估算),"150~900(USD,估算)",入门级
iOS,"iPhone12,5",90,,168912.583333,A13 Bionic,Apple GPU (4-core),Apple,Apple,2019-09,1099,高端级
Android,ud710_ck10air_native,68,,165743.083333,移动SoC(待确认),ARM Mali / Adreno (待确认),Android OEM(待确认),Android OEM(待确认),2022-01~2025-01(估算),"150~900(USD,估算)",基础级/待淘汰
Android,24018rpacc,93,,164204.716667,移动SoC(待确认),ARM Mali / Adreno (待确认),Android OEM(待确认),Android OEM(待确认),2022-01~2025-01(估算),"150~900(USD,估算)",高端级
Android,zpd1272,72,,163375.366667,移动SoC(待确认),ARM Mali / Adreno (待确认),Android OEM(待确认),Android OEM(待确认),2022-01~2025-01(估算),"150~900(USD,估算)",入门级
Android,bah4-w29,80,,162673.933333,移动SoC(待确认),ARM Mali / Adreno (待确认),Android OEM(待确认),Android OEM(待确认),2022-01~2025-01(估算),"150~900(USD,估算)",主流级
Android,gdi-w09,89,,162079.416667,移动SoC(待确认),ARM Mali / Adreno (待确认),Android OEM(待确认),Android OEM(待确认),2022-01~2025-01(估算),"150~900(USD,估算)",主流级
Android,24094rad4c,81,mediatek 7020,161121.016667,mediatek 7020,ARM Mali / Adreno (待确认),Android OEM(待确认),Android OEM(待确认),2022-01~2025-01(估算),"150~900(USD,估算)",主流级
Android,ums9620_ck10_native,71,,159217.316667,移动SoC(待确认),ARM Mali / Adreno (待确认),Android OEM(待确认),Android OEM(待确认),2022-01~2025-01(估算),"150~900(USD,估算)",入门级
Windows,83GX,78,Intel(R) Core(TM) 5 210H,157446.35,Intel(R) Core(TM) 5 210H,Intel Iris Xe/集成显卡(待确认),Lenovo,Lenovo,2022-01~2023-01,699,入门级
Android,ags3-w00e,77,,155926.6,移动SoC(待确认),ARM Mali / Adreno (待确认),Android OEM(待确认),Android OEM(待确认),2022-01~2025-01(估算),"150~900(USD,估算)",入门级
Android,ud710_sa30pro_native,68,,154775.95,移动SoC(待确认),ARM Mali / Adreno (待确认),Android OEM(待确认),Android OEM(待确认),2022-01~2025-01(估算),"150~900(USD,估算)",基础级/待淘汰
Android,pixel 3a xl,65,Qualcomm 670,153636.2,Qualcomm 670,ARM Mali / Adreno (待确认),Android OEM(待确认),Android OEM(待确认),2022-01~2025-01(估算),"150~900(USD,估算)",基础级/待淘汰
Android,zpd1202,72,,153055.883333,移动SoC(待确认),ARM Mali / Adreno (待确认),Android OEM(待确认),Android OEM(待确认),2022-01~2025-01(估算),"150~900(USD,估算)",入门级
Android,xd-sdb21-2301,68,,150347.633333,移动SoC(待确认),ARM Mali / Adreno (待确认),Android OEM(待确认),Android OEM(待确认),2022-01~2025-01(估算),"150~900(USD,估算)",基础级/待淘汰
iOS,"iPhone14,5",-1,,150167.366667,A15 Bionic,Apple GPU (5-core),Apple,Apple,2022-09,799,待确认配置
Android,a127ch,72,,149881.433333,移动SoC(待确认),ARM Mali / Adreno (待确认),Android OEM(待确认),Android OEM(待确认),2022-01~2025-01(估算),"150~900(USD,估算)",入门级
Android,ud710_sa30_native,68,,147633.9,移动SoC(待确认),ARM Mali / Adreno (待确认),Android OEM(待确认),Android OEM(待确认),2022-01~2025-01(估算),"150~900(USD,估算)",基础级/待淘汰
Android,aln-al00,90,,147512.2,移动SoC(待确认),ARM Mali / Adreno (待确认),Android OEM(待确认),Android OEM(待确认),2022-01~2025-01(估算),"150~900(USD,估算)",高端级
iOS,"iPhone12,8",90,,145769.783333,A13 Bionic,Apple GPU (4-core),Apple,Apple,2020-04,399,高端级
Windows,20TAA00FCD,76,11th Gen Intel(R) Core(TM) i5-1135G7 @ 2.40GHz,144651.416667,11th Gen Intel(R) Core(TM) i5-1135G7 @ 2.40GHz,Intel Iris Xe/集成显卡(待确认),Lenovo,Lenovo,2022-01~2023-01,699,入门级
Android,b127ch,72,,143546.1,移动SoC(待确认),ARM Mali / Adreno (待确认),Android OEM(待确认),Android OEM(待确认),2022-01~2025-01(估算),"150~900(USD,估算)",入门级
Android,krj-w09,84,,143373.45,移动SoC(待确认),ARM Mali / Adreno (待确认),Android OEM(待确认),Android OEM(待确认),2022-01~2025-01(估算),"150~900(USD,估算)",主流级
Android,rod2-w09,89,,142165.1,移动SoC(待确认),ARM Mali / Adreno (待确认),Android OEM(待确认),Android OEM(待确认),2022-01~2025-01(估算),"150~900(USD,估算)",主流级
Android,tb331fc,89,,140890.216667,移动SoC(待确认),ARM Mali / Adreno (待确认),Android OEM(待确认),Android OEM(待确认),2022-01~2025-01(估算),"150~900(USD,估算)",主流级
iOS,"iPad8,11",88,,140491.116667,Apple A/M系列芯片(待细化),Apple 自研GPU,Apple,Apple,待确认,待确认,主流级
iOS,"iPad13,8",92,,138047.416667,Apple A/M系列芯片(待细化),Apple 自研GPU,Apple,Apple,待确认,待确认,高端级
Android,b127cm,72,,136620.116667,移动SoC(待确认),ARM Mali / Adreno (待确认),Android OEM(待确认),Android OEM(待确认),2022-01~2025-01(估算),"150~900(USD,估算)",入门级
iOS,"iPhone13,3",92,,136573.716667,A14 Bionic,Apple GPU (4-core),Apple,Apple,2020-10,999,高端级
Android,scm-al09,81,,136246.516667,移动SoC(待确认),ARM Mali / Adreno (待确认),Huawei,Huawei,2022-01~2025-01(估算),"150~900(USD,估算)",主流级
Android,x3,68,,135583.783333,移动SoC(待确认),ARM Mali / Adreno (待确认),Android OEM(待确认),Android OEM(待确认),2022-01~2025-01(估算),"150~900(USD,估算)",基础级/待淘汰
Android,ndl-w09,89,,132369.216667,移动SoC(待确认),ARM Mali / Adreno (待确认),Android OEM(待确认),Android OEM(待确认),2022-01~2025-01(估算),"150~900(USD,估算)",主流级
Android,21091116ac,80,mediatek 6020,132137.8,mediatek 6020,ARM Mali / Adreno (待确认),Android OEM(待确认),Android OEM(待确认),2022-01~2025-01(估算),"150~900(USD,估算)",主流级
Windows,HP Laptop 14s-cr2xxx,70,Intel(R) Core(TM) i7-10510U CPU @ 1.80GHz,130354.8,Intel(R) Core(TM) i7-10510U CPU @ 1.80GHz,Intel Iris Xe/集成显卡(待确认),HP,HP,2023-01,650,入门级
Android,m2105k81ac,75,,130143.85,移动SoC(待确认),ARM Mali / Adreno (待确认),Android OEM(待确认),Android OEM(待确认),2022-01~2025-01(估算),"150~900(USD,估算)",入门级
iOS,"iPad5,1",70,,130061.466667,Apple A/M系列芯片(待细化),Apple 自研GPU,Apple,Apple,待确认,待确认,入门级
iOS,"iPad6,3",82,,129679.8,Apple A/M系列芯片(待细化),Apple 自研GPU,Apple,Apple,待确认,待确认,主流级
Android,22081283c,75,,128450.783333,移动SoC(待确认),ARM Mali / Adreno (待确认),Android OEM(待确认),Android OEM(待确认),2022-01~2025-01(估算),"150~900(USD,估算)",入门级
iOS,"iPad15,3",66,,127616.916667,Apple A/M系列芯片(待细化),Apple 自研GPU,Apple,Apple,待确认,待确认,基础级/待淘汰
MAC,"Mac15,12",85,,127579.916667,待确认,待确认,待确认,待确认,待确认,待确认,主流级
Android,lrt-w30,71,,124720.216667,移动SoC(待确认),ARM Mali / Adreno (待确认),Android OEM(待确认),Android OEM(待确认),2022-01~2025-01(估算),"150~900(USD,估算)",入门级
Android,ele-al00,86,kirin 980,120364.45,kirin 980,ARM Mali / Adreno (待确认),Android OEM(待确认),Android OEM(待确认),2022-01~2025-01(估算),"150~900(USD,估算)",主流级
Android,xd-sdb21-2302,71,,120320.883333,移动SoC(待确认),ARM Mali / Adreno (待确认),Android OEM(待确认),Android OEM(待确认),2022-01~2025-01(估算),"150~900(USD,估算)",入门级
Android,y1,89,,117623.966667,移动SoC(待确认),ARM Mali / Adreno (待确认),Android OEM(待确认),Android OEM(待确认),2022-01~2025-01(估算),"150~900(USD,估算)",主流级
Android,alt-al10,84,,116230.266667,移动SoC(待确认),ARM Mali / Adreno (待确认),Android OEM(待确认),Android OEM(待确认),2022-01~2025-01(估算),"150~900(USD,估算)",主流级
Android,a7,68,,116181.383333,移动SoC(待确认),ARM Mali / Adreno (待确认),Android OEM(待确认),Android OEM(待确认),2022-01~2025-01(估算),"150~900(USD,估算)",基础级/待淘汰
Android,hey3-w10,89,,115702.183333,移动SoC(待确认),ARM Mali / Adreno (待确认),Android OEM(待确认),Android OEM(待确认),2022-01~2025-01(估算),"150~900(USD,估算)",主流级
iOS,"iPhone18,2",-1,,115013.316667,Apple A系列芯片(待细化),Apple 自研GPU,Apple,Apple,待确认,待确认,待确认配置
iOS,"iPhone17,1",-1,,114946.65,A18 Pro,Apple GPU (6-core),Apple,Apple,2024-09,1199,待确认配置
iOS,"iPad6,7",82,,114722.45,Apple A/M系列芯片(待细化),Apple 自研GPU,Apple,Apple,待确认,待确认,主流级
Android,m2004j19c,74,helio p65,114715.483333,MediaTek Helio P65,ARM Mali-G52,Android OEM(待确认),Android OEM(待确认),2022-01~2025-01(估算),"150~900(USD,估算)",入门级
Windows,B365M D2V,78,Intel(R) Core(TM) i5-9400 CPU @ 2.90GHz,112227.083333,Intel(R) Core(TM) i5-9400 CPU @ 2.90GHz,Intel Iris Xe/集成显卡(待确认),PC OEM(待确认),PC OEM(待确认),待确认,待确认,入门级
Android,bah4-w19,89,,111962.666667,移动SoC(待确认),ARM Mali / Adreno (待确认),Android OEM(待确认),Android OEM(待确认),2022-01~2025-01(估算),"150~900(USD,估算)",主流级
Android,zpd1203,72,,111500.3,移动SoC(待确认),ARM Mali / Adreno (待确认),Android OEM(待确认),Android OEM(待确认),2022-01~2025-01(估算),"150~900(USD,估算)",入门级
Android,xpv11,72,,111428.583333,移动SoC(待确认),ARM Mali / Adreno (待确认),Android OEM(待确认),Android OEM(待确认),2022-01~2025-01(估算),"150~900(USD,估算)",入门级
Android,b1,85,rockchip rk3588  rk30board,110799.883333,rockchip rk3588  rk30board,ARM Mali / Adreno (待确认),Android OEM(待确认),Android OEM(待确认),2022-01~2025-01(估算),"150~900(USD,估算)",主流级
iOS,"iPad7,12",84,,110067.566667,Apple A/M系列芯片(待细化),Apple 自研GPU,Apple,Apple,待确认,待确认,主流级
Android,cb-x2,65,,109026.283333,移动SoC(待确认),ARM Mali / Adreno (待确认),Android OEM(待确认),Android OEM(待确认),2022-01~2025-01(估算),"150~900(USD,估算)",基础级/待淘汰
Android,bky-w00,71,,109025,移动SoC(待确认),ARM Mali / Adreno (待确认),Android OEM(待确认),Android OEM(待确认),2022-01~2025-01(估算),"150~900(USD,估算)",入门级
Android,d1,75,,108613.583333,移动SoC(待确认),ARM Mali / Adreno (待确认),Android OEM(待确认),Android OEM(待确认),2022-01~2025-01(估算),"150~900(USD,估算)",入门级
Android,opd2301,75,,108358.25,移动SoC(待确认),ARM Mali / Adreno (待确认),Android OEM(待确认),Android OEM(待确认),2022-01~2025-01(估算),"150~900(USD,估算)",入门级
Android,m2007j22c,76,mediatek 720,107984.166667,mediatek 720,ARM Mali / Adreno (待确认),Android OEM(待确认),Android OEM(待确认),2022-01~2025-01(估算),"150~900(USD,估算)",入门级
Android,tb375fc,79,,106467.45,移动SoC(待确认),ARM Mali / Adreno (待确认),Android OEM(待确认),Android OEM(待确认),2022-01~2025-01(估算),"150~900(USD,估算)",入门级
Android,sm-g9730,84,Exynos 9820,105294.416667,Exynos 9820,ARM Mali / Adreno (待确认),Samsung,Samsung,2022-01~2025-01(估算),"150~900(USD,估算)",主流级
Windows,FLMH-XX,76,Intel(R) Core(TM) Ultra 5 125H,102616.783333,Intel(R) Core(TM) Ultra 5 125H,Intel Iris Xe/集成显卡(待确认),PC OEM(待确认),PC OEM(待确认),待确认,待确认,入门级
Android,22127rk46c,81,xiaomi 22127rk46c  rk30board,101997.533333,xiaomi 22127rk46c  rk30board,ARM Mali / Adreno (待确认),Android OEM(待确认),Android OEM(待确认),2022-01~2025-01(估算),"150~900(USD,估算)",主流级
iOS,"iPhone12,1",-1,,101060.783333,A13 Bionic,Apple GPU (4-core),Apple,Apple,2019-09,699,待确认配置
Android,s5 pro,86,,99615.316667,移动SoC(待确认),ARM Mali / Adreno (待确认),Android OEM(待确认),Android OEM(待确认),2022-01~2025-01(估算),"150~900(USD,估算)",主流级
iOS,"iPhone18,1",-1,,99584.466667,Apple A系列芯片(待细化),Apple 自研GPU,Apple,Apple,待确认,待确认,待确认配置
Android,2307brpdcc,93,,99440.45,移动SoC(待确认),ARM Mali / Adreno (待确认),Android OEM(待确认),Android OEM(待确认),2022-01~2025-01(估算),"150~900(USD,估算)",高端级
iOS,"iPhone15,2",-1,,99177.5,A16 Bionic,Apple GPU (5-core),Apple,Apple,2022-09,799,待确认配置
iOS,"iPad7,3",84,,98845.666667,Apple A/M系列芯片(待细化),Apple 自研GPU,Apple,Apple,待确认,待确认,主流级
iOS,"iPhone15,4",-1,,98492.25,A16 Bionic,Apple GPU (5-core),Apple,Apple,2023-09,799,待确认配置
Android,opd2101,93,,98245.183333,移动SoC(待确认),ARM Mali / Adreno (待确认),Android OEM(待确认),Android OEM(待确认),2022-01~2025-01(估算),"150~900(USD,估算)",高端级
MAC,"Mac14,2",85,,97988.983333,待确认,待确认,待确认,待确认,待确认,待确认,主流级
iOS,"iPhone15,3",-1,,97772.583333,A16 Bionic,Apple GPU (5-core),Apple,Apple,2022-09,899,待确认配置
Android,zpd1321,72,,97378.266667,移动SoC(待确认),ARM Mali / Adreno (待确认),Android OEM(待确认),Android OEM(待确认),2022-01~2025-01(估算),"150~900(USD,估算)",入门级
iOS,"iPhone16,1",-1,,96371.366667,A17 Pro,Apple GPU (6-core),Apple,Apple,2023-09,999,待确认配置
Android,mrx-an19,84,,96040.283333,移动SoC(待确认),ARM Mali / Adreno (待确认),Android OEM(待确认),Android OEM(待确认),2022-01~2025-01(估算),"150~900(USD,估算)",主流级
Android,hey-w09,86,,96001.233333,移动SoC(待确认),ARM Mali / Adreno (待确认),Android OEM(待确认),Android OEM(待确认),2022-01~2025-01(估算),"150~900(USD,估算)",主流级
iOS,"iPhone9,1",84,,95753.916667,Apple A系列芯片(待细化),Apple 自研GPU,Apple,Apple,待确认,待确认,主流级
Android,ali-an00,83,qualcomm 6 Gen 1,94372.166667,qualcomm 6 Gen 1,ARM Mali / Adreno (待确认),Android OEM(待确认),Android OEM(待确认),2022-01~2025-01(估算),"150~900(USD,估算)",主流级
Android,zpd1273,72,,94096.066667,移动SoC(待确认),ARM Mali / Adreno (待确认),Android OEM(待确认),Android OEM(待确认),2022-01~2025-01(估算),"150~900(USD,估算)",入门级
Android,hbn-al00,71,,94087.416667,移动SoC(待确认),ARM Mali / Adreno (待确认),Android OEM(待确认),Android OEM(待确认),2022-01~2025-01(估算),"150~900(USD,估算)",入门级
Android,ta431a,71,,94030.916667,移动SoC(待确认),ARM Mali / Adreno (待确认),Android OEM(待确认),Android OEM(待确认),2022-01~2025-01(估算),"150~900(USD,估算)",入门级
Android,tb128fu,89,,92273.033333,移动SoC(待确认),ARM Mali / Adreno (待确认),Android OEM(待确认),Android OEM(待确认),2022-01~2025-01(估算),"150~900(USD,估算)",主流级
iOS,"iPhone13,2",-1,,92186.933333,A14 Bionic,Apple GPU (4-core),Apple,Apple,2020-10,799,待确认配置
Android,mi 10,89,", qcom",91882.966667,", qcom",ARM Mali / Adreno (待确认),Android OEM(待确认),Android OEM(待确认),2022-01~2025-01(估算),"150~900(USD,估算)",主流级
Android,eln2-w09,89,,89830.1,移动SoC(待确认),ARM Mali / Adreno (待确认),Android OEM(待确认),Android OEM(待确认),2022-01~2025-01(估算),"150~900(USD,估算)",主流级
iOS,"iPhone12,3",90,,89151.816667,A13 Bionic,Apple GPU (4-core),Apple,Apple,2019-09,999,高端级
iOS,"iPad14,5",94,,88830.516667,Apple A/M系列芯片(待细化),Apple 自研GPU,Apple,Apple,待确认,待确认,高端级
Android,noh-an00,88,,86288.066667,移动SoC(待确认),ARM Mali / Adreno (待确认),Android OEM(待确认),Android OEM(待确认),2022-01~2025-01(估算),"150~900(USD,估算)",主流级
Android,a6,68,,85895.333333,移动SoC(待确认),ARM Mali / Adreno (待确认),Android OEM(待确认),Android OEM(待确认),2022-01~2025-01(估算),"150~900(USD,估算)",基础级/待淘汰
Android,xd-sdd15-2201,73,,85824.016667,移动SoC(待确认),ARM Mali / Adreno (待确认),Android OEM(待确认),Android OEM(待确认),2022-01~2025-01(估算),"150~900(USD,估算)",入门级
Android,ums9620_ca30pro_native,71,,85117.733333,移动SoC(待确认),ARM Mali / Adreno (待确认),Android OEM(待确认),Android OEM(待确认),2022-01~2025-01(估算),"150~900(USD,估算)",入门级
iOS,"iPhone18,3",-1,,85071.833333,Apple A系列芯片(待细化),Apple 自研GPU,Apple,Apple,待确认,待确认,待确认配置
Android,tas-an00,88,kirin 990,85013.183333,kirin 990,ARM Mali / Adreno (待确认),Android OEM(待确认),Android OEM(待确认),2022-01~2025-01(估算),"150~900(USD,估算)",主流级
Android,talih-pde1,72,,84432.933333,移动SoC(待确认),ARM Mali / Adreno (待确认),Huawei,Huawei,2022-01~2025-01(估算),"150~900(USD,估算)",入门级
Android,s9,71,,83952.833333,移动SoC(待确认),ARM Mali / Adreno (待确认),Android OEM(待确认),Android OEM(待确认),2022-01~2025-01(估算),"150~900(USD,估算)",入门级
Android,tas-an00,84,,83928.05,移动SoC(待确认),ARM Mali / Adreno (待确认),Android OEM(待确认),Android OEM(待确认),2022-01~2025-01(估算),"150~900(USD,估算)",主流级
Android,zpd1401,72,,83329.7,移动SoC(待确认),ARM Mali / Adreno (待确认),Android OEM(待确认),Android OEM(待确认),2022-01~2025-01(估算),"150~900(USD,估算)",入门级
Android,22127rk46c,71,", rk30board",82735.633333,", rk30board",ARM Mali / Adreno (待确认),Android OEM(待确认),Android OEM(待确认),2022-01~2025-01(估算),"150~900(USD,估算)",入门级
iOS,"iPhone14,3",-1,,81151.6,A15 Bionic,Apple GPU (5-core),Apple,Apple,2021-09,1099,待确认配置
iOS,"iPhone16,2",-1,,80880.35,A17 Pro,Apple GPU (6-core),Apple,Apple,2023-09,1199,待确认配置
Android,bah3-al00,84,,80581.9,移动SoC(待确认),ARM Mali / Adreno (待确认),Huawei,Huawei,2022-01~2025-01(估算),"150~900(USD,估算)",主流级
Android,lrt-w20,71,,80279.733333,移动SoC(待确认),ARM Mali / Adreno (待确认),Android OEM(待确认),Android OEM(待确认),2022-01~2025-01(估算),"150~900(USD,估算)",入门级
Android,rod-w19,75,,79951.2,移动SoC(待确认),ARM Mali / Adreno (待确认),Android OEM(待确认),Android OEM(待确认),2022-01~2025-01(估算),"150~900(USD,估算)",入门级
Android,redmi k30 5g,86,"qti sm7250 qualcomm technologies, inc sm7250 qcom",79945.6,"qti sm7250 qualcomm technologies, inc sm7250 qcom",ARM Mali / Adreno (待确认),Android OEM(待确认),Android OEM(待确认),2022-01~2025-01(估算),"150~900(USD,估算)",主流级
iOS,"iPad14,1",94,,79637.866667,Apple A/M系列芯片(待细化),Apple 自研GPU,Apple,Apple,待确认,待确认,高端级
Android,hey3-w00,89,,79191.066667,移动SoC(待确认),ARM Mali / Adreno (待确认),Android OEM(待确认),Android OEM(待确认),2022-01~2025-01(估算),"150~900(USD,估算)",主流级
iOS,"iPad14,8",94,,79104.233333,Apple A/M系列芯片(待细化),Apple 自研GPU,Apple,Apple,待确认,待确认,高端级
Windows,83CK,84,13th Gen Intel(R) Core(TM) i5-13420H,78827.433333,13th Gen Intel(R) Core(TM) i5-13420H,Intel Iris Xe/集成显卡(待确认),Lenovo,Lenovo,2022-01~2023-01,699,主流级
MAC,"MacBookPro17,1",85,,78392.416667,待确认,待确认,待确认,待确认,待确认,待确认,主流级
Android,tb371fc,93,,77499.266667,移动SoC(待确认),ARM Mali / Adreno (待确认),Android OEM(待确认),Android OEM(待确认),2022-01~2025-01(估算),"150~900(USD,估算)",高端级
Android,2312draabc,80,mediatek 810,76169.016667,mediatek 810,ARM Mali / Adreno (待确认),Android OEM(待确认),Android OEM(待确认),2022-01~2025-01(估算),"150~900(USD,估算)",主流级
Android,zpd1271,72,,75521.466667,移动SoC(待确认),ARM Mali / Adreno (待确认),Android OEM(待确认),Android OEM(待确认),2022-01~2025-01(估算),"150~900(USD,估算)",入门级
Windows,21HW,88,13th Gen Intel(R) Core(TM) i5-13500H,75405.766667,13th Gen Intel(R) Core(TM) i5-13500H,Intel Iris Xe/集成显卡(待确认),Lenovo,Lenovo,2022-01~2023-01,699,主流级
Android,ali-an00,89,,74380.266667,移动SoC(待确认),ARM Mali / Adreno (待确认),Android OEM(待确认),Android OEM(待确认),2022-01~2025-01(估算),"150~900(USD,估算)",主流级
Android,bra-al00,90,,74365.766667,移动SoC(待确认),ARM Mali / Adreno (待确认),Android OEM(待确认),Android OEM(待确认),2022-01~2025-01(估算),"150~900(USD,估算)",高端级
Android,23127pn0cc,93,,74177.216667,移动SoC(待确认),ARM Mali / Adreno (待确认),Android OEM(待确认),Android OEM(待确认),2022-01~2025-01(估算),"150~900(USD,估算)",高端级
Android,s7u,71,,73945.983333,移动SoC(待确认),ARM Mali / Adreno (待确认),Android OEM(待确认),Android OEM(待确认),2022-01~2025-01(估算),"150~900(USD,估算)",入门级
Android,w202ds,71,,73857.083333,移动SoC(待确认),ARM Mali / Adreno (待确认),Android OEM(待确认),Android OEM(待确认),2022-01~2025-01(估算),"150~900(USD,估算)",入门级
Android,pa2170,93,,73721.866667,移动SoC(待确认),ARM Mali / Adreno (待确认),Android OEM(待确认),Android OEM(待确认),2022-01~2025-01(估算),"150~900(USD,估算)",高端级
Android,bah4-w09,80,,73224.533333,移动SoC(待确认),ARM Mali / Adreno (待确认),Android OEM(待确认),Android OEM(待确认),2022-01~2025-01(估算),"150~900(USD,估算)",主流级
iOS,"iPhone17,2",-1,,72380.55,A18 Pro,Apple GPU (6-core),Apple,Apple,2024-09,999,待确认配置
Windows,Latitude 3420,64,11th Gen Intel(R) Core(TM) i5-1135G7 @ 2.40GHz,72364.766667,11th Gen Intel(R) Core(TM) i5-1135G7 @ 2.40GHz,Intel Iris Xe/集成显卡(待确认),PC OEM(待确认),PC OEM(待确认),待确认,待确认,基础级/待淘汰
Android,dco-al00,93,,72198.3,移动SoC(待确认),ARM Mali / Adreno (待确认),Android OEM(待确认),Android OEM(待确认),2022-01~2025-01(估算),"150~900(USD,估算)",高端级
Android,22081283c,73,,71710.683333,移动SoC(待确认),ARM Mali / Adreno (待确认),Android OEM(待确认),Android OEM(待确认),2022-01~2025-01(估算),"150~900(USD,估算)",入门级
Android,pa2353,93,,71368.983333,移动SoC(待确认),ARM Mali / Adreno (待确认),Android OEM(待确认),Android OEM(待确认),2022-01~2025-01(估算),"150~900(USD,估算)",高端级
Android,aln-al80,90,,70899.1,移动SoC(待确认),ARM Mali / Adreno (待确认),Android OEM(待确认),Android OEM(待确认),2022-01~2025-01(估算),"150~900(USD,估算)",高端级
Windows,21E30071CD,76,12th Gen Intel(R) Core(TM) i5-1240P,70881.066667,12th Gen Intel(R) Core(TM) i5-1240P,Intel Iris Xe/集成显卡(待确认),Lenovo,Lenovo,2022-01~2023-01,699,入门级
Android,c210ch,72,,70713.683333,移动SoC(待确认),ARM Mali / Adreno (待确认),Android OEM(待确认),Android OEM(待确认),2022-01~2025-01(估算),"150~900(USD,估算)",入门级
Android,xd-sdd16-2201,75,,70505.816667,移动SoC(待确认),ARM Mali / Adreno (待确认),Android OEM(待确认),Android OEM(待确认),2022-01~2025-01(估算),"150~900(USD,估算)",入门级
Android,els-an00,84,,69870.283333,移动SoC(待确认),ARM Mali / Adreno (待确认),Android OEM(待确认),Android OEM(待确认),2022-01~2025-01(估算),"150~900(USD,估算)",主流级
Android,ags3k-w20,77,,69577.583333,移动SoC(待确认),ARM Mali / Adreno (待确认),Android OEM(待确认),Android OEM(待确认),2022-01~2025-01(估算),"150~900(USD,估算)",入门级
iOS,"iPhone14,7",-1,,68936.966667,A15 Bionic,Apple GPU (5-core),Apple,Apple,2022-09,699,待确认配置
Android,blm-00,77,,68513.4,移动SoC(待确认),ARM Mali / Adreno (待确认),Android OEM(待确认),Android OEM(待确认),2022-01~2025-01(估算),"150~900(USD,估算)",入门级
Android,zpd1221,72,,67686.616667,移动SoC(待确认),ARM Mali / Adreno (待确认),Android OEM(待确认),Android OEM(待确认),2022-01~2025-01(估算),"150~900(USD,估算)",入门级
Windows,ChengMing 3991,94,Intel(R) Core(TM) i7-10700 CPU @ 2.90GHz,67674.166667,Intel(R) Core(TM) i7-10700 CPU @ 2.90GHz,Intel Iris Xe/集成显卡(待确认),PC OEM(待确认),PC OEM(待确认),待确认,待确认,高端级
Android,ags3-w00d,77,,67455.25,移动SoC(待确认),ARM Mali / Adreno (待确认),Android OEM(待确认),Android OEM(待确认),2022-01~2025-01(估算),"150~900(USD,估算)",入门级
iOS,"iPhone8,1",82,,67403.75,Apple A系列芯片(待细化),Apple 自研GPU,Apple,Apple,待确认,待确认,主流级
Android,krj2-w09,75,,67256.766667,移动SoC(待确认),ARM Mali / Adreno (待确认),Android OEM(待确认),Android OEM(待确认),2022-01~2025-01(估算),"150~900(USD,估算)",入门级
Android,23127pn0cc,96,qualcomm 8 Gen 3,66977.716667,Qualcomm Snapdragon 8 Gen 3,Adreno GPU,Android OEM(待确认),Android OEM(待确认),2022-01~2025-01(估算),"150~900(USD,估算)",旗舰级
Android,pa2373,75,,66894.216667,移动SoC(待确认),ARM Mali / Adreno (待确认),Android OEM(待确认),Android OEM(待确认),2022-01~2025-01(估算),"150~900(USD,估算)",入门级
Android,pixel 2 xl,68,Qualcomm 835,66383.266667,Qualcomm 835,ARM Mali / Adreno (待确认),Android OEM(待确认),Android OEM(待确认),2022-01~2025-01(估算),"150~900(USD,估算)",基础级/待淘汰
Android,slg-w50,69,,66366.216667,移动SoC(待确认),ARM Mali / Adreno (待确认),Android OEM(待确认),Android OEM(待确认),2022-01~2025-01(估算),"150~900(USD,估算)",基础级/待淘汰
Android,cb30,68,,66206.2,移动SoC(待确认),ARM Mali / Adreno (待确认),Android OEM(待确认),Android OEM(待确认),2022-01~2025-01(估算),"150~900(USD,估算)",基础级/待淘汰
Android,redmi k30 5g,86,"qualcomm technologies, inc sm7250 qcom",65851.416667,"qualcomm technologies, inc sm7250 qcom",ARM Mali / Adreno (待确认),Android OEM(待确认),Android OEM(待确认),2022-01~2025-01(估算),"150~900(USD,估算)",主流级
Windows,83CK,78,13th Gen Intel(R) Core(TM) i5-13420H,65318.1,13th Gen Intel(R) Core(TM) i5-13420H,Intel Iris Xe/集成显卡(待确认),Lenovo,Lenovo,2022-01~2023-01,699,入门级
iOS,"iPad7,6",84,,64931.183333,Apple A/M系列芯片(待细化),Apple 自研GPU,Apple,Apple,待确认,待确认,主流级
Android,opd2409,97,,64570.016667,移动SoC(待确认),ARM Mali / Adreno (待确认),Android OEM(待确认),Android OEM(待确认),2022-01~2025-01(估算),"150~900(USD,估算)",旗舰级
Android,m2105k81c,93,,64408.433333,移动SoC(待确认),ARM Mali / Adreno (待确认),Android OEM(待确认),Android OEM(待确认),2022-01~2025-01(估算),"150~900(USD,估算)",高端级
Android,wgr-w19,88,,64314.233333,移动SoC(待确认),ARM Mali / Adreno (待确认),Android OEM(待确认),Android OEM(待确认),2022-01~2025-01(估算),"150~900(USD,估算)",主流级
Android,cmr-w09,68,,63283.4,移动SoC(待确认),ARM Mali / Adreno (待确认),Android OEM(待确认),Android OEM(待确认),2022-01~2025-01(估算),"150~900(USD,估算)",基础级/待淘汰
Android,23073rpbfg,89,,63220.983333,移动SoC(待确认),ARM Mali / Adreno (待确认),Android OEM(待确认),Android OEM(待确认),2022-01~2025-01(估算),"150~900(USD,估算)",主流级
Android,pkb110,86,mediatek mt6991  mt6991,63041.216667,mediatek mt6991  mt6991,ARM Mali / Adreno (待确认),Android OEM(待确认),Android OEM(待确认),2022-01~2025-01(估算),"150~900(USD,估算)",主流级
Android,25053rp5cc,76,,62543.616667,移动SoC(待确认),ARM Mali / Adreno (待确认),Android OEM(待确认),Android OEM(待确认),2022-01~2025-01(估算),"150~900(USD,估算)",入门级
Android,22011211c,81,mt8395av/za mt8395,62535.533333,mt8395av/za mt8395,ARM Mali / Adreno (待确认),Android OEM(待确认),Android OEM(待确认),2022-01~2025-01(估算),"150~900(USD,估算)",主流级
iOS,"iPad8,7",88,,62229.75,Apple A/M系列芯片(待细化),Apple 自研GPU,Apple,Apple,待确认,待确认,主流级
Android,2405crpfdg,89,,62183.766667,移动SoC(待确认),ARM Mali / Adreno (待确认),Android OEM(待确认),Android OEM(待确认),2022-01~2025-01(估算),"150~900(USD,估算)",主流级
Android,sm-x210,86,,62166.483333,移动SoC(待确认),ARM Mali / Adreno (待确认),Samsung,Samsung,2022-01~2025-01(估算),"150~900(USD,估算)",主流级
Android,22101317c,81,qualcomm 4 Gen 1,61497.15,qualcomm 4 Gen 1,ARM Mali / Adreno (待确认),Android OEM(待确认),Android OEM(待确认),2022-01~2025-01(估算),"150~900(USD,估算)",主流级
Android,xdh-25-b3,75,,61377.5,移动SoC(待确认),ARM Mali / Adreno (待确认),Android OEM(待确认),Android OEM(待确认),2022-01~2025-01(估算),"150~900(USD,估算)",入门级
Android,hera-bd00,85,qualcomm 778g,61339.066667,qualcomm 778g,ARM Mali / Adreno (待确认),Android OEM(待确认),Android OEM(待确认),2022-01~2025-01(估算),"150~900(USD,估算)",主流级
Android,mrx-w19,84,,61242.583333,移动SoC(待确认),ARM Mali / Adreno (待确认),Android OEM(待确认),Android OEM(待确认),2022-01~2025-01(估算),"150~900(USD,估算)",主流级
Android,lenovo tb-j706f,89,,61003.45,移动SoC(待确认),ARM Mali / Adreno (待确认),Android OEM(待确认),Android OEM(待确认),2022-01~2025-01(估算),"150~900(USD,估算)",主流级
Android,ags3-w09hn,77,,60972.966667,移动SoC(待确认),ARM Mali / Adreno (待确认),Android OEM(待确认),Android OEM(待确认),2022-01~2025-01(估算),"150~900(USD,估算)",入门级
Android,vog-al00,86,kirin 980,60713.433333,kirin 980,ARM Mali / Adreno (待确认),Android OEM(待确认),Android OEM(待确认),2022-01~2025-01(估算),"150~900(USD,估算)",主流级
Android,mrx-w39,84,,60404.216667,移动SoC(待确认),ARM Mali / Adreno (待确认),Android OEM(待确认),Android OEM(待确认),2022-01~2025-01(估算),"150~900(USD,估算)",主流级
Android,zpd1301,72,,60373.783333,移动SoC(待确认),ARM Mali / Adreno (待确认),Android OEM(待确认),Android OEM(待确认),2022-01~2025-01(估算),"150~900(USD,估算)",入门级
Android,xd-sdd27-2201,75,,60315.483333,移动SoC(待确认),ARM Mali / Adreno (待确认),Android OEM(待确认),Android OEM(待确认),2022-01~2025-01(估算),"150~900(USD,估算)",入门级
Android,x2,65,,60012.566667,移动SoC(待确认),ARM Mali / Adreno (待确认),Android OEM(待确认),Android OEM(待确认),2022-01~2025-01(估算),"150~900(USD,估算)",基础级/待淘汰
Android,23073rpbfg,86,,59763.633333,移动SoC(待确认),ARM Mali / Adreno (待确认),Android OEM(待确认),Android OEM(待确认),2022-01~2025-01(估算),"150~900(USD,估算)",主流级
Android,24129rt7cc,84,mediatek mt6899  mt6899,59610.45,mediatek mt6899  mt6899,ARM Mali / Adreno (待确认),Android OEM(待确认),Android OEM(待确认),2022-01~2025-01(估算),"150~900(USD,估算)",主流级
iOS,"iPhone14,2",-1,,59178.183333,A15 Bionic,Apple GPU (5-core),Apple,Apple,2021-09,999,待确认配置
Android,cga-w00,93,,58929.1,移动SoC(待确认),ARM Mali / Adreno (待确认),Android OEM(待确认),Android OEM(待确认),2022-01~2025-01(估算),"150~900(USD,估算)",高端级
Android,23124rn87c,78,mediatek mt6835  mt6835,58327.8,MediaTek Dimensity 6100+,ARM Mali GPU,Android OEM(待确认),Android OEM(待确认),2022-01~2025-01(估算),"150~900(USD,估算)",入门级
Android,lenovo tb-j607f,89,,58123.783333,移动SoC(待确认),ARM Mali / Adreno (待确认),Android OEM(待确认),Android OEM(待确认),2022-01~2025-01(估算),"150~900(USD,估算)",主流级
Android,pgbm10,86,mediatek 1300,58109.666667,mediatek 1300,ARM Mali / Adreno (待确认),Android OEM(待确认),Android OEM(待确认),2022-01~2025-01(估算),"150~900(USD,估算)",主流级
Android,blk-al80,71,,58013.516667,移动SoC(待确认),ARM Mali / Adreno (待确认),Android OEM(待确认),Android OEM(待确认),2022-01~2025-01(估算),"150~900(USD,估算)",入门级
Android,jlh-an00,75,"MT6877V/ZA, mt6877",57961.1,"MT6877V/ZA, mt6877",ARM Mali / Adreno (待确认),Android OEM(待确认),Android OEM(待确认),2022-01~2025-01(估算),"150~900(USD,估算)",入门级
Windows,System Product Name,85,12th Gen Intel(R) Core(TM) i3-12100,57888.15,12th Gen Intel(R) Core(TM) i3-12100,Intel Iris Xe/集成显卡(待确认),PC OEM(待确认),PC OEM(待确认),待确认,待确认,主流级
Android,agm3-w09hn,72,,57625.183333,移动SoC(待确认),ARM Mali / Adreno (待确认),Android OEM(待确认),Android OEM(待确认),2022-01~2025-01(估算),"150~900(USD,估算)",入门级
Android,cet-al00,93,,57522.833333,移动SoC(待确认),ARM Mali / Adreno (待确认),Android OEM(待确认),Android OEM(待确认),2022-01~2025-01(估算),"150~900(USD,估算)",高端级
iOS,"iPhone13,1",92,,57504.233333,Apple A系列芯片(待细化),Apple 自研GPU,Apple,Apple,待确认,待确认,高端级
Android,mi pad 4 plus,86,,57315.766667,移动SoC(待确认),ARM Mali / Adreno (待确认),Android OEM(待确认),Android OEM(待确认),2022-01~2025-01(估算),"150~900(USD,估算)",主流级
Windows,21CSA2S3CD,76,11th Gen Intel(R) Core(TM) i5-1135G7 @ 2.40GHz,57143.25,11th Gen Intel(R) Core(TM) i5-1135G7 @ 2.40GHz,Intel Iris Xe/集成显卡(待确认),Lenovo,Lenovo,2022-01~2023-01,699,入门级
Android,ady-al00,71,,56794.05,移动SoC(待确认),ARM Mali / Adreno (待确认),Android OEM(待确认),Android OEM(待确认),2022-01~2025-01(估算),"150~900(USD,估算)",入门级
Android,aln-al00,90,kirin 9000S,56115.1,kirin 9000S,ARM Mali / Adreno (待确认),Android OEM(待确认),Android OEM(待确认),2022-01~2025-01(估算),"150~900(USD,估算)",高端级
Android,bah3-an10,84,,55929.416667,移动SoC(待确认),ARM Mali / Adreno (待确认),Huawei,Huawei,2022-01~2025-01(估算),"150~900(USD,估算)",主流级
Android,ana-an00,84,,55721.266667,移动SoC(待确认),ARM Mali / Adreno (待确认),Android OEM(待确认),Android OEM(待确认),2022-01~2025-01(估算),"150~900(USD,估算)",主流级
Android,p40uch,75,,55652.016667,移动SoC(待确认),ARM Mali / Adreno (待确认),Android OEM(待确认),Android OEM(待确认),2022-01~2025-01(估算),"150~900(USD,估算)",入门级
Android,els-an00,88,kirin 990,55176,kirin 990,ARM Mali / Adreno (待确认),Android OEM(待确认),Android OEM(待确认),2022-01~2025-01(估算),"150~900(USD,估算)",主流级
Android,cls-al00,71,,55164.983333,移动SoC(待确认),ARM Mali / Adreno (待确认),Android OEM(待确认),Android OEM(待确认),2022-01~2025-01(估算),"150~900(USD,估算)",入门级
iOS,"iPhone17,3",-1,,54901.383333,A18,Apple GPU (5-core),Apple,Apple,2024-09,799,待确认配置
Android,bah3-w09,81,,54778.466667,移动SoC(待确认),ARM Mali / Adreno (待确认),Huawei,Huawei,2022-01~2025-01(估算),"150~900(USD,估算)",主流级
Android,23127pn0cc,93,", qcom",54670.633333,", qcom",ARM Mali / Adreno (待确认),Android OEM(待确认),Android OEM(待确认),2022-01~2025-01(估算),"150~900(USD,估算)",高端级
Android,sm-g9730,87,samsung exynos 9820  exynos9820,54430.566667,samsung exynos 9820  exynos9820,ARM Mali / Adreno (待确认),Samsung,Samsung,2022-01~2025-01(估算),"150~900(USD,估算)",主流级
Android,xpv21s,72,,54244.75,移动SoC(待确认),ARM Mali / Adreno (待确认),Android OEM(待确认),Android OEM(待确认),2022-01~2025-01(估算),"150~900(USD,估算)",入门级
Android,p713,75,,53952.933333,移动SoC(待确认),ARM Mali / Adreno (待确认),Android OEM(待确认),Android OEM(待确认),2022-01~2025-01(估算),"150~900(USD,估算)",入门级
Android,mxw-an00,77,mediatek 800,53834.983333,mediatek 800,ARM Mali / Adreno (待确认),Android OEM(待确认),Android OEM(待确认),2022-01~2025-01(估算),"150~900(USD,估算)",入门级
Android,opd2201,75,,53694.916667,移动SoC(待确认),ARM Mali / Adreno (待确认),Android OEM(待确认),Android OEM(待确认),2022-01~2025-01(估算),"150~900(USD,估算)",入门级
Android,pct-al10,86,kirin 980,53613.9,kirin 980,ARM Mali / Adreno (待确认),Android OEM(待确认),Android OEM(待确认),2022-01~2025-01(估算),"150~900(USD,估算)",主流级
Android,vrd-w09,81,,53412.966667,移动SoC(待确认),ARM Mali / Adreno (待确认),Android OEM(待确认),Android OEM(待确认),2022-01~2025-01(估算),"150~900(USD,估算)",主流级
Android,tc02a,73,,53296.016667,移动SoC(待确认),ARM Mali / Adreno (待确认),Android OEM(待确认),Android OEM(待确认),2022-01~2025-01(估算),"150~900(USD,估算)",入门级
Android,lenovo tb-j716f,93,,52988.483333,移动SoC(待确认),ARM Mali / Adreno (待确认),Android OEM(待确认),Android OEM(待确认),2022-01~2025-01(估算),"150~900(USD,估算)",高端级
Android,ags2-w09hn,68,,52958.066667,移动SoC(待确认),ARM Mali / Adreno (待确认),Android OEM(待确认),Android OEM(待确认),2022-01~2025-01(估算),"150~900(USD,估算)",基础级/待淘汰
Android,ana-an00,88,kirin 990,52926.3,kirin 990,ARM Mali / Adreno (待确认),Android OEM(待确认),Android OEM(待确认),2022-01~2025-01(估算),"150~900(USD,估算)",主流级
Android,pct-al10,84,,52896.9,移动SoC(待确认),ARM Mali / Adreno (待确认),Android OEM(待确认),Android OEM(待确认),2022-01~2025-01(估算),"150~900(USD,估算)",主流级
Android,brq-an00,86,kirin 985,52479.5,kirin 985,ARM Mali / Adreno (待确认),Android OEM(待确认),Android OEM(待确认),2022-01~2025-01(估算),"150~900(USD,估算)",主流级
Android,jer-an20,86,kirin 985,52470.25,kirin 985,ARM Mali / Adreno (待确认),Android OEM(待确认),Android OEM(待确认),2022-01~2025-01(估算),"150~900(USD,估算)",主流级
iOS,"iPhone13,4",-1,,52445.883333,A14 Bionic,Apple GPU (4-core),Apple,Apple,2020-10,1099,待确认配置
Android,xd-sdd17-2301,75,,52360.733333,移动SoC(待确认),ARM Mali / Adreno (待确认),Android OEM(待确认),Android OEM(待确认),2022-01~2025-01(估算),"150~900(USD,估算)",入门级
Android,aln-al10,90,,52323.116667,移动SoC(待确认),ARM Mali / Adreno (待确认),Android OEM(待确认),Android OEM(待确认),2022-01~2025-01(估算),"150~900(USD,估算)",高端级
Android,pa2473,79,,52130.716667,移动SoC(待确认),ARM Mali / Adreno (待确认),Android OEM(待确认),Android OEM(待确认),2022-01~2025-01(估算),"150~900(USD,估算)",入门级
Android,bah2-w09,68,,51866.55,移动SoC(待确认),ARM Mali / Adreno (待确认),Android OEM(待确认),Android OEM(待确认),2022-01~2025-01(估算),"150~900(USD,估算)",基础级/待淘汰
Android,pa2511,89,,51715.116667,移动SoC(待确认),ARM Mali / Adreno (待确认),Android OEM(待确认),Android OEM(待确认),2022-01~2025-01(估算),"150~900(USD,估算)",主流级
Android,sm-x200,65,,51583.65,移动SoC(待确认),ARM Mali / Adreno (待确认),Samsung,Samsung,2022-01~2025-01(估算),"150~900(USD,估算)",基础级/待淘汰
iOS,"iPad16,1",66,,51489.466667,Apple A/M系列芯片(待细化),Apple 自研GPU,Apple,Apple,待确认,待确认,基础级/待淘汰
Android,nop-an00,88,,50896.416667,移动SoC(待确认),ARM Mali / Adreno (待确认),Android OEM(待确认),Android OEM(待确认),2022-01~2025-01(估算),"150~900(USD,估算)",主流级
Android,mrr-w39,93,,50636.1,移动SoC(待确认),ARM Mali / Adreno (待确认),Huawei,Huawei,2022-01~2025-01(估算),"150~900(USD,估算)",高端级
Android,25040rp0ac,75,,50613.3,移动SoC(待确认),ARM Mali / Adreno (待确认),Android OEM(待确认),Android OEM(待确认),2022-01~2025-01(估算),"150~900(USD,估算)",入门级
Android,rol-w10,79,,50487.333333,移动SoC(待确认),ARM Mali / Adreno (待确认),Android OEM(待确认),Android OEM(待确认),2022-01~2025-01(估算),"150~900(USD,估算)",入门级
Android,pdkm00,77,mediatek 800,50170.566667,mediatek 800,ARM Mali / Adreno (待确认),Android OEM(待确认),Android OEM(待确认),2022-01~2025-01(估算),"150~900(USD,估算)",入门级
Android,25040rp0ag,73,,50103.533333,移动SoC(待确认),ARM Mali / Adreno (待确认),Android OEM(待确认),Android OEM(待确认),2022-01~2025-01(估算),"150~900(USD,估算)",入门级
iOS,"iPhone16,2",66,,49799.566667,A17 Pro,Apple GPU (6-core),Apple,Apple,2023-09,1199,基础级/待淘汰
Windows,21E3A002CD,76,12th Gen Intel(R) Core(TM) i5-1240P,49549.883333,12th Gen Intel(R) Core(TM) i5-1240P,Intel Iris Xe/集成显卡(待确认),Lenovo,Lenovo,2022-01~2023-01,699,入门级
Android,v1809a,71,", rk30board",49545.05,", rk30board",ARM Mali / Adreno (待确认),Android OEM(待确认),Android OEM(待确认),2022-01~2025-01(估算),"150~900(USD,估算)",入门级
Android,v2121a,86,mediatek 1200,49341.566667,mediatek 1200,ARM Mali / Adreno (待确认),Android OEM(待确认),Android OEM(待确认),2022-01~2025-01(估算),"150~900(USD,估算)",主流级
Android,21051182g,89,,49326.35,移动SoC(待确认),ARM Mali / Adreno (待确认),Android OEM(待确认),Android OEM(待确认),2022-01~2025-01(估算),"150~900(USD,估算)",主流级
Android,v2458a,86,mediatek mt6991  mt6991,49070.183333,mediatek mt6991  mt6991,ARM Mali / Adreno (待确认),Android OEM(待确认),Android OEM(待确认),2022-01~2025-01(估算),"150~900(USD,估算)",主流级
iOS,"iPhone13,3",-1,,48806.883333,A14 Bionic,Apple GPU (4-core),Apple,Apple,2020-10,999,待确认配置
Android,opd2405,79,,48744.2,移动SoC(待确认),ARM Mali / Adreno (待确认),Android OEM(待确认),Android OEM(待确认),2022-01~2025-01(估算),"150~900(USD,估算)",入门级
Android,vrd-w10,84,,48685.333333,移动SoC(待确认),ARM Mali / Adreno (待确认),Android OEM(待确认),Android OEM(待确认),2022-01~2025-01(估算),"150~900(USD,估算)",主流级
Android,familymobilepad,71,,48396.683333,移动SoC(待确认),ARM Mali / Adreno (待确认),Android OEM(待确认),Android OEM(待确认),2022-01~2025-01(估算),"150~900(USD,估算)",入门级
Android,tx20_c10,65,,47949.616667,移动SoC(待确认),ARM Mali / Adreno (待确认),Android OEM(待确认),Android OEM(待确认),2022-01~2025-01(估算),"150~900(USD,估算)",基础级/待淘汰
Android,r2,65,,47427.733333,移动SoC(待确认),ARM Mali / Adreno (待确认),Android OEM(待确认),Android OEM(待确认),2022-01~2025-01(估算),"150~900(USD,估算)",基础级/待淘汰
Android,hma-al00,86,kirin 980,46935.6,kirin 980,ARM Mali / Adreno (待确认),Android OEM(待确认),Android OEM(待确认),2022-01~2025-01(估算),"150~900(USD,估算)",主流级
iOS,"iPad4,1",60,,46853.583333,Apple A/M系列芯片(待细化),Apple 自研GPU,Apple,Apple,待确认,待确认,基础级/待淘汰
Android,pa2455,89,,46577.45,移动SoC(待确认),ARM Mali / Adreno (待确认),Android OEM(待确认),Android OEM(待确认),2022-01~2025-01(估算),"150~900(USD,估算)",主流级
Android,ags5-w00,86,,46562.066667,移动SoC(待确认),ARM Mali / Adreno (待确认),Android OEM(待确认),Android OEM(待确认),2022-01~2025-01(估算),"150~900(USD,估算)",主流级
Android,col-al10,83,kirin 970,45811.216667,kirin 970,ARM Mali / Adreno (待确认),Android OEM(待确认),Android OEM(待确认),2022-01~2025-01(估算),"150~900(USD,估算)",主流级
Android,w201ds,71,,45553.883333,移动SoC(待确认),ARM Mali / Adreno (待确认),Android OEM(待确认),Android OEM(待确认),2022-01~2025-01(估算),"150~900(USD,估算)",入门级
MAC,"Mac14,2",-1,,45401.55,待确认,待确认,待确认,待确认,待确认,待确认,待确认配置
Android,24117rk2cc,93,,45379.916667,移动SoC(待确认),ARM Mali / Adreno (待确认),Android OEM(待确认),Android OEM(待确认),2022-01~2025-01(估算),"150~900(USD,估算)",高端级
iOS,"iPhone8,2",82,,45348.183333,Apple A系列芯片(待细化),Apple 自研GPU,Apple,Apple,待确认,待确认,主流级
Android,brt-an09,75,,45281.833333,移动SoC(待确认),ARM Mali / Adreno (待确认),Android OEM(待确认),Android OEM(待确认),2022-01~2025-01(估算),"150~900(USD,估算)",入门级
Android,t40ucs,75,,45264.116667,移动SoC(待确认),ARM Mali / Adreno (待确认),Android OEM(待确认),Android OEM(待确认),2022-01~2025-01(估算),"150~900(USD,估算)",入门级
Android,m3,68,,45207.916667,移动SoC(待确认),ARM Mali / Adreno (待确认),Android OEM(待确认),Android OEM(待确认),2022-01~2025-01(估算),"150~900(USD,估算)",基础级/待淘汰
Android,yxp u-2303a,75,,45202.183333,移动SoC(待确认),ARM Mali / Adreno (待确认),Android OEM(待确认),Android OEM(待确认),2022-01~2025-01(估算),"150~900(USD,估算)",入门级
Android,sm-p610,81,,44978.45,移动SoC(待确认),ARM Mali / Adreno (待确认),Samsung,Samsung,2022-01~2025-01(估算),"150~900(USD,估算)",主流级
Windows,21TL,72,Intel(R) Core(TM) Ultra 5 225H,44962.15,Intel(R) Core(TM) Ultra 5 225H,Intel Iris Xe/集成显卡(待确认),Lenovo,Lenovo,2022-01~2023-01,699,入门级
Android,pgz110,84,mediatek 8100,44957.35,mediatek 8100,ARM Mali / Adreno (待确认),Android OEM(待确认),Android OEM(待确认),2022-01~2025-01(估算),"150~900(USD,估算)",主流级
iOS,"iPhone15,3",66,,44700.783333,A16 Bionic,Apple GPU (5-core),Apple,Apple,2022-09,899,基础级/待淘汰
Android,2211133c,94,qualcomm 8 Gen 2,44650.15,qualcomm 8 Gen 2,ARM Mali / Adreno (待确认),Android OEM(待确认),Android OEM(待确认),2022-01~2025-01(估算),"150~900(USD,估算)",高端级
Android,mrdi-w10,71,,44637.716667,移动SoC(待确认),ARM Mali / Adreno (待确认),Android OEM(待确认),Android OEM(待确认),2022-01~2025-01(估算),"150~900(USD,估算)",入门级
Android,bah4-al10,89,,44623.466667,移动SoC(待确认),ARM Mali / Adreno (待确认),Android OEM(待确认),Android OEM(待确认),2022-01~2025-01(估算),"150~900(USD,估算)",主流级
Android,23013rk75c,89,,44542.15,移动SoC(待确认),ARM Mali / Adreno (待确认),Android OEM(待确认),Android OEM(待确认),2022-01~2025-01(估算),"150~900(USD,估算)",主流级
Android,lio-an00,84,,44468.766667,移动SoC(待确认),ARM Mali / Adreno (待确认),Android OEM(待确认),Android OEM(待确认),2022-01~2025-01(估算),"150~900(USD,估算)",主流级
Android,a2,68,,44460.95,移动SoC(待确认),ARM Mali / Adreno (待确认),Android OEM(待确认),Android OEM(待确认),2022-01~2025-01(估算),"150~900(USD,估算)",基础级/待淘汰
iOS,"iPhone17,2",66,,44233.833333,A18 Pro,Apple GPU (6-core),Apple,Apple,2024-09,999,基础级/待淘汰
Android,yal-al10,86,kirin 980,43907.566667,kirin 980,ARM Mali / Adreno (待确认),Android OEM(待确认),Android OEM(待确认),2022-01~2025-01(估算),"150~900(USD,估算)",主流级
Android,v2309a,90,mediatek 9300,43798.816667,mediatek 9300,ARM Mali / Adreno (待确认),Android OEM(待确认),Android OEM(待确认),2022-01~2025-01(估算),"150~900(USD,估算)",高端级
Android,brc-an00,81,mediatek 7020,43788.766667,mediatek 7020,ARM Mali / Adreno (待确认),Android OEM(待确认),Android OEM(待确认),2022-01~2025-01(估算),"150~900(USD,估算)",主流级
Android,icl-al20,84,,43705.233333,移动SoC(待确认),ARM Mali / Adreno (待确认),Android OEM(待确认),Android OEM(待确认),2022-01~2025-01(估算),"150~900(USD,估算)",主流级
Android,yxp p770,72,,43591.166667,移动SoC(待确认),ARM Mali / Adreno (待确认),Android OEM(待确认),Android OEM(待确认),2022-01~2025-01(估算),"150~900(USD,估算)",入门级
Android,lna-al00,89,,43518.933333,移动SoC(待确认),ARM Mali / Adreno (待确认),Android OEM(待确认),Android OEM(待确认),2022-01~2025-01(估算),"150~900(USD,估算)",主流级
Android,ags5-al00,89,,43450.833333,移动SoC(待确认),ARM Mali / Adreno (待确认),Android OEM(待确认),Android OEM(待确认),2022-01~2025-01(估算),"150~900(USD,估算)",主流级
Android,cma-an00,76,mediatek 700,43382.433333,mediatek 700,ARM Mali / Adreno (待确认),Android OEM(待确认),Android OEM(待确认),2022-01~2025-01(估算),"150~900(USD,估算)",入门级
Android,sm-g9730,89,Qualcomm 855,43364.7,Qualcomm 855,ARM Mali / Adreno (待确认),Samsung,Samsung,2022-01~2025-01(估算),"150~900(USD,估算)",主流级
Android,ags3-al00,77,,43332.083333,移动SoC(待确认),ARM Mali / Adreno (待确认),Android OEM(待确认),Android OEM(待确认),2022-01~2025-01(估算),"150~900(USD,估算)",入门级
iOS,"iPad14,4",94,,43331.7,Apple A/M系列芯片(待细化),Apple 自研GPU,Apple,Apple,待确认,待确认,高端级
Windows,FMB-P,72,Intel(R) Core(TM) Ultra 5 225H,43165.633333,Intel(R) Core(TM) Ultra 5 225H,Intel Iris Xe/集成显卡(待确认),PC OEM(待确认),PC OEM(待确认),待确认,待确认,入门级
Android,x6,71,,42715.616667,移动SoC(待确认),ARM Mali / Adreno (待确认),Android OEM(待确认),Android OEM(待确认),2022-01~2025-01(估算),"150~900(USD,估算)",入门级
Android,pgt110,88,mediatek 9000,42640.916667,mediatek 9000,ARM Mali / Adreno (待确认),Android OEM(待确认),Android OEM(待确认),2022-01~2025-01(估算),"150~900(USD,估算)",主流级
Android,ady-al10,71,,42593.133333,移动SoC(待确认),ARM Mali / Adreno (待确认),Android OEM(待确认),Android OEM(待确认),2022-01~2025-01(估算),"150~900(USD,估算)",入门级
iOS,"iPad13,6",92,,42573.233333,Apple A/M系列芯片(待细化),Apple 自研GPU,Apple,Apple,待确认,待确认,高端级
iOS,"iPhone14,8",94,,42468.883333,A15 Bionic,Apple GPU (5-core),Apple,Apple,2022-09,599,高端级
Android,s30,72,,42253.133333,移动SoC(待确认),ARM Mali / Adreno (待确认),Android OEM(待确认),Android OEM(待确认),2022-01~2025-01(估算),"150~900(USD,估算)",入门级
Android,2211133c,93,,42217.016667,移动SoC(待确认),ARM Mali / Adreno (待确认),Android OEM(待确认),Android OEM(待确认),2022-01~2025-01(估算),"150~900(USD,估算)",高端级
Android,hbp-al00,71,,42167.3,移动SoC(待确认),ARM Mali / Adreno (待确认),Android OEM(待确认),Android OEM(待确认),2022-01~2025-01(估算),"150~900(USD,估算)",入门级
iOS,"iPhone10,4",86,,42149.583333,Apple A系列芯片(待细化),Apple 自研GPU,Apple,Apple,待确认,待确认,主流级
iOS,"iPhone15,5",96,,42148.566667,A16 Bionic,Apple GPU (5-core),Apple,Apple,2023-09,899,旗舰级
Android,bnd-al10,71,", rk30board",41945.183333,", rk30board",ARM Mali / Adreno (待确认),Android OEM(待确认),Android OEM(待确认),2022-01~2025-01(估算),"150~900(USD,估算)",入门级
Android,tb335fc,75,,41933.15,移动SoC(待确认),ARM Mali / Adreno (待确认),Android OEM(待确认),Android OEM(待确认),2022-01~2025-01(估算),"150~900(USD,估算)",入门级
Android,a8,71,,41825.716667,移动SoC(待确认),ARM Mali / Adreno (待确认),Android OEM(待确认),Android OEM(待确认),2022-01~2025-01(估算),"150~900(USD,估算)",入门级
Android,noh-an00,91,kirin 9000,41698.616667,kirin 9000,ARM Mali / Adreno (待确认),Android OEM(待确认),Android OEM(待确认),2022-01~2025-01(估算),"150~900(USD,估算)",高端级
Android,dbr-w00,89,qualcomm 865,41601.283333,qualcomm 865,ARM Mali / Adreno (待确认),Huawei,Huawei,2022-01~2025-01(估算),"150~900(USD,估算)",主流级
Android,fne-an00,89,,41442.033333,移动SoC(待确认),ARM Mali / Adreno (待确认),Android OEM(待确认),Android OEM(待确认),2022-01~2025-01(估算),"150~900(USD,估算)",主流级
Android,rvl-al09,83,kirin 970,41418.333333,kirin 970,ARM Mali / Adreno (待确认),Android OEM(待确认),Android OEM(待确认),2022-01~2025-01(估算),"150~900(USD,估算)",主流级
Android,cdy-an00,84,kirin 820,41020.45,kirin 820,ARM Mali / Adreno (待确认),Android OEM(待确认),Android OEM(待确认),2022-01~2025-01(估算),"150~900(USD,估算)",主流级
Android,mrdi-w00,71,,40763.65,移动SoC(待确认),ARM Mali / Adreno (待确认),Android OEM(待确认),Android OEM(待确认),2022-01~2025-01(估算),"150~900(USD,估算)",入门级
Android,skw-a0,71,", rk30board",40759.8,", rk30board",ARM Mali / Adreno (待确认),Android OEM(待确认),Android OEM(待确认),2022-01~2025-01(估算),"150~900(USD,估算)",入门级
Android,lio-an00,88,kirin 990,40733.45,kirin 990,ARM Mali / Adreno (待确认),Android OEM(待确认),Android OEM(待确认),2022-01~2025-01(估算),"150~900(USD,估算)",主流级
Android,nth-an00,89,,40531.85,移动SoC(待确认),ARM Mali / Adreno (待确认),Android OEM(待确认),Android OEM(待确认),2022-01~2025-01(估算),"150~900(USD,估算)",主流级
Android,pkw110,81,mediatek mt6835  mt6835,40215.333333,MediaTek Dimensity 6100+,ARM Mali GPU,Android OEM(待确认),Android OEM(待确认),2022-01~2025-01(估算),"150~900(USD,估算)",主流级
iOS,"iPad8,5",88,,40105.216667,Apple A/M系列芯片(待细化),Apple 自研GPU,Apple,Apple,待确认,待确认,主流级
Android,pjh110,79,", mt6895",39935.733333,", mt6895",ARM Mali / Adreno (待确认),Android OEM(待确认),Android OEM(待确认),2022-01~2025-01(估算),"150~900(USD,估算)",入门级
MAC,"MacBookAir10,1",-1,,39660.85,待确认,待确认,待确认,待确认,待确认,待确认,待确认配置
Android,mi note 3,81,qualcomm 660,39595.833333,qualcomm 660,ARM Mali / Adreno (待确认),Android OEM(待确认),Android OEM(待确认),2022-01~2025-01(估算),"150~900(USD,估算)",主流级
Android,bah2-w09,74,hi6250,39495.9,hi6250,ARM Mali / Adreno (待确认),Android OEM(待确认),Android OEM(待确认),2022-01~2025-01(估算),"150~900(USD,估算)",入门级
Android,23113rkc6c,93,,39478.283333,移动SoC(待确认),ARM Mali / Adreno (待确认),Android OEM(待确认),Android OEM(待确认),2022-01~2025-01(估算),"150~900(USD,估算)",高端级
iOS,"iPad15,7",96,,39473.216667,Apple A/M系列芯片(待细化),Apple 自研GPU,Apple,Apple,待确认,待确认,旗舰级
Android,22041216c,84,mediatek 8100,39469.466667,mediatek 8100,ARM Mali / Adreno (待确认),Android OEM(待确认),Android OEM(待确认),2022-01~2025-01(估算),"150~900(USD,估算)",主流级
Windows,83JJ,88,13th Gen Intel(R) Core(TM) i7-13650HX,39275.783333,13th Gen Intel(R) Core(TM) i7-13650HX,Intel Iris Xe/集成显卡(待确认),Lenovo,Lenovo,2022-01~2023-01,699,主流级
MAC,"Mac14,7",85,,39026,待确认,待确认,待确认,待确认,待确认,待确认,主流级
Android,lem-al00,84,,38777.45,移动SoC(待确认),ARM Mali / Adreno (待确认),Android OEM(待确认),Android OEM(待确认),2022-01~2025-01(估算),"150~900(USD,估算)",主流级
Android,mi pad 4,86,,38766.266667,移动SoC(待确认),ARM Mali / Adreno (待确认),Android OEM(待确认),Android OEM(待确认),2022-01~2025-01(估算),"150~900(USD,估算)",主流级
Android,sm-t733,89,,38740.816667,移动SoC(待确认),ARM Mali / Adreno (待确认),Samsung,Samsung,2022-01~2025-01(估算),"150~900(USD,估算)",主流级
Android,w205ds,71,,38501.7,移动SoC(待确认),ARM Mali / Adreno (待确认),Android OEM(待确认),Android OEM(待确认),2022-01~2025-01(估算),"150~900(USD,估算)",入门级
Android,tas-al00,88,kirin 990,38479.85,kirin 990,ARM Mali / Adreno (待确认),Android OEM(待确认),Android OEM(待确认),2022-01~2025-01(估算),"150~900(USD,估算)",主流级
Android,glk-al00,71,", rk30board",38432.983333,", rk30board",ARM Mali / Adreno (待确认),Android OEM(待确认),Android OEM(待确认),2022-01~2025-01(估算),"150~900(USD,估算)",入门级
Android,pla110,79,,38243.5,移动SoC(待确认),ARM Mali / Adreno (待确认),Android OEM(待确认),Android OEM(待确认),2022-01~2025-01(估算),"150~900(USD,估算)",入门级
Android,sea-al10,86,kirin 980,38027.833333,kirin 980,ARM Mali / Adreno (待确认),Android OEM(待确认),Android OEM(待确认),2022-01~2025-01(估算),"150~900(USD,估算)",主流级
Android,ada-al00,71,,37792.9,移动SoC(待确认),ARM Mali / Adreno (待确认),Android OEM(待确认),Android OEM(待确认),2022-01~2025-01(估算),"150~900(USD,估算)",入门级
Android,pjh110,79,,37543.016667,移动SoC(待确认),ARM Mali / Adreno (待确认),Android OEM(待确认),Android OEM(待确认),2022-01~2025-01(估算),"150~900(USD,估算)",入门级
Android,mi 9t pro,88,qualcomm 855,37508.716667,qualcomm 855,ARM Mali / Adreno (待确认),Android OEM(待确认),Android OEM(待确认),2022-01~2025-01(估算),"150~900(USD,估算)",主流级
Android,scm-al09,84,,37508.6,移动SoC(待确认),ARM Mali / Adreno (待确认),Huawei,Huawei,2022-01~2025-01(估算),"150~900(USD,估算)",主流级
Android,pla-al10,84,,37192.083333,移动SoC(待确认),ARM Mali / Adreno (待确认),Android OEM(待确认),Android OEM(待确认),2022-01~2025-01(估算),"150~900(USD,估算)",主流级
Android,tyh641m,83,qualcomm 695,37181.583333,qualcomm 695,ARM Mali / Adreno (待确认),Android OEM(待确认),Android OEM(待确认),2022-01~2025-01(估算),"150~900(USD,估算)",主流级
Android,vrd-al10,84,,37125.35,移动SoC(待确认),ARM Mali / Adreno (待确认),Android OEM(待确认),Android OEM(待确认),2022-01~2025-01(估算),"150~900(USD,估算)",主流级
Android,phm110,89,,36884.116667,移动SoC(待确认),ARM Mali / Adreno (待确认),Android OEM(待确认),Android OEM(待确认),2022-01~2025-01(估算),"150~900(USD,估算)",主流级
Android,any-an00,81,qualcomm 480,36883.016667,qualcomm 480,ARM Mali / Adreno (待确认),Android OEM(待确认),Android OEM(待确认),2022-01~2025-01(估算),"150~900(USD,估算)",主流级
Android,rod2-w69,89,,36578.916667,移动SoC(待确认),ARM Mali / Adreno (待确认),Android OEM(待确认),Android OEM(待确认),2022-01~2025-01(估算),"150~900(USD,估算)",主流级
iOS,"iPhone10,6",86,,36532.233333,Apple A系列芯片(待细化),Apple 自研GPU,Apple,Apple,待确认,待确认,主流级
Android,tfy-an00,80,mediatek 810,36492.2,mediatek 810,ARM Mali / Adreno (待确认),Android OEM(待确认),Android OEM(待确认),2022-01~2025-01(估算),"150~900(USD,估算)",主流级
Android,sm-n9860,66,,36442.383333,移动SoC(待确认),ARM Mali / Adreno (待确认),Samsung,Samsung,2022-01~2025-01(估算),"150~900(USD,估算)",基础级/待淘汰
Android,rea-an00,89,,36429.316667,移动SoC(待确认),ARM Mali / Adreno (待确认),Android OEM(待确认),Android OEM(待确认),2022-01~2025-01(估算),"150~900(USD,估算)",主流级
Android,vog-al10,84,Kirin 980,36406.316667,Kirin 980,ARM Mali / Adreno (待确认),Android OEM(待确认),Android OEM(待确认),2022-01~2025-01(估算),"150~900(USD,估算)",主流级
Android,krj-an00,84,,36329.65,移动SoC(待确认),ARM Mali / Adreno (待确认),Android OEM(待确认),Android OEM(待确认),2022-01~2025-01(估算),"150~900(USD,估算)",主流级
Windows,ENZH-XX,76,Intel(R) Core(TM) Ultra 5 125H,36327.616667,Intel(R) Core(TM) Ultra 5 125H,Intel Iris Xe/集成显卡(待确认),PC OEM(待确认),PC OEM(待确认),待确认,待确认,入门级
Android,tb128fu,86,,36297.433333,移动SoC(待确认),ARM Mali / Adreno (待确认),Android OEM(待确认),Android OEM(待确认),2022-01~2025-01(估算),"150~900(USD,估算)",主流级
Android,v2309a,79,,36292.35,移动SoC(待确认),ARM Mali / Adreno (待确认),Android OEM(待确认),Android OEM(待确认),2022-01~2025-01(估算),"150~900(USD,估算)",入门级
Android,23013rk75c,92,qualcomm 8+ gen 1,36262.9,qualcomm 8+ gen 1,ARM Mali / Adreno (待确认),Android OEM(待确认),Android OEM(待确认),2022-01~2025-01(估算),"150~900(USD,估算)",高端级
Android,opd2401,93,,36198.883333,移动SoC(待确认),ARM Mali / Adreno (待确认),Android OEM(待确认),Android OEM(待确认),2022-01~2025-01(估算),"150~900(USD,估算)",高端级
Android,hbn-al80,71,,36098.783333,移动SoC(待确认),ARM Mali / Adreno (待确认),Android OEM(待确认),Android OEM(待确认),2022-01~2025-01(估算),"150~900(USD,估算)",入门级
Android,ags2-w09,68,,35962.166667,移动SoC(待确认),ARM Mali / Adreno (待确认),Android OEM(待确认),Android OEM(待确认),2022-01~2025-01(估算),"150~900(USD,估算)",基础级/待淘汰
Android,pfdm00,86,mediatek 1300,35960.2,mediatek 1300,ARM Mali / Adreno (待确认),Android OEM(待确认),Android OEM(待确认),2022-01~2025-01(估算),"150~900(USD,估算)",主流级
Android,sm-s9160,75,"MT8395AV/ZA, mt8395",35959.8,"MT8395AV/ZA, mt8395",ARM Mali / Adreno (待确认),Samsung,Samsung,2022-01~2025-01(估算),"150~900(USD,估算)",入门级
Android,sm-x205,65,,35509.05,移动SoC(待确认),ARM Mali / Adreno (待确认),Samsung,Samsung,2022-01~2025-01(估算),"150~900(USD,估算)",基础级/待淘汰
Android,24129pn74c,97,,35453.533333,移动SoC(待确认),ARM Mali / Adreno (待确认),Android OEM(待确认),Android OEM(待确认),2022-01~2025-01(估算),"150~900(USD,估算)",旗舰级
iOS,"iPhone17,4",100,,35300.433333,Apple A系列芯片(待细化),Apple 自研GPU,Apple,Apple,待确认,待确认,旗舰级
Android,lsa-an00,89,,35285.783333,移动SoC(待确认),ARM Mali / Adreno (待确认),Android OEM(待确认),Android OEM(待确认),2022-01~2025-01(估算),"150~900(USD,估算)",主流级
Android,sm-j700t,71,", rk30board",35225.033333,", rk30board",ARM Mali / Adreno (待确认),Samsung,Samsung,2022-01~2025-01(估算),"150~900(USD,估算)",入门级
Android,hbn-al00,92,kirin 9010,35177.95,kirin 9010,ARM Mali / Adreno (待确认),Android OEM(待确认),Android OEM(待确认),2022-01~2025-01(估算),"150~900(USD,估算)",高端级
Android,ann-an00,89,,35055.1,移动SoC(待确认),ARM Mali / Adreno (待确认),Android OEM(待确认),Android OEM(待确认),2022-01~2025-01(估算),"150~900(USD,估算)",主流级
iOS,"iPad15,3",96,,35027.816667,Apple A/M系列芯片(待细化),Apple 自研GPU,Apple,Apple,待确认,待确认,旗舰级
Android,aqm-al10,84,Kirin 810,34987.5,Kirin 810,ARM Mali / Adreno (待确认),Android OEM(待确认),Android OEM(待确认),2022-01~2025-01(估算),"150~900(USD,估算)",主流级
Android,php110,87,mediatek 9000,34969.7,mediatek 9000,ARM Mali / Adreno (待确认),Android OEM(待确认),Android OEM(待确认),2022-01~2025-01(估算),"150~900(USD,估算)",主流级
Android,24129pn74c,93,qti sm8750  qcom,34877.2,qti sm8750  qcom,ARM Mali / Adreno (待确认),Android OEM(待确认),Android OEM(待确认),2022-01~2025-01(估算),"150~900(USD,估算)",高端级
Android,jef-an00,86,kirin 985,34783.216667,kirin 985,ARM Mali / Adreno (待确认),Android OEM(待确认),Android OEM(待确认),2022-01~2025-01(估算),"150~900(USD,估算)",主流级
Android,h55ea,71,,34672.983333,移动SoC(待确认),ARM Mali / Adreno (待确认),Android OEM(待确认),Android OEM(待确认),2022-01~2025-01(估算),"150~900(USD,估算)",入门级
Android,dt15pa,69,,34660.816667,移动SoC(待确认),ARM Mali / Adreno (待确认),Android OEM(待确认),Android OEM(待确认),2022-01~2025-01(估算),"150~900(USD,估算)",基础级/待淘汰
Android,mrx-al19,84,,34536.083333,移动SoC(待确认),ARM Mali / Adreno (待确认),Android OEM(待确认),Android OEM(待确认),2022-01~2025-01(估算),"150~900(USD,估算)",主流级
Android,2210132c,94,qualcomm 8 Gen 2,34503.516667,qualcomm 8 Gen 2,ARM Mali / Adreno (待确认),Android OEM(待确认),Android OEM(待确认),2022-01~2025-01(估算),"150~900(USD,估算)",高端级
Android,vrd-al09,81,,34475.033333,移动SoC(待确认),ARM Mali / Adreno (待确认),Android OEM(待确认),Android OEM(待确认),2022-01~2025-01(估算),"150~900(USD,估算)",主流级
Android,vce-al00,84,"vendor Kirin970, kirin970",34459.866667,"vendor Kirin970, kirin970",ARM Mali / Adreno (待确认),Android OEM(待确认),Android OEM(待确认),2022-01~2025-01(估算),"150~900(USD,估算)",主流级
Android,oppo r11s,80,qualcomm 660,34452.8,qualcomm 660,ARM Mali / Adreno (待确认),Android OEM(待确认),Android OEM(待确认),2022-01~2025-01(估算),"150~900(USD,估算)",主流级
iOS,"iPhone17,1",66,,34416.583333,A18 Pro,Apple GPU (6-core),Apple,Apple,2024-09,1199,基础级/待淘汰
Android,22120rn86c,74,helio p65,34343.883333,MediaTek Helio P65,ARM Mali-G52,Android OEM(待确认),Android OEM(待确认),2022-01~2025-01(估算),"150~900(USD,估算)",入门级
iOS,"iPhone9,4",84,,34216.833333,Apple A系列芯片(待细化),Apple 自研GPU,Apple,Apple,待确认,待确认,主流级
Windows,20TAA00GCD,76,11th Gen Intel(R) Core(TM) i5-1135G7 @ 2.40GHz,33867.15,11th Gen Intel(R) Core(TM) i5-1135G7 @ 2.40GHz,Intel Iris Xe/集成显卡(待确认),Lenovo,Lenovo,2022-01~2023-01,699,入门级
Android,m2006c3lc,73,helio g25,33678.15,helio g25,ARM Mali / Adreno (待确认),Android OEM(待确认),Android OEM(待确认),2022-01~2025-01(估算),"150~900(USD,估算)",入门级
Android,opd2102,89,,33629.05,移动SoC(待确认),ARM Mali / Adreno (待确认),Android OEM(待确认),Android OEM(待确认),2022-01~2025-01(估算),"150~900(USD,估算)",主流级
Android,adt-an00,89,qualcomm 888,33611.816667,qualcomm 888,ARM Mali / Adreno (待确认),Android OEM(待确认),Android OEM(待确认),2022-01~2025-01(估算),"150~900(USD,估算)",主流级
Android,pkd130,75,", mt6835",33522.766667,MediaTek Dimensity 6100+,ARM Mali GPU,Android OEM(待确认),Android OEM(待确认),2022-01~2025-01(估算),"150~900(USD,估算)",入门级
Android,bzh5-w00,80,,33502.816667,移动SoC(待确认),ARM Mali / Adreno (待确认),Android OEM(待确认),Android OEM(待确认),2022-01~2025-01(估算),"150~900(USD,估算)",主流级
Android,max2.0,72,,33356.283333,移动SoC(待确认),ARM Mali / Adreno (待确认),Android OEM(待确认),Android OEM(待确认),2022-01~2025-01(估算),"150~900(USD,估算)",入门级
Windows,21KG,88,13th Gen Intel(R) Core(TM) i5-13500H,33210.083333,13th Gen Intel(R) Core(TM) i5-13500H,Intel Iris Xe/集成显卡(待确认),Lenovo,Lenovo,2022-01~2023-01,699,主流级
Android,b2,86,rockchip rk3588  rk30board,33056.3,rockchip rk3588  rk30board,ARM Mali / Adreno (待确认),Android OEM(待确认),Android OEM(待确认),2022-01~2025-01(估算),"150~900(USD,估算)",主流级
MAC,"Mac16,13",89,,33054.2,待确认,待确认,待确认,待确认,待确认,待确认,主流级
Android,25053rt47c,89,qti sm8735  qcom,32878.4,qti sm8735  qcom,ARM Mali / Adreno (待确认),Android OEM(待确认),Android OEM(待确认),2022-01~2025-01(估算),"150~900(USD,估算)",主流级
Android,icl-al10,84,,32851.933333,移动SoC(待确认),ARM Mali / Adreno (待确认),Android OEM(待确认),Android OEM(待确认),2022-01~2025-01(估算),"150~900(USD,估算)",主流级
Android,pbem00,80,qualcomm 670,32837.266667,qualcomm 670,ARM Mali / Adreno (待确认),Android OEM(待确认),Android OEM(待确认),2022-01~2025-01(估算),"150~900(USD,估算)",主流级
Android,eamey-a01,72,Unisoc T616,32808.216667,Unisoc T616,ARM Mali / Adreno (待确认),Android OEM(待确认),Android OEM(待确认),2022-01~2025-01(估算),"150~900(USD,估算)",入门级
Android,tas-al00,84,,32762.683333,移动SoC(待确认),ARM Mali / Adreno (待确认),Android OEM(待确认),Android OEM(待确认),2022-01~2025-01(估算),"150~900(USD,估算)",主流级
Android,hma-tl00,86,kirin 980,32669.516667,kirin 980,ARM Mali / Adreno (待确认),Android OEM(待确认),Android OEM(待确认),2022-01~2025-01(估算),"150~900(USD,估算)",主流级
Android,yal-al00,84,Kirin 980,32595.866667,Kirin 980,ARM Mali / Adreno (待确认),Android OEM(待确认),Android OEM(待确认),2022-01~2025-01(估算),"150~900(USD,估算)",主流级
Windows,KLVD-WXX9,76,11th Gen Intel(R) Core(TM) i5-1135G7 @ 2.40GHz,32559.233333,11th Gen Intel(R) Core(TM) i5-1135G7 @ 2.40GHz,Intel Iris Xe/集成显卡(待确认),PC OEM(待确认),PC OEM(待确认),待确认,待确认,入门级
Android,tx20_c10pro,65,,32539.9,移动SoC(待确认),ARM Mali / Adreno (待确认),Android OEM(待确认),Android OEM(待确认),2022-01~2025-01(估算),"150~900(USD,估算)",基础级/待淘汰
Android,ann-an00,85,qualcomm 778g,32450.133333,qualcomm 778g,ARM Mali / Adreno (待确认),Android OEM(待确认),Android OEM(待确认),2022-01~2025-01(估算),"150~900(USD,估算)",主流级
Android,brq-an00,84,", kirin985",32448.633333,", kirin985",ARM Mali / Adreno (待确认),Android OEM(待确认),Android OEM(待确认),2022-01~2025-01(估算),"150~900(USD,估算)",主流级
Android,w200ds,71,,32338.633333,移动SoC(待确认),ARM Mali / Adreno (待确认),Android OEM(待确认),Android OEM(待确认),2022-01~2025-01(估算),"150~900(USD,估算)",入门级
Android,v2279a,78,mediatek 6020,32278.016667,mediatek 6020,ARM Mali / Adreno (待确认),Android OEM(待确认),Android OEM(待确认),2022-01~2025-01(估算),"150~900(USD,估算)",入门级
Android,p709,72,,32197.566667,移动SoC(待确认),ARM Mali / Adreno (待确认),Android OEM(待确认),Android OEM(待确认),2022-01~2025-01(估算),"150~900(USD,估算)",入门级
Android,ele-al00,84,,32153.833333,移动SoC(待确认),ARM Mali / Adreno (待确认),Android OEM(待确认),Android OEM(待确认),2022-01~2025-01(估算),"150~900(USD,估算)",主流级
Android,pa2573,79,,32128.833333,移动SoC(待确认),ARM Mali / Adreno (待确认),Android OEM(待确认),Android OEM(待确认),2022-01~2025-01(估算),"150~900(USD,估算)",入门级
Android,bra-al00,90,kirin 9000S,32108.15,kirin 9000S,ARM Mali / Adreno (待确认),Android OEM(待确认),Android OEM(待确认),2022-01~2025-01(估算),"150~900(USD,估算)",高端级
Android,p712,72,,31897.033333,移动SoC(待确认),ARM Mali / Adreno (待确认),Android OEM(待确认),Android OEM(待确认),2022-01~2025-01(估算),"150~900(USD,估算)",入门级
Android,xpv11,69,,31874.783333,移动SoC(待确认),ARM Mali / Adreno (待确认),Android OEM(待确认),Android OEM(待确认),2022-01~2025-01(估算),"150~900(USD,估算)",基础级/待淘汰
Android,cls-al30,71,,31870.3,移动SoC(待确认),ARM Mali / Adreno (待确认),Android OEM(待确认),Android OEM(待确认),2022-01~2025-01(估算),"150~900(USD,估算)",入门级
Android,bah2-al10,68,,31843.483333,移动SoC(待确认),ARM Mali / Adreno (待确认),Android OEM(待确认),Android OEM(待确认),2022-01~2025-01(估算),"150~900(USD,估算)",基础级/待淘汰
Android,t730p,82,"rockchip  rockchip,rk30board,rk3588 rk30board",31731.7,"rockchip  rockchip,rk30board,rk3588 rk30board",ARM Mali / Adreno (待确认),Android OEM(待确认),Android OEM(待确认),2022-01~2025-01(估算),"150~900(USD,估算)",主流级
Android,u202,63,,31490.233333,移动SoC(待确认),ARM Mali / Adreno (待确认),Android OEM(待确认),Android OEM(待确认),2022-01~2025-01(估算),"150~900(USD,估算)",基础级/待淘汰
Android,pdym20,72,"MT6853V/ZA, mt6853",31453.766667,"MT6853V/ZA, mt6853",ARM Mali / Adreno (待确认),Android OEM(待确认),Android OEM(待确认),2022-01~2025-01(估算),"150~900(USD,估算)",入门级
Android,m2102j2sc,89,qualcomm 865,31397.4,qualcomm 865,ARM Mali / Adreno (待确认),Android OEM(待确认),Android OEM(待确认),2022-01~2025-01(估算),"150~900(USD,估算)",主流级
Android,pcpm00,76,helio p60,31381.233333,helio p60,ARM Mali / Adreno (待确认),Android OEM(待确认),Android OEM(待确认),2022-01~2025-01(估算),"150~900(USD,估算)",入门级
Android,vog-al10,86,kirin 980,31280.05,kirin 980,ARM Mali / Adreno (待确认),Android OEM(待确认),Android OEM(待确认),2022-01~2025-01(估算),"150~900(USD,估算)",主流级
MAC,"Mac14,9",89,,31198.783333,待确认,待确认,待确认,待确认,待确认,待确认,主流级
Android,m2103k19c,78,mediatek 6020,31037.833333,mediatek 6020,ARM Mali / Adreno (待确认),Android OEM(待确认),Android OEM(待确认),2022-01~2025-01(估算),"150~900(USD,估算)",入门级
iOS,"iPad11,7",88,,30965.4,Apple A/M系列芯片(待细化),Apple 自研GPU,Apple,Apple,待确认,待确认,主流级
Android,sm-x510,71,,30880.566667,移动SoC(待确认),ARM Mali / Adreno (待确认),Samsung,Samsung,2022-01~2025-01(估算),"150~900(USD,估算)",入门级
Android,ud710_sa30_q30,68,,30863.866667,移动SoC(待确认),ARM Mali / Adreno (待确认),Android OEM(待确认),Android OEM(待确认),2022-01~2025-01(估算),"150~900(USD,估算)",基础级/待淘汰
Android,lge-an00,92,qualcomm 8 gen 1,30821.133333,qualcomm 8 gen 1,ARM Mali / Adreno (待确认),Android OEM(待确认),Android OEM(待确认),2022-01~2025-01(估算),"150~900(USD,估算)",高端级
Android,23049rad8c,91,qualcomm 7+ Gen 2,30737.05,qualcomm 7+ Gen 2,ARM Mali / Adreno (待确认),Android OEM(待确认),Android OEM(待确认),2022-01~2025-01(估算),"150~900(USD,估算)",高端级
Android,2411drn47c,83,qualcomm 4 Gen 2,30727.366667,qualcomm 4 Gen 2,ARM Mali / Adreno (待确认),Android OEM(待确认),Android OEM(待确认),2022-01~2025-01(估算),"150~900(USD,估算)",主流级
Android,lenovo tb-x606f,73,,30720.316667,移动SoC(待确认),ARM Mali / Adreno (待确认),Android OEM(待确认),Android OEM(待确认),2022-01~2025-01(估算),"150~900(USD,估算)",入门级
iOS,"iPhone15,5",-1,,30718.7,A16 Bionic,Apple GPU (5-core),Apple,Apple,2023-09,899,待确认配置
Windows,82AV,84,Intel(R) Core(TM) i7-10750H CPU @ 2.60GHz,30692.433333,Intel(R) Core(TM) i7-10750H CPU @ 2.60GHz,Intel Iris Xe/集成显卡(待确认),Lenovo,Lenovo,2022-01~2023-01,699,主流级
Android,btk-al00,89,,30456.583333,移动SoC(待确认),ARM Mali / Adreno (待确认),Huawei,Huawei,2022-01~2025-01(估算),"150~900(USD,估算)",主流级
Android,23116pn5bc,93,,30406.7,移动SoC(待确认),ARM Mali / Adreno (待确认),Android OEM(待确认),Android OEM(待确认),2022-01~2025-01(估算),"150~900(USD,估算)",高端级
Android,v2364a,89,", qcom",30394.25,", qcom",ARM Mali / Adreno (待确认),Android OEM(待确认),Android OEM(待确认),2022-01~2025-01(估算),"150~900(USD,估算)",主流级
Windows,NBLL-WXX9,66,AMD Ryzen 5 4500U with Radeon Graphics         ,30306.566667,AMD Ryzen 5 4500U with Radeon Graphics,Intel Iris Xe/集成显卡(待确认),PC OEM(待确认),PC OEM(待确认),待确认,待确认,基础级/待淘汰
Android,x2p,68,,30195.283333,移动SoC(待确认),ARM Mali / Adreno (待确认),Android OEM(待确认),Android OEM(待确认),2022-01~2025-01(估算),"150~900(USD,估算)",基础级/待淘汰
Android,x-01,65,,30074.283333,移动SoC(待确认),ARM Mali / Adreno (待确认),Android OEM(待确认),Android OEM(待确认),2022-01~2025-01(估算),"150~900(USD,估算)",基础级/待淘汰
Windows,21CX,88,12th Gen Intel(R) Core(TM) i5-12500H,30015.216667,12th Gen Intel(R) Core(TM) i5-12500H,Intel Iris Xe/集成显卡(待确认),Lenovo,Lenovo,2022-01~2023-01,699,主流级
Android,v2278a,79,mediatek 930,29916.583333,mediatek 930,ARM Mali / Adreno (待确认),Android OEM(待确认),Android OEM(待确认),2022-01~2025-01(估算),"150~900(USD,估算)",入门级
Android,tlr-al00,71,,29905.716667,移动SoC(待确认),ARM Mali / Adreno (待确认),Android OEM(待确认),Android OEM(待确认),2022-01~2025-01(估算),"150~900(USD,估算)",入门级
Windows,MDG-XX,78,13th Gen Intel(R) Core(TM) i5-13420H,29876.816667,13th Gen Intel(R) Core(TM) i5-13420H,Intel Iris Xe/集成显卡(待确认),PC OEM(待确认),PC OEM(待确认),待确认,待确认,入门级
MAC,"MacBookPro17,1",-1,,29765.683333,待确认,待确认,待确认,待确认,待确认,待确认,待确认配置
Android,pfum10,83,qualcomm 695,29710.283333,qualcomm 695,ARM Mali / Adreno (待确认),Android OEM(待确认),Android OEM(待确认),2022-01~2025-01(估算),"150~900(USD,估算)",主流级
Android,oce-an10,91,kirin 9000e,29692.95,kirin 9000e,ARM Mali / Adreno (待确认),Android OEM(待确认),Android OEM(待确认),2022-01~2025-01(估算),"150~900(USD,估算)",高端级
Windows,Precision 3551,84,Intel(R) Core(TM) i7-10750H CPU @ 2.60GHz,29642.033333,Intel(R) Core(TM) i7-10750H CPU @ 2.60GHz,Intel Iris Xe/集成显卡(待确认),PC OEM(待确认),PC OEM(待确认),待确认,待确认,主流级
Android,nic-an00,81,mediatek mt6835 mt6835 mt6835,29636.166667,MediaTek Dimensity 6100+,ARM Mali GPU,Android OEM(待确认),Android OEM(待确认),2022-01~2025-01(估算),"150~900(USD,估算)",主流级
Android,pce-w40,84,,29636.116667,移动SoC(待确认),ARM Mali / Adreno (待确认),Android OEM(待确认),Android OEM(待确认),2022-01~2025-01(估算),"150~900(USD,估算)",主流级
Android,brc-an00,75,,29614.883333,移动SoC(待确认),ARM Mali / Adreno (待确认),Android OEM(待确认),Android OEM(待确认),2022-01~2025-01(估算),"150~900(USD,估算)",入门级
Android,eli-an00,89,,29488.333333,移动SoC(待确认),ARM Mali / Adreno (待确认),Android OEM(待确认),Android OEM(待确认),2022-01~2025-01(估算),"150~900(USD,估算)",主流级
Android,pdkt00,72,"MT6873, mt6873",29451.266667,"MT6873, mt6873",ARM Mali / Adreno (待确认),Android OEM(待确认),Android OEM(待确认),2022-01~2025-01(估算),"150~900(USD,估算)",入门级
Android,pkd110,81,mediatek mt6835  mt6835,29403.083333,MediaTek Dimensity 6100+,ARM Mali GPU,Android OEM(待确认),Android OEM(待确认),2022-01~2025-01(估算),"150~900(USD,估算)",主流级
Android,maa-an00,89,,29325.05,移动SoC(待确认),ARM Mali / Adreno (待确认),Android OEM(待确认),Android OEM(待确认),2022-01~2025-01(估算),"150~900(USD,估算)",主流级
Android,mis-al00,71,,29323.783333,移动SoC(待确认),ARM Mali / Adreno (待确认),Android OEM(待确认),Android OEM(待确认),2022-01~2025-01(估算),"150~900(USD,估算)",入门级
Android,24090ra29c,82,mediatek mt6878  mt6878,29260.9,mediatek mt6878  mt6878,ARM Mali / Adreno (待确认),Android OEM(待确认),Android OEM(待确认),2022-01~2025-01(估算),"150~900(USD,估算)",主流级
Windows,Redmi Book 14 2024,88,13th Gen Intel(R) Core(TM) i5-13500H,29015.65,13th Gen Intel(R) Core(TM) i5-13500H,Intel Iris Xe/集成显卡(待确认),PC OEM(待确认),PC OEM(待确认),待确认,待确认,主流级
Android,pecm30,77,mediatek 800u,28949.283333,mediatek 800u,ARM Mali / Adreno (待确认),Android OEM(待确认),Android OEM(待确认),2022-01~2025-01(估算),"150~900(USD,估算)",入门级
Android,2312dra50c,85,qualcomm 7s Gen 2,28860.85,qualcomm 7s Gen 2,ARM Mali / Adreno (待确认),Android OEM(待确认),Android OEM(待确认),2022-01~2025-01(估算),"150~900(USD,估算)",主流级
Android,24115ra8ec,86,qti sm7635  qcom,28854.583333,qti sm7635  qcom,ARM Mali / Adreno (待确认),Android OEM(待确认),Android OEM(待确认),2022-01~2025-01(估算),"150~900(USD,估算)",主流级
Android,xd-sdd32-2401,71,,28841.083333,移动SoC(待确认),ARM Mali / Adreno (待确认),Android OEM(待确认),Android OEM(待确认),2022-01~2025-01(估算),"150~900(USD,估算)",入门级
Android,q20,72,,28765.133333,移动SoC(待确认),ARM Mali / Adreno (待确认),Android OEM(待确认),Android OEM(待确认),2022-01~2025-01(估算),"150~900(USD,估算)",入门级
Android,sm-s9280,87,"qualcomm technologies, inc qcs8250 qcom",28750.466667,"qualcomm technologies, inc qcs8250 qcom",ARM Mali / Adreno (待确认),Samsung,Samsung,2022-01~2025-01(估算),"150~900(USD,估算)",主流级
Android,plr-al30,84,,28727.933333,移动SoC(待确认),ARM Mali / Adreno (待确认),Android OEM(待确认),Android OEM(待确认),2022-01~2025-01(估算),"150~900(USD,估算)",主流级
Android,alt-an00,83,qualcomm 4 Gen 2,28726.866667,qualcomm 4 Gen 2,ARM Mali / Adreno (待确认),Android OEM(待确认),Android OEM(待确认),2022-01~2025-01(估算),"150~900(USD,估算)",主流级
Android,ags3k-w00,78,kirin 710,28689.116667,kirin 710,ARM Mali / Adreno (待确认),Android OEM(待确认),Android OEM(待确认),2022-01~2025-01(估算),"150~900(USD,估算)",入门级
Android,sm-t500,82,,28322.066667,移动SoC(待确认),ARM Mali / Adreno (待确认),Samsung,Samsung,2022-01~2025-01(估算),"150~900(USD,估算)",主流级
Android,pju110,78,mediatek 6020,28316.866667,mediatek 6020,ARM Mali / Adreno (待确认),Android OEM(待确认),Android OEM(待确认),2022-01~2025-01(估算),"150~900(USD,估算)",入门级
Android,jln-al00,83,qualcomm 680,28293.383333,qualcomm 680,ARM Mali / Adreno (待确认),Android OEM(待确认),Android OEM(待确认),2022-01~2025-01(估算),"150~900(USD,估算)",主流级
Android,mna-al00,93,,28265,移动SoC(待确认),ARM Mali / Adreno (待确认),Android OEM(待确认),Android OEM(待确认),2022-01~2025-01(估算),"150~900(USD,估算)",高端级
Android,v1932a,71,", rk30board",28226.433333,", rk30board",ARM Mali / Adreno (待确认),Android OEM(待确认),Android OEM(待确认),2022-01~2025-01(估算),"150~900(USD,估算)",入门级
Android,redmi note 7,81,qualcomm 660,28043.95,qualcomm 660,ARM Mali / Adreno (待确认),Android OEM(待确认),Android OEM(待确认),2022-01~2025-01(估算),"150~900(USD,估算)",主流级
Android,lly-an00,80,mediatek 6020,27861.683333,mediatek 6020,ARM Mali / Adreno (待确认),Android OEM(待确认),Android OEM(待确认),2022-01~2025-01(估算),"150~900(USD,估算)",主流级
Android,pchm10,84,"qualcomm technologies, inc sdm665 qcom",27858.35,"qualcomm technologies, inc sdm665 qcom",ARM Mali / Adreno (待确认),Android OEM(待确认),Android OEM(待确认),2022-01~2025-01(估算),"150~900(USD,估算)",主流级
Android,pkb110,79,,27853.616667,移动SoC(待确认),ARM Mali / Adreno (待确认),Android OEM(待确认),Android OEM(待确认),2022-01~2025-01(估算),"150~900(USD,估算)",入门级
Android,tb372fc,75,,27835.95,移动SoC(待确认),ARM Mali / Adreno (待确认),Android OEM(待确认),Android OEM(待确认),2022-01~2025-01(估算),"150~900(USD,估算)",入门级
Android,sm-p613,86,,27799.416667,移动SoC(待确认),ARM Mali / Adreno (待确认),Samsung,Samsung,2022-01~2025-01(估算),"150~900(USD,估算)",主流级
Android,23043rp34g,93,,27688.4,移动SoC(待确认),ARM Mali / Adreno (待确认),Android OEM(待确认),Android OEM(待确认),2022-01~2025-01(估算),"150~900(USD,估算)",高端级
Android,pdym20,77,mediatek 800u,27617.733333,mediatek 800u,ARM Mali / Adreno (待确认),Android OEM(待确认),Android OEM(待确认),2022-01~2025-01(估算),"150~900(USD,估算)",入门级
Android,got-al09,89,,27596.616667,移动SoC(待确认),ARM Mali / Adreno (待确认),Android OEM(待确认),Android OEM(待确认),2022-01~2025-01(估算),"150~900(USD,估算)",主流级
Android,24117rk2cc,96,qualcomm 8 Gen 3,27564.466667,Qualcomm Snapdragon 8 Gen 3,Adreno GPU,Android OEM(待确认),Android OEM(待确认),2022-01~2025-01(估算),"150~900(USD,估算)",旗舰级
Android,ang-an00,84,,27564.316667,移动SoC(待确认),ARM Mali / Adreno (待确认),Android OEM(待确认),Android OEM(待确认),2022-01~2025-01(估算),"150~900(USD,估算)",主流级
Android,a2,65,,27439.283333,移动SoC(待确认),ARM Mali / Adreno (待确认),Android OEM(待确认),Android OEM(待确认),2022-01~2025-01(估算),"150~900(USD,估算)",基础级/待淘汰
Windows,BOHB-WAX9,70,Intel(R) Core(TM) i5-10210U CPU @ 1.60GHz,27423.633333,Intel(R) Core(TM) i5-10210U CPU @ 1.60GHz,Intel Iris Xe/集成显卡(待确认),PC OEM(待确认),PC OEM(待确认),待确认,待确认,入门级
Android,foa-al00,89,,27419.883333,移动SoC(待确认),ARM Mali / Adreno (待确认),Android OEM(待确认),Android OEM(待确认),2022-01~2025-01(估算),"150~900(USD,估算)",主流级
Android,koz-al00,73,unisoc t610,27383.1,unisoc t610,ARM Mali / Adreno (待确认),Android OEM(待确认),Android OEM(待确认),2022-01~2025-01(估算),"150~900(USD,估算)",入门级
Windows,HP EliteBook 640 14 inch G10 Notebook PC,72,13th Gen Intel(R) Core(TM) i7-1355U,27155.4,13th Gen Intel(R) Core(TM) i7-1355U,Intel Iris Xe/集成显卡(待确认),HP,HP,2023-01,650,入门级
Android,opd2417,75,,27150.266667,移动SoC(待确认),ARM Mali / Adreno (待确认),Android OEM(待确认),Android OEM(待确认),2022-01~2025-01(估算),"150~900(USD,估算)",入门级
Android,nco-al00,85,qualcomm 778g,27135.983333,qualcomm 778g,ARM Mali / Adreno (待确认),Android OEM(待确认),Android OEM(待确认),2022-01~2025-01(估算),"150~900(USD,估算)",主流级
Windows,HP Laptop 14s-cr2xxx,70,Intel(R) Core(TM) i5-10210U CPU @ 1.60GHz,27135.65,Intel(R) Core(TM) i5-10210U CPU @ 1.60GHz,Intel Iris Xe/集成显卡(待确认),HP,HP,2023-01,650,入门级
Android,peqm00,80,mediatek 1080,27114.05,mediatek 1080,ARM Mali / Adreno (待确认),Android OEM(待确认),Android OEM(待确认),2022-01~2025-01(估算),"150~900(USD,估算)",主流级
Android,redmi note 8,84,"qualcomm technologies, inc trinket qcom",27042.883333,"qualcomm technologies, inc trinket qcom",ARM Mali / Adreno (待确认),Android OEM(待确认),Android OEM(待确认),2022-01~2025-01(估算),"150~900(USD,估算)",主流级
Android,tas-an00,84,", kirin990",27009.683333,", kirin990",ARM Mali / Adreno (待确认),Android OEM(待确认),Android OEM(待确认),2022-01~2025-01(估算),"150~900(USD,估算)",主流级
Android,tb330xu,72,,26930.066667,移动SoC(待确认),ARM Mali / Adreno (待确认),Android OEM(待确认),Android OEM(待确认),2022-01~2025-01(估算),"150~900(USD,估算)",入门级
Android,tb330fu,72,,26915.016667,移动SoC(待确认),ARM Mali / Adreno (待确认),Android OEM(待确认),Android OEM(待确认),2022-01~2025-01(估算),"150~900(USD,估算)",入门级
iOS,"iPhone14,4",94,,26872.666667,Apple A系列芯片(待细化),Apple 自研GPU,Apple,Apple,待确认,待确认,高端级
Android,phj110,75,,26773.533333,移动SoC(待确认),ARM Mali / Adreno (待确认),Android OEM(待确认),Android OEM(待确认),2022-01~2025-01(估算),"150~900(USD,估算)",入门级
Android,lna-al00,92,qualcomm 8+ gen 1,26760.283333,qualcomm 8+ gen 1,ARM Mali / Adreno (待确认),Android OEM(待确认),Android OEM(待确认),2022-01~2025-01(估算),"150~900(USD,估算)",高端级
Windows,82LM,78,AMD Ryzen 5 5500U with Radeon Graphics         ,26732.266667,AMD Ryzen 5 5500U with Radeon Graphics,Intel Iris Xe/集成显卡(待确认),Lenovo,Lenovo,2022-01~2023-01,699,入门级
Android,22127rk46c,86,xiaomi 22127rk46c  qcom,26707.533333,xiaomi 22127rk46c  qcom,ARM Mali / Adreno (待确认),Android OEM(待确认),Android OEM(待确认),2022-01~2025-01(估算),"150~900(USD,估算)",主流级
Android,25091rp04c,97,,26664.666667,移动SoC(待确认),ARM Mali / Adreno (待确认),Android OEM(待确认),Android OEM(待确认),2022-01~2025-01(估算),"150~900(USD,估算)",旗舰级
Android,wgr-an19,88,,26561.3,移动SoC(待确认),ARM Mali / Adreno (待确认),Android OEM(待确认),Android OEM(待确认),2022-01~2025-01(估算),"150~900(USD,估算)",主流级
Android,noh-an01,88,,26536.3,移动SoC(待确认),ARM Mali / Adreno (待确认),Android OEM(待确认),Android OEM(待确认),2022-01~2025-01(估算),"150~900(USD,估算)",主流级
iOS,"iPhone17,4",-1,,26425.5,Apple A系列芯片(待细化),Apple 自研GPU,Apple,Apple,待确认,待确认,待确认配置
Android,24069ra21c,92,qualcomm 8s Gen 3,26392.8,qualcomm 8s Gen 3,ARM Mali / Adreno (待确认),Android OEM(待确认),Android OEM(待确认),2022-01~2025-01(估算),"150~900(USD,估算)",高端级
Android,phm110,85,qualcomm 778g,26379.3,qualcomm 778g,ARM Mali / Adreno (待确认),Android OEM(待确认),Android OEM(待确认),2022-01~2025-01(估算),"150~900(USD,估算)",主流级
Android,readboy_c30,89,,26299.85,移动SoC(待确认),ARM Mali / Adreno (待确认),Android OEM(待确认),Android OEM(待确认),2022-01~2025-01(估算),"150~900(USD,估算)",主流级
Android,v2220a,81,google rk3588s  pd2220,26105.033333,Rockchip RK3588S,ARM Mali-G610,Android OEM(待确认),Android OEM(待确认),2022-01~2025-01(估算),"150~900(USD,估算)",主流级
Android,2410dpn6cc,97,", qcom",26078.966667,", qcom",ARM Mali / Adreno (待确认),Android OEM(待确认),Android OEM(待确认),2022-01~2025-01(估算),"150~900(USD,估算)",旗舰级
iOS,"iPhone15,4",66,,25997.016667,A16 Bionic,Apple GPU (5-core),Apple,Apple,2023-09,799,基础级/待淘汰
iOS,"iPhone11,6",-1,,25982.833333,Apple A系列芯片(待细化),Apple 自研GPU,Apple,Apple,待确认,待确认,待确认配置
Android,wlz-an00,88,kirin 990,25949.15,kirin 990,ARM Mali / Adreno (待确认),Android OEM(待确认),Android OEM(待确认),2022-01~2025-01(估算),"150~900(USD,估算)",主流级
Android,sm-g9750,88,qualcomm 855,25772.333333,qualcomm 855,ARM Mali / Adreno (待确认),Samsung,Samsung,2022-01~2025-01(估算),"150~900(USD,估算)",主流级
Android,tgr-w10,91,kirin 9000,25742.766667,kirin 9000,ARM Mali / Adreno (待确认),Huawei,Huawei,2022-01~2025-01(估算),"150~900(USD,估算)",高端级
iOS,"iPhone15,2",66,,25716.05,A16 Bionic,Apple GPU (5-core),Apple,Apple,2022-09,799,基础级/待淘汰
Android,blk-al80,86,kirin 8000,25713.75,kirin 8000,ARM Mali / Adreno (待确认),Android OEM(待确认),Android OEM(待确认),2022-01~2025-01(估算),"150~900(USD,估算)",主流级
Windows,82GL,76,AMD Ryzen 7 4800U with Radeon Graphics         ,25658.933333,AMD Ryzen 7 4800U with Radeon Graphics,Intel Iris Xe/集成显卡(待确认),Lenovo,Lenovo,2022-01~2023-01,699,入门级
Android,25032rp42c,76,,25658.783333,移动SoC(待确认),ARM Mali / Adreno (待确认),Android OEM(待确认),Android OEM(待确认),2022-01~2025-01(估算),"150~900(USD,估算)",入门级
Android,ld2022002,74,helio p65,25558.933333,MediaTek Helio P65,ARM Mali-G52,Android OEM(待确认),Android OEM(待确认),2022-01~2025-01(估算),"150~900(USD,估算)",入门级
Android,pftm20,75,"MT6833V/PNZA, mt6833",25490.683333,"MT6833V/PNZA, mt6833",ARM Mali / Adreno (待确认),Android OEM(待确认),Android OEM(待确认),2022-01~2025-01(估算),"150~900(USD,估算)",入门级
Android,oce-an10,88,,25460.516667,移动SoC(待确认),ARM Mali / Adreno (待确认),Android OEM(待确认),Android OEM(待确认),2022-01~2025-01(估算),"150~900(USD,估算)",主流级
Android,pkm110,79,,25398.416667,移动SoC(待确认),ARM Mali / Adreno (待确认),Android OEM(待确认),Android OEM(待确认),2022-01~2025-01(估算),"150~900(USD,估算)",入门级
Android,24069ra21c,89,,25372.283333,移动SoC(待确认),ARM Mali / Adreno (待确认),Android OEM(待确认),Android OEM(待确认),2022-01~2025-01(估算),"150~900(USD,估算)",主流级
Windows,82JQ,97,AMD Ryzen 7 5800H with Radeon Graphics         ,25367.916667,AMD Ryzen 7 5800H with Radeon Graphics,Intel Iris Xe/集成显卡(待确认),Lenovo,Lenovo,2022-01~2023-01,699,旗舰级
Android,rea-an00,86,qualcomm 7 gen 1,25355.583333,qualcomm 7 gen 1,ARM Mali / Adreno (待确认),Android OEM(待确认),Android OEM(待确认),2022-01~2025-01(估算),"150~900(USD,估算)",主流级
Android,dby-w09,89,qualcomm 865,25354.8,qualcomm 865,ARM Mali / Adreno (待确认),Huawei,Huawei,2022-01~2025-01(估算),"150~900(USD,估算)",主流级
Android,lio-an00,84,", kirin990",25297.333333,", kirin990",ARM Mali / Adreno (待确认),Android OEM(待确认),Android OEM(待确认),2022-01~2025-01(估算),"150~900(USD,估算)",主流级
Windows,KLVG-XX,76,13th Gen Intel(R) Core(TM) i5-1340P,25198.833333,13th Gen Intel(R) Core(TM) i5-1340P,Intel Iris Xe/集成显卡(待确认),PC OEM(待确认),PC OEM(待确认),待确认,待确认,入门级
Android,t3,89,,25148.183333,移动SoC(待确认),ARM Mali / Adreno (待确认),Android OEM(待确认),Android OEM(待确认),2022-01~2025-01(估算),"150~900(USD,估算)",主流级
Android,blk-al80,71,", Kirin8000",25109.6,", Kirin8000",ARM Mali / Adreno (待确认),Android OEM(待确认),Android OEM(待确认),2022-01~2025-01(估算),"150~900(USD,估算)",入门级
Android,rol-w00,79,,25088.3,移动SoC(待确认),ARM Mali / Adreno (待确认),Android OEM(待确认),Android OEM(待确认),2022-01~2025-01(估算),"150~900(USD,估算)",入门级
Android,22101316c,82,mediatek 1080,24952.25,mediatek 1080,ARM Mali / Adreno (待确认),Android OEM(待确认),Android OEM(待确认),2022-01~2025-01(估算),"150~900(USD,估算)",主流级
Android,x6b,71,,24805.333333,移动SoC(待确认),ARM Mali / Adreno (待确认),Android OEM(待确认),Android OEM(待确认),2022-01~2025-01(估算),"150~900(USD,估算)",入门级
Android,plr-al50,71,,24642.25,移动SoC(待确认),ARM Mali / Adreno (待确认),Android OEM(待确认),Android OEM(待确认),2022-01~2025-01(估算),"150~900(USD,估算)",入门级
Android,noh-an01,91,kirin 9000,24590.85,kirin 9000,ARM Mali / Adreno (待确认),Android OEM(待确认),Android OEM(待确认),2022-01~2025-01(估算),"150~900(USD,估算)",高端级
Android,v2230a,76,mediatek 700,24511.083333,mediatek 700,ARM Mali / Adreno (待确认),Android OEM(待确认),Android OEM(待确认),2022-01~2025-01(估算),"150~900(USD,估算)",入门级
Android,lge-an00,89,,24411.166667,移动SoC(待确认),ARM Mali / Adreno (待确认),Android OEM(待确认),Android OEM(待确认),2022-01~2025-01(估算),"150~900(USD,估算)",主流级
Android,hma-al00,84,,24360.8,移动SoC(待确认),ARM Mali / Adreno (待确认),Android OEM(待确认),Android OEM(待确认),2022-01~2025-01(估算),"150~900(USD,估算)",主流级
Android,23049rad8c,89,,24303.05,移动SoC(待确认),ARM Mali / Adreno (待确认),Android OEM(待确认),Android OEM(待确认),2022-01~2025-01(估算),"150~900(USD,估算)",主流级
Android,v2323a,89,,24300.866667,移动SoC(待确认),ARM Mali / Adreno (待确认),Android OEM(待确认),Android OEM(待确认),2022-01~2025-01(估算),"150~900(USD,估算)",主流级
Windows,82B6,94,AMD Ryzen 7 4800H with Radeon Graphics         ,24259.616667,AMD Ryzen 7 4800H with Radeon Graphics,Intel Iris Xe/集成显卡(待确认),Lenovo,Lenovo,2022-01~2023-01,699,高端级
Android,v2219a,79,mediatek 930,24150.516667,mediatek 930,ARM Mali / Adreno (待确认),Android OEM(待确认),Android OEM(待确认),2022-01~2025-01(估算),"150~900(USD,估算)",入门级
Windows,ASUS Zenbook 14 UX3405MA_UX3405MA,82,Intel(R) Core(TM) Ultra 9 185H,24126.15,Intel(R) Core(TM) Ultra 9 185H,Intel Iris Xe/集成显卡(待确认),PC OEM(待确认),PC OEM(待确认),待确认,待确认,主流级
Android,eamey-a01,74,unisoc t610,24113.95,unisoc t610,ARM Mali / Adreno (待确认),Android OEM(待确认),Android OEM(待确认),2022-01~2025-01(估算),"150~900(USD,估算)",入门级
Android,25053rt47c,93,,24090.166667,移动SoC(待确认),ARM Mali / Adreno (待确认),Android OEM(待确认),Android OEM(待确认),2022-01~2025-01(估算),"150~900(USD,估算)",高端级
Android,m2007j17c,82,qualcomm 750g,24068.716667,qualcomm 750g,ARM Mali / Adreno (待确认),Android OEM(待确认),Android OEM(待确认),2022-01~2025-01(估算),"150~900(USD,估算)",主流级
Android,v2241a,75,,24045.633333,移动SoC(待确认),ARM Mali / Adreno (待确认),Android OEM(待确认),Android OEM(待确认),2022-01~2025-01(估算),"150~900(USD,估算)",入门级
Android,bre-al80,69,,24031.283333,移动SoC(待确认),ARM Mali / Adreno (待确认),Android OEM(待确认),Android OEM(待确认),2022-01~2025-01(估算),"150~900(USD,估算)",基础级/待淘汰
Android,v2410a,83,qualcomm 6 Gen 1,23989.666667,qualcomm 6 Gen 1,ARM Mali / Adreno (待确认),Android OEM(待确认),Android OEM(待确认),2022-01~2025-01(估算),"150~900(USD,估算)",主流级
Windows,83AN,97,AMD Ryzen 7 7735HS with Radeon Graphics        ,23794.266667,AMD Ryzen 7 7735HS with Radeon Graphics,Intel Iris Xe/集成显卡(待确认),Lenovo,Lenovo,2022-01~2023-01,699,旗舰级
MAC,"MacBookPro16,1",70,,23781.3,待确认,待确认,待确认,待确认,待确认,待确认,入门级
Android,23113rkc6c,94,qualcomm 8 Gen 2,23751.216667,qualcomm 8 Gen 2,ARM Mali / Adreno (待确认),Android OEM(待确认),Android OEM(待确认),2022-01~2025-01(估算),"150~900(USD,估算)",高端级
Android,phw110,89,,23750.733333,移动SoC(待确认),ARM Mali / Adreno (待确认),Android OEM(待确认),Android OEM(待确认),2022-01~2025-01(估算),"150~900(USD,估算)",主流级
Android,lenovo tb-j606f,82,,23745.666667,移动SoC(待确认),ARM Mali / Adreno (待确认),Android OEM(待确认),Android OEM(待确认),2022-01~2025-01(估算),"150~900(USD,估算)",主流级
Android,sm-n9860,71,,23648.9,移动SoC(待确认),ARM Mali / Adreno (待确认),Samsung,Samsung,2022-01~2025-01(估算),"150~900(USD,估算)",入门级
Windows,WRTD-WXX9,82,11th Gen Intel(R) Core(TM) i7-1165G7 @ 2.80GHz,23620.266667,11th Gen Intel(R) Core(TM) i7-1165G7 @ 2.80GHz,Intel Iris Xe/集成显卡(待确认),PC OEM(待确认),PC OEM(待确认),待确认,待确认,主流级
Android,dio-an00,76,mediatek 700,23612.016667,mediatek 700,ARM Mali / Adreno (待确认),Android OEM(待确认),Android OEM(待确认),2022-01~2025-01(估算),"150~900(USD,估算)",入门级
iOS,"iPad12,2",90,,23534.05,Apple A/M系列芯片(待细化),Apple 自研GPU,Apple,Apple,待确认,待确认,高端级
iOS,"iPhone18,2",66,,23505.066667,Apple A系列芯片(待细化),Apple 自研GPU,Apple,Apple,待确认,待确认,基础级/待淘汰
Android,25097rp43c,93,,23491.25,移动SoC(待确认),ARM Mali / Adreno (待确认),Android OEM(待确认),Android OEM(待确认),2022-01~2025-01(估算),"150~900(USD,估算)",高端级
Android,bong pro,75,,23442.15,移动SoC(待确认),ARM Mali / Adreno (待确认),Android OEM(待确认),Android OEM(待确认),2022-01~2025-01(估算),"150~900(USD,估算)",入门级
Android,2407frk8ec,92,mediatek 9300,23401.333333,mediatek 9300,ARM Mali / Adreno (待确认),Android OEM(待确认),Android OEM(待确认),2022-01~2025-01(估算),"150~900(USD,估算)",高端级
Android,jad-al50,88,,23367.833333,移动SoC(待确认),ARM Mali / Adreno (待确认),Android OEM(待确认),Android OEM(待确认),2022-01~2025-01(估算),"150~900(USD,估算)",主流级
iOS,"iPhone16,1",66,,23330.8,A17 Pro,Apple GPU (6-core),Apple,Apple,2023-09,999,基础级/待淘汰
Android,eln-w09,86,,23326.866667,移动SoC(待确认),ARM Mali / Adreno (待确认),Android OEM(待确认),Android OEM(待确认),2022-01~2025-01(估算),"150~900(USD,估算)",主流级
Android,pgbm10,75,,23281.433333,移动SoC(待确认),ARM Mali / Adreno (待确认),Android OEM(待确认),Android OEM(待确认),2022-01~2025-01(估算),"150~900(USD,估算)",入门级
iOS,"iPad16,3",98,,23266.083333,Apple A/M系列芯片(待细化),Apple 自研GPU,Apple,Apple,待确认,待确认,旗舰级
Android,lsa-an00,85,qualcomm 778g,23164.216667,qualcomm 778g,ARM Mali / Adreno (待确认),Android OEM(待确认),Android OEM(待确认),2022-01~2025-01(估算),"150~900(USD,估算)",主流级
Android,eve-al00,79,kirin 710,23158.683333,kirin 710,ARM Mali / Adreno (待确认),Android OEM(待确认),Android OEM(待确认),2022-01~2025-01(估算),"150~900(USD,估算)",入门级
Android,oppo r11s,86,,23080.1,移动SoC(待确认),ARM Mali / Adreno (待确认),Android OEM(待确认),Android OEM(待确认),2022-01~2025-01(估算),"150~900(USD,估算)",主流级
Android,eamey-a01,72,Unisoc T610,23053.233333,Unisoc T610,ARM Mali / Adreno (待确认),Android OEM(待确认),Android OEM(待确认),2022-01~2025-01(估算),"150~900(USD,估算)",入门级
Android,grl-al10,71,,22965.016667,移动SoC(待确认),ARM Mali / Adreno (待确认),Android OEM(待确认),Android OEM(待确认),2022-01~2025-01(估算),"150~900(USD,估算)",入门级
Android,nth-an00,85,qualcomm 778g,22901.466667,qualcomm 778g,ARM Mali / Adreno (待确认),Android OEM(待确认),Android OEM(待确认),2022-01~2025-01(估算),"150~900(USD,估算)",主流级
Android,maa-an10,93,,22882.966667,移动SoC(待确认),ARM Mali / Adreno (待确认),Android OEM(待确认),Android OEM(待确认),2022-01~2025-01(估算),"150~900(USD,估算)",高端级
Android,bvl-an00,93,,22855.133333,移动SoC(待确认),ARM Mali / Adreno (待确认),Android OEM(待确认),Android OEM(待确认),2022-01~2025-01(估算),"150~900(USD,估算)",高端级
Windows,HP ProBook 440 G7,70,Intel(R) Core(TM) i5-10210U CPU @ 1.60GHz,22848.083333,Intel(R) Core(TM) i5-10210U CPU @ 1.60GHz,Intel Iris Xe/集成显卡(待确认),HP,HP,2023-01,650,入门级
Android,2410dpn6cc,97,,22841.65,移动SoC(待确认),ARM Mali / Adreno (待确认),Android OEM(待确认),Android OEM(待确认),2022-01~2025-01(估算),"150~900(USD,估算)",旗舰级
Android,v2353a,83,qualcomm 6 Gen 1,22832.333333,qualcomm 6 Gen 1,ARM Mali / Adreno (待确认),Android OEM(待确认),Android OEM(待确认),2022-01~2025-01(估算),"150~900(USD,估算)",主流级
Android,v2057a,76,mediatek 720,22780.933333,mediatek 720,ARM Mali / Adreno (待确认),Android OEM(待确认),Android OEM(待确认),2022-01~2025-01(估算),"150~900(USD,估算)",入门级
Android,sm-x800,89,,22730.566667,移动SoC(待确认),ARM Mali / Adreno (待确认),Samsung,Samsung,2022-01~2025-01(估算),"150~900(USD,估算)",主流级
Android,m2012k11ac,89,qualcomm 865,22710.616667,qualcomm 865,ARM Mali / Adreno (待确认),Android OEM(待确认),Android OEM(待确认),2022-01~2025-01(估算),"150~900(USD,估算)",主流级
Windows,HP ProBook 455 G7,66,AMD Ryzen 5 4500U with Radeon Graphics         ,22669.75,AMD Ryzen 5 4500U with Radeon Graphics,Intel Iris Xe/集成显卡(待确认),HP,HP,2023-01,650,基础级/待淘汰
Android,v2443a,81,mediatek mt6835  mt6835,22657.233333,MediaTek Dimensity 6100+,ARM Mali GPU,Android OEM(待确认),Android OEM(待确认),2022-01~2025-01(估算),"150~900(USD,估算)",主流级
MAC,"Mac14,7",-1,,22626.966667,待确认,待确认,待确认,待确认,待确认,待确认,待确认配置
Android,bah-w09,82,,22619.533333,移动SoC(待确认),ARM Mali / Adreno (待确认),Android OEM(待确认),Android OEM(待确认),2022-01~2025-01(估算),"150~900(USD,估算)",主流级
Android,hebe-bd00,85,qualcomm 778g,22619.216667,qualcomm 778g,ARM Mali / Adreno (待确认),Android OEM(待确认),Android OEM(待确认),2022-01~2025-01(估算),"150~900(USD,估算)",主流级
Android,v2429a,89,,22598.766667,移动SoC(待确认),ARM Mali / Adreno (待确认),Android OEM(待确认),Android OEM(待确认),2022-01~2025-01(估算),"150~900(USD,估算)",主流级
Android,dnn-an00,89,,22582.95,移动SoC(待确认),ARM Mali / Adreno (待确认),Android OEM(待确认),Android OEM(待确认),2022-01~2025-01(估算),"150~900(USD,估算)",主流级
Android,pbam00,74,qualcomm 450,22577.866667,qualcomm 450,ARM Mali / Adreno (待确认),Android OEM(待确认),Android OEM(待确认),2022-01~2025-01(估算),"150~900(USD,估算)",入门级
Android,phw110,89,"Qualcomm Technologies, Inc SDM778G, qcom",22557.5,"Qualcomm Technologies, Inc SDM778G, qcom",ARM Mali / Adreno (待确认),Android OEM(待确认),Android OEM(待确认),2022-01~2025-01(估算),"150~900(USD,估算)",主流级
Android,zpd1201,69,,22545.066667,移动SoC(待确认),ARM Mali / Adreno (待确认),Android OEM(待确认),Android OEM(待确认),2022-01~2025-01(估算),"150~900(USD,估算)",基础级/待淘汰
Android,sea-al10,84,,22544.25,移动SoC(待确认),ARM Mali / Adreno (待确认),Android OEM(待确认),Android OEM(待确认),2022-01~2025-01(估算),"150~900(USD,估算)",主流级
Windows,21CUA05YCD,78,AMD Ryzen 5 5600U with Radeon Graphics         ,22541.633333,AMD Ryzen 5 5600U with Radeon Graphics,Intel Iris Xe/集成显卡(待确认),Lenovo,Lenovo,2022-01~2023-01,699,入门级
Windows,MS-7D48,84,12th Gen Intel(R) Core(TM) i5-12400F,22518.5,12th Gen Intel(R) Core(TM) i5-12400F,Intel Iris Xe/集成显卡(待确认),PC OEM(待确认),PC OEM(待确认),待确认,待确认,主流级
Windows,Inspiron 3470,78,Intel(R) Core(TM) i5-8400 CPU @ 2.80GHz,22517.383333,Intel(R) Core(TM) i5-8400 CPU @ 2.80GHz,Intel Iris Xe/集成显卡(待确认),PC OEM(待确认),PC OEM(待确认),待确认,待确认,入门级
Android,ada-al00u,69,,22475.4,移动SoC(待确认),ARM Mali / Adreno (待确认),Android OEM(待确认),Android OEM(待确认),2022-01~2025-01(估算),"150~900(USD,估算)",基础级/待淘汰
Android,pemm00,76,mediatek 700,22459.85,mediatek 700,ARM Mali / Adreno (待确认),Android OEM(待确认),Android OEM(待确认),2022-01~2025-01(估算),"150~900(USD,估算)",入门级
Windows,83LY,82,Intel(R) Core(TM) i7-14650HX,22456,Intel(R) Core(TM) i7-14650HX,Intel Iris Xe/集成显卡(待确认),Lenovo,Lenovo,2022-01~2023-01,699,主流级
iOS,"iPhone17,5",100,,22445.65,Apple A系列芯片(待细化),Apple 自研GPU,Apple,Apple,待确认,待确认,旗舰级
Android,pje110,93,,22410.816667,移动SoC(待确认),ARM Mali / Adreno (待确认),Android OEM(待确认),Android OEM(待确认),2022-01~2025-01(估算),"150~900(USD,估算)",高端级
Android,pbem00,85,,22407.233333,移动SoC(待确认),ARM Mali / Adreno (待确认),Android OEM(待确认),Android OEM(待确认),2022-01~2025-01(估算),"150~900(USD,估算)",主流级
Android,v2357a,81,mediatek mt6835  mt6835,22378.766667,MediaTek Dimensity 6100+,ARM Mali GPU,Android OEM(待确认),Android OEM(待确认),2022-01~2025-01(估算),"150~900(USD,估算)",主流级
MAC,"Mac14,3",85,,22371.166667,待确认,待确认,待确认,待确认,待确认,待确认,主流级
Windows,82B6,90,AMD Ryzen 5 4600H with Radeon Graphics         ,22349.083333,AMD Ryzen 5 4600H with Radeon Graphics,Intel Iris Xe/集成显卡(待确认),Lenovo,Lenovo,2022-01~2023-01,699,高端级
Android,v2353da,83,qualcomm 6 Gen 1,22294.3,qualcomm 6 Gen 1,ARM Mali / Adreno (待确认),Android OEM(待确认),Android OEM(待确认),2022-01~2025-01(估算),"150~900(USD,估算)",主流级
iOS,"iPad16,3",66,,22259.9,Apple A/M系列芯片(待细化),Apple 自研GPU,Apple,Apple,待确认,待确认,基础级/待淘汰
Android,pla110,89,mediatek 8300,22240.45,mediatek 8300,ARM Mali / Adreno (待确认),Android OEM(待确认),Android OEM(待确认),2022-01~2025-01(估算),"150~900(USD,估算)",主流级
Android,v2364a,89,,22231.416667,移动SoC(待确认),ARM Mali / Adreno (待确认),Android OEM(待确认),Android OEM(待确认),2022-01~2025-01(估算),"150~900(USD,估算)",主流级
Android,mna-al00,94,qualcomm 8+ gen 1,22200.033333,qualcomm 8+ gen 1,ARM Mali / Adreno (待确认),Android OEM(待确认),Android OEM(待确认),2022-01~2025-01(估算),"150~900(USD,估算)",高端级
Android,mga-al40,79,kirin 710,22167.933333,kirin 710,ARM Mali / Adreno (待确认),Android OEM(待确认),Android OEM(待确认),2022-01~2025-01(估算),"150~900(USD,估算)",入门级
Windows,VivoBook_ASUSLaptop M3400QA_M3400QA,97,AMD Ryzen 7 5800H with Radeon Graphics         ,22122.35,AMD Ryzen 7 5800H with Radeon Graphics,Intel Iris Xe/集成显卡(待确认),PC OEM(待确认),PC OEM(待确认),待确认,待确认,旗舰级
Windows,Swift SF314-56,64,Intel(R) Core(TM) i5-8265U CPU @ 1.60GHz,22110.05,Intel(R) Core(TM) i5-8265U CPU @ 1.60GHz,Intel Iris Xe/集成显卡(待确认),PC OEM(待确认),PC OEM(待确认),待确认,待确认,基础级/待淘汰
Android,amm-an00,89,,22103.783333,移动SoC(待确认),ARM Mali / Adreno (待确认),Android OEM(待确认),Android OEM(待确认),2022-01~2025-01(估算),"150~900(USD,估算)",主流级
Windows,82WK,82,13th Gen Intel(R) Core(TM) i9-13900HX,22047.283333,13th Gen Intel(R) Core(TM) i9-13900HX,Intel Iris Xe/集成显卡(待确认),Lenovo,Lenovo,2022-01~2023-01,699,主流级
Android,any-an00,89,,21974.333333,移动SoC(待确认),ARM Mali / Adreno (待确认),Android OEM(待确认),Android OEM(待确认),2022-01~2025-01(估算),"150~900(USD,估算)",主流级
Android,sm-t870,93,,21929.816667,移动SoC(待确认),ARM Mali / Adreno (待确认),Samsung,Samsung,2022-01~2025-01(估算),"150~900(USD,估算)",高端级
Android,lya-al10,86,kirin 980,21885.333333,kirin 980,ARM Mali / Adreno (待确认),Android OEM(待确认),Android OEM(待确认),2022-01~2025-01(估算),"150~900(USD,估算)",主流级
Windows,Inspiron 3501,76,11th Gen Intel(R) Core(TM) i5-1135G7 @ 2.40GHz,21873.833333,11th Gen Intel(R) Core(TM) i5-1135G7 @ 2.40GHz,Intel Iris Xe/集成显卡(待确认),PC OEM(待确认),PC OEM(待确认),待确认,待确认,入门级
Android,rk3588_s,71,", rk30board",21769.666667,", rk30board",ARM Mali / Adreno (待确认),Android OEM(待确认),Android OEM(待确认),2022-01~2025-01(估算),"150~900(USD,估算)",入门级
Android,cmr-al09,68,,21751.8,移动SoC(待确认),ARM Mali / Adreno (待确认),Android OEM(待确认),Android OEM(待确认),2022-01~2025-01(估算),"150~900(USD,估算)",基础级/待淘汰
Android,21091116uc,81,mediatek 1080,21730,mediatek 1080,ARM Mali / Adreno (待确认),Android OEM(待确认),Android OEM(待确认),2022-01~2025-01(估算),"150~900(USD,估算)",主流级
Android,jdn2-w09,81,,21684.883333,移动SoC(待确认),ARM Mali / Adreno (待确认),Android OEM(待确认),Android OEM(待确认),2022-01~2025-01(估算),"150~900(USD,估算)",主流级
Android,jad-al00,89,,21683.65,移动SoC(待确认),ARM Mali / Adreno (待确认),Android OEM(待确认),Android OEM(待确认),2022-01~2025-01(估算),"150~900(USD,估算)",主流级
Android,ali-an00,89,"SM6450, qcom",21649.316667,"SM6450, qcom",ARM Mali / Adreno (待确认),Android OEM(待确认),Android OEM(待确认),2022-01~2025-01(估算),"150~900(USD,估算)",主流级
Windows,21TK,72,Intel(R) Core(TM) Ultra 5 225H,21646.45,Intel(R) Core(TM) Ultra 5 225H,Intel Iris Xe/集成显卡(待确认),Lenovo,Lenovo,2022-01~2023-01,699,入门级
Android,pjb110,75,,21630.883333,移动SoC(待确认),ARM Mali / Adreno (待确认),Android OEM(待确认),Android OEM(待确认),2022-01~2025-01(估算),"150~900(USD,估算)",入门级
Android,readboy_c70pro,72,,21629.016667,移动SoC(待确认),ARM Mali / Adreno (待确认),Android OEM(待确认),Android OEM(待确认),2022-01~2025-01(估算),"150~900(USD,估算)",入门级
Android,v2183a,75,,21596.916667,移动SoC(待确认),ARM Mali / Adreno (待确认),Android OEM(待确认),Android OEM(待确认),2022-01~2025-01(估算),"150~900(USD,估算)",入门级
Android,phq110,83,qualcomm 695,21554.966667,qualcomm 695,ARM Mali / Adreno (待确认),Android OEM(待确认),Android OEM(待确认),2022-01~2025-01(估算),"150~900(USD,估算)",主流级
Windows,83K9,97,AMD Ryzen 7 8745HS w/ Radeon 780M Graphics     ,21544.383333,AMD Ryzen 7 8745HS w/ Radeon 780M Graphics,Intel Iris Xe/集成显卡(待确认),Lenovo,Lenovo,2022-01~2023-01,699,旗舰级
Android,opd2404,93,,21424.366667,移动SoC(待确认),ARM Mali / Adreno (待确认),Android OEM(待确认),Android OEM(待确认),2022-01~2025-01(估算),"150~900(USD,估算)",高端级
Windows,82UU,97,AMD Ryzen 7 6800HS Creator Edition,21364.75,AMD Ryzen 7 6800HS Creator Edition,Intel Iris Xe/集成显卡(待确认),Lenovo,Lenovo,2022-01~2023-01,699,旗舰级
Android,ags3k-w10,77,,21352.1,移动SoC(待确认),ARM Mali / Adreno (待确认),Android OEM(待确认),Android OEM(待确认),2022-01~2025-01(估算),"150~900(USD,估算)",入门级
Android,fin-al60,89,,21325.8,移动SoC(待确认),ARM Mali / Adreno (待确认),Android OEM(待确认),Android OEM(待确认),2022-01~2025-01(估算),"150~900(USD,估算)",主流级
Android,v2429a,88,qualcomm 7 Gen 3,21320.633333,qualcomm 7 Gen 3,ARM Mali / Adreno (待确认),Android OEM(待确认),Android OEM(待确认),2022-01~2025-01(估算),"150~900(USD,估算)",主流级
Android,pjt110,83,qualcomm 695,21296.816667,qualcomm 695,ARM Mali / Adreno (待确认),Android OEM(待确认),Android OEM(待确认),2022-01~2025-01(估算),"150~900(USD,估算)",主流级
Android,bah4-w39,77,,21223.266667,移动SoC(待确认),ARM Mali / Adreno (待确认),Android OEM(待确认),Android OEM(待确认),2022-01~2025-01(估算),"150~900(USD,估算)",入门级
Android,pegm00,84,qualcomm 765g,21148,qualcomm 765g,ARM Mali / Adreno (待确认),Android OEM(待确认),Android OEM(待确认),2022-01~2025-01(估算),"150~900(USD,估算)",主流级
Android,redmi note 8 pro,75,"MT6785V/CC, mt6785",21074.966667,"MT6785V/CC, mt6785",ARM Mali / Adreno (待确认),Android OEM(待确认),Android OEM(待确认),2022-01~2025-01(估算),"150~900(USD,估算)",入门级
Android,pjv110,79,,21005.066667,移动SoC(待确认),ARM Mali / Adreno (待确认),Android OEM(待确认),Android OEM(待确认),2022-01~2025-01(估算),"150~900(USD,估算)",入门级
Windows,Inspiron 15 5510,76,11th Gen Intel(R) Core(TM) i5-11300H @ 3.10GHz,20976.416667,11th Gen Intel(R) Core(TM) i5-11300H @ 3.10GHz,Intel Iris Xe/集成显卡(待确认),PC OEM(待确认),PC OEM(待确认),待确认,待确认,入门级
Android,v2318a,78,mediatek 6020,20964.933333,mediatek 6020,ARM Mali / Adreno (待确认),Android OEM(待确认),Android OEM(待确认),2022-01~2025-01(估算),"150~900(USD,估算)",入门级
Android,cha-al80,79,kirin 710,20944.066667,kirin 710,ARM Mali / Adreno (待确认),Android OEM(待确认),Android OEM(待确认),2022-01~2025-01(估算),"150~900(USD,估算)",入门级
Android,v2354a,83,qualcomm 4 Gen 2,20798.633333,qualcomm 4 Gen 2,ARM Mali / Adreno (待确认),Android OEM(待确认),Android OEM(待确认),2022-01~2025-01(估算),"150~900(USD,估算)",主流级
Android,fne-an00,86,qualcomm 778g,20765.283333,qualcomm 778g,ARM Mali / Adreno (待确认),Android OEM(待确认),Android OEM(待确认),2022-01~2025-01(估算),"150~900(USD,估算)",主流级
Android,v2279a,75,,20691.616667,移动SoC(待确认),ARM Mali / Adreno (待确认),Android OEM(待确认),Android OEM(待确认),2022-01~2025-01(估算),"150~900(USD,估算)",入门级
Android,yxp u-2305a,75,,20662.416667,移动SoC(待确认),ARM Mali / Adreno (待确认),Android OEM(待确认),Android OEM(待确认),2022-01~2025-01(估算),"150~900(USD,估算)",入门级
Android,s3 pros,73,,20628.9,移动SoC(待确认),ARM Mali / Adreno (待确认),Android OEM(待确认),Android OEM(待确认),2022-01~2025-01(估算),"150~900(USD,估算)",入门级
iOS,"iPhone11,8",-1,,20597.216667,A12 Bionic,Apple GPU (4-core),Apple,Apple,2018-10,749,待确认配置
Windows,U6,97,AMD Ryzen 7 7735H with Radeon Graphics,20584.316667,AMD Ryzen 7 7735H with Radeon Graphics,Intel Iris Xe/集成显卡(待确认),PC OEM(待确认),PC OEM(待确认),待确认,待确认,旗舰级
Windows,System Product Name,97,13th Gen Intel(R) Core(TM) i7-13700KF,20567.466667,13th Gen Intel(R) Core(TM) i7-13700KF,Intel Iris Xe/集成显卡(待确认),PC OEM(待确认),PC OEM(待确认),待确认,待确认,旗舰级
Android,21091116ac,75,,20480.4,移动SoC(待确认),ARM Mali / Adreno (待确认),Android OEM(待确认),Android OEM(待确认),2022-01~2025-01(估算),"150~900(USD,估算)",入门级
Android,krj2-an00,75,,20480.383333,移动SoC(待确认),ARM Mali / Adreno (待确认),Android OEM(待确认),Android OEM(待确认),2022-01~2025-01(估算),"150~900(USD,估算)",入门级
Android,2312dra50c,89,,20473.483333,移动SoC(待确认),ARM Mali / Adreno (待确认),Android OEM(待确认),Android OEM(待确认),2022-01~2025-01(估算),"150~900(USD,估算)",主流级
Windows,ENZH-XX,82,Intel(R) Core(TM) Ultra 9 185H,20454.05,Intel(R) Core(TM) Ultra 9 185H,Intel Iris Xe/集成显卡(待确认),PC OEM(待确认),PC OEM(待确认),待确认,待确认,主流级
Android,slg-w10,69,,20446.833333,移动SoC(待确认),ARM Mali / Adreno (待确认),Android OEM(待确认),Android OEM(待确认),2022-01~2025-01(估算),"150~900(USD,估算)",基础级/待淘汰
Android,ipa2375,79,,20395.116667,移动SoC(待确认),ARM Mali / Adreno (待确认),Android OEM(待确认),Android OEM(待确认),2022-01~2025-01(估算),"150~900(USD,估算)",入门级
Android,alt-an00,89,,20393.6,移动SoC(待确认),ARM Mali / Adreno (待确认),Android OEM(待确认),Android OEM(待确认),2022-01~2025-01(估算),"150~900(USD,估算)",主流级
Android,v2364a,88,qualcomm 7 Gen 3,20364.666667,qualcomm 7 Gen 3,ARM Mali / Adreno (待确认),Android OEM(待确认),Android OEM(待确认),2022-01~2025-01(估算),"150~900(USD,估算)",主流级
Android,peqm00,75,,20336.416667,移动SoC(待确认),ARM Mali / Adreno (待确认),Android OEM(待确认),Android OEM(待确认),2022-01~2025-01(估算),"150~900(USD,估算)",入门级
Windows,HKF-WXX,88,12th Gen Intel(R) Core(TM) i5-12500H,20330.9,12th Gen Intel(R) Core(TM) i5-12500H,Intel Iris Xe/集成显卡(待确认),PC OEM(待确认),PC OEM(待确认),待确认,待确认,主流级
Android,pjz110,97,,20316.25,移动SoC(待确认),ARM Mali / Adreno (待确认),Android OEM(待确认),Android OEM(待确认),2022-01~2025-01(估算),"150~900(USD,估算)",旗舰级
Android,pjh110,87,mediatek 8200,20297.916667,mediatek 8200,ARM Mali / Adreno (待确认),Android OEM(待确认),Android OEM(待确认),2022-01~2025-01(估算),"150~900(USD,估算)",主流级
Windows,81XD,70,AMD Ryzen 5 3550H with Radeon Vega Mobile Gfx  ,20295.483333,AMD Ryzen 5 3550H with Radeon Vega Mobile Gfx,Intel Iris Xe/集成显卡(待确认),Lenovo,Lenovo,2022-01~2023-01,699,入门级
Android,mro-w10,71,,20236.666667,移动SoC(待确认),ARM Mali / Adreno (待确认),Huawei,Huawei,2022-01~2025-01(估算),"150~900(USD,估算)",入门级
Android,jef-an20,86,kirin 985,20194.5,kirin 985,ARM Mali / Adreno (待确认),Android OEM(待确认),Android OEM(待确认),2022-01~2025-01(估算),"150~900(USD,估算)",主流级
Android,25040rp0ag,75,,20156.716667,移动SoC(待确认),ARM Mali / Adreno (待确认),Android OEM(待确认),Android OEM(待确认),2022-01~2025-01(估算),"150~900(USD,估算)",入门级
MAC,"Mac14,9",-1,,20146.55,待确认,待确认,待确认,待确认,待确认,待确认,待确认配置
Android,foa-al00,85,qualcomm 778g,20142.266667,qualcomm 778g,ARM Mali / Adreno (待确认),Android OEM(待确认),Android OEM(待确认),2022-01~2025-01(估算),"150~900(USD,估算)",主流级
Android,pgcm10,80,mediatek 810,20087.066667,mediatek 810,ARM Mali / Adreno (待确认),Android OEM(待确认),Android OEM(待确认),2022-01~2025-01(估算),"150~900(USD,估算)",主流级
Android,ady-al00,91,kirin 9000S,20021.133333,kirin 9000S,ARM Mali / Adreno (待确认),Android OEM(待确认),Android OEM(待确认),2022-01~2025-01(估算),"150~900(USD,估算)",高端级
Android,v2046a,71,,20009.7,移动SoC(待确认),ARM Mali / Adreno (待确认),Android OEM(待确认),Android OEM(待确认),2022-01~2025-01(估算),"150~900(USD,估算)",入门级
Android,jef-an00,84,,20000.95,移动SoC(待确认),ARM Mali / Adreno (待确认),Android OEM(待确认),Android OEM(待确认),2022-01~2025-01(估算),"150~900(USD,估算)",主流级
Android,hdn-w09,68,,19923.933333,移动SoC(待确认),ARM Mali / Adreno (待确认),Android OEM(待确认),Android OEM(待确认),2022-01~2025-01(估算),"150~900(USD,估算)",基础级/待淘汰
Windows,WUJIE14 PRO,97,AMD Ryzen 9 7940HS w/ Radeon 780M Graphics     ,19921.283333,AMD Ryzen 9 7940HS w/ Radeon 780M Graphics,Intel Iris Xe/集成显卡(待确认),PC OEM(待确认),PC OEM(待确认),待确认,待确认,旗舰级
Android,lra-al00,81,kirin 710,19889.516667,kirin 710,ARM Mali / Adreno (待确认),Android OEM(待确认),Android OEM(待确认),2022-01~2025-01(估算),"150~900(USD,估算)",主流级
Android,eln-w09,80,qualcomm 680,19875.35,qualcomm 680,ARM Mali / Adreno (待确认),Android OEM(待确认),Android OEM(待确认),2022-01~2025-01(估算),"150~900(USD,估算)",主流级
Windows,20YN,97,AMD Ryzen 7 5800H with Radeon Graphics         ,19862.083333,AMD Ryzen 7 5800H with Radeon Graphics,Intel Iris Xe/集成显卡(待确认),Lenovo,Lenovo,2022-01~2023-01,699,旗舰级
Android,v2073a,87,"qualcomm sm7250 qualcomm technologies, inc sm7250 qcom",19834.483333,"qualcomm sm7250 qualcomm technologies, inc sm7250 qcom",ARM Mali / Adreno (待确认),Android OEM(待确认),Android OEM(待确认),2022-01~2025-01(估算),"150~900(USD,估算)",主流级
Android,mi 10,89,qualcomm 865,19756.733333,qualcomm 865,ARM Mali / Adreno (待确认),Android OEM(待确认),Android OEM(待确认),2022-01~2025-01(估算),"150~900(USD,估算)",主流级
iOS,"iPad16,5",98,,19744.45,Apple A/M系列芯片(待细化),Apple 自研GPU,Apple,Apple,待确认,待确认,旗舰级
Windows,WUJIE 14,97,12th Gen Intel(R) Core(TM) i5-12500H,19708.2,12th Gen Intel(R) Core(TM) i5-12500H,Intel Iris Xe/集成显卡(待确认),PC OEM(待确认),PC OEM(待确认),待确认,待确认,旗舰级
Android,oce-an50,88,kirin 990,19655.583333,kirin 990,ARM Mali / Adreno (待确认),Android OEM(待确认),Android OEM(待确认),2022-01~2025-01(估算),"150~900(USD,估算)",主流级
Windows,82L5,97,AMD Ryzen 7 5800H with Radeon Graphics         ,19615.483333,AMD Ryzen 7 5800H with Radeon Graphics,Intel Iris Xe/集成显卡(待确认),Lenovo,Lenovo,2022-01~2023-01,699,旗舰级
Android,alt-al10,91,kirin 9000S,19547.733333,kirin 9000S,ARM Mali / Adreno (待确认),Android OEM(待确认),Android OEM(待确认),2022-01~2025-01(估算),"150~900(USD,估算)",高端级
Android,v2408a,97,,19495.15,移动SoC(待确认),ARM Mali / Adreno (待确认),Android OEM(待确认),Android OEM(待确认),2022-01~2025-01(估算),"150~900(USD,估算)",旗舰级
Android,rep-an00,89,,19489.15,移动SoC(待确认),ARM Mali / Adreno (待确认),Android OEM(待确认),Android OEM(待确认),2022-01~2025-01(估算),"150~900(USD,估算)",主流级
Windows,System Product Name,93,AMD Ryzen 5 9600X 6-Core Processor             ,19481.7,AMD Ryzen 5 9600X 6-Core Processor,Intel Iris Xe/集成显卡(待确认),PC OEM(待确认),PC OEM(待确认),待确认,待确认,高端级
MAC,"Mac15,3",-1,,19435.283333,待确认,待确认,待确认,待确认,待确认,待确认,待确认配置
Android,stg-al00,83,qualcomm 680,19405.35,qualcomm 680,ARM Mali / Adreno (待确认),Android OEM(待确认),Android OEM(待确认),2022-01~2025-01(估算),"150~900(USD,估算)",主流级
Android,hbn-al80,92,kirin 9010,19350.933333,kirin 9010,ARM Mali / Adreno (待确认),Android OEM(待确认),Android OEM(待确认),2022-01~2025-01(估算),"150~900(USD,估算)",高端级
Windows,82YX,78,AMD Ryzen 5 7430U with Radeon Graphics         ,19347.55,AMD Ryzen 5 7430U with Radeon Graphics,Intel Iris Xe/集成显卡(待确认),Lenovo,Lenovo,2022-01~2023-01,699,入门级
Android,phz110,79,,19246.45,移动SoC(待确认),ARM Mali / Adreno (待确认),Android OEM(待确认),Android OEM(待确认),2022-01~2025-01(估算),"150~900(USD,估算)",入门级
Android,sm-p615,81,,19233.95,移动SoC(待确认),ARM Mali / Adreno (待确认),Samsung,Samsung,2022-01~2025-01(估算),"150~900(USD,估算)",主流级
Windows,System Product Name,97,Intel(R) Core(TM) i7-14700KF,19194.716667,Intel(R) Core(TM) i7-14700KF,Intel Iris Xe/集成显卡(待确认),PC OEM(待确认),PC OEM(待确认),待确认,待确认,旗舰级
Android,dco-al00,94,qualcomm 8+ gen 1,19189.566667,qualcomm 8+ gen 1,ARM Mali / Adreno (待确认),Android OEM(待确认),Android OEM(待确认),2022-01~2025-01(估算),"150~900(USD,估算)",高端级
Android,jer-an10,84,,19131.383333,移动SoC(待确认),ARM Mali / Adreno (待确认),Android OEM(待确认),Android OEM(待确认),2022-01~2025-01(估算),"150~900(USD,估算)",主流级
Android,penm00,89,qualcomm 865,19077.383333,qualcomm 865,ARM Mali / Adreno (待确认),Android OEM(待确认),Android OEM(待确认),2022-01~2025-01(估算),"150~900(USD,估算)",主流级
Android,pjb110,78,mediatek 6020,19049.066667,mediatek 6020,ARM Mali / Adreno (待确认),Android OEM(待确认),Android OEM(待确认),2022-01~2025-01(估算),"150~900(USD,估算)",入门级
Android,redmi note 8 pro,77,helio g90t,18992.066667,helio g90t,ARM Mali / Adreno (待确认),Android OEM(待确认),Android OEM(待确认),2022-01~2025-01(估算),"150~900(USD,估算)",入门级
iOS,"iPad12,1",-1,,18969.966667,A14 Bionic,Apple GPU (4-core),Apple,Apple,2020-09,329,待确认配置
Android,tx20_c10s,68,,18889.483333,移动SoC(待确认),ARM Mali / Adreno (待确认),Android OEM(待确认),Android OEM(待确认),2022-01~2025-01(估算),"150~900(USD,估算)",基础级/待淘汰
Windows,System Product Name,84,12th Gen Intel(R) Core(TM) i5-12400F,18879.9,12th Gen Intel(R) Core(TM) i5-12400F,Intel Iris Xe/集成显卡(待确认),PC OEM(待确认),PC OEM(待确认),待确认,待确认,主流级
Android,v2046a,89,exynos 1080,18809.633333,exynos 1080,ARM Mali / Adreno (待确认),Android OEM(待确认),Android OEM(待确认),2022-01~2025-01(估算),"150~900(USD,估算)",主流级
Android,rky-an00,76,mediatek 700,18804.516667,mediatek 700,ARM Mali / Adreno (待确认),Android OEM(待确认),Android OEM(待确认),2022-01~2025-01(估算),"150~900(USD,估算)",入门级
Windows,ZenBook UX363EA_UXF3000EA,82,11th Gen Intel(R) Core(TM) i7-1165G7 @ 2.80GHz,18791.383333,11th Gen Intel(R) Core(TM) i7-1165G7 @ 2.80GHz,Intel Iris Xe/集成显卡(待确认),PC OEM(待确认),PC OEM(待确认),待确认,待确认,主流级
MAC,"MacBookPro18,3",85,,18776.783333,待确认,待确认,待确认,待确认,待确认,待确认,主流级
Android,els-an10,88,kirin 990,18775.066667,kirin 990,ARM Mali / Adreno (待确认),Android OEM(待确认),Android OEM(待确认),2022-01~2025-01(估算),"150~900(USD,估算)",主流级
iOS,"iPad13,2",92,,18762.533333,Apple A/M系列芯片(待细化),Apple 自研GPU,Apple,Apple,待确认,待确认,高端级
Android,bal-al80,89,qualcomm 888,18669.5,qualcomm 888,ARM Mali / Adreno (待确认),Android OEM(待确认),Android OEM(待确认),2022-01~2025-01(估算),"150~900(USD,估算)",主流级
Android,pgt-an00,93,,18663.75,移动SoC(待确认),ARM Mali / Adreno (待确认),Android OEM(待确认),Android OEM(待确认),2022-01~2025-01(估算),"150~900(USD,估算)",高端级
Android,v2444a,89,", qcom",18654.416667,", qcom",ARM Mali / Adreno (待确认),Android OEM(待确认),Android OEM(待确认),2022-01~2025-01(估算),"150~900(USD,估算)",主流级
Android,v2464a,89,,18646.4,移动SoC(待确认),ARM Mali / Adreno (待确认),Android OEM(待确认),Android OEM(待确认),2022-01~2025-01(估算),"150~900(USD,估算)",主流级
Android,sm-x110,73,,18612.45,移动SoC(待确认),ARM Mali / Adreno (待确认),Samsung,Samsung,2022-01~2025-01(估算),"150~900(USD,估算)",入门级
Android,plr-al30,86,hisilicon kirin  kirin9020,18601.666667,hisilicon kirin  kirin9020,ARM Mali / Adreno (待确认),Android OEM(待确认),Android OEM(待确认),2022-01~2025-01(估算),"150~900(USD,估算)",主流级
Android,v2241a,87,mediatek 9200,18591.933333,mediatek 9200,ARM Mali / Adreno (待确认),Android OEM(待确认),Android OEM(待确认),2022-01~2025-01(估算),"150~900(USD,估算)",主流级
Windows,83D3,97,AMD Ryzen 7 8845H w/ Radeon 780M Graphics,18576.85,AMD Ryzen 7 8845H w/ Radeon 780M Graphics,Intel Iris Xe/集成显卡(待确认),Lenovo,Lenovo,2022-01~2023-01,699,旗舰级
Android,cdy-tn20,84,"vendor Kirin820, kirin820",18539.333333,"vendor Kirin820, kirin820",ARM Mali / Adreno (待确认),Android OEM(待确认),Android OEM(待确认),2022-01~2025-01(估算),"150~900(USD,估算)",主流级
Android,nam-al00,89,,18538.683333,移动SoC(待确认),ARM Mali / Adreno (待确认),Android OEM(待确认),Android OEM(待确认),2022-01~2025-01(估算),"150~900(USD,估算)",主流级
MAC,"Mac16,10",89,,18536.016667,待确认,待确认,待确认,待确认,待确认,待确认,主流级
Windows,82RF,88,12th Gen Intel(R) Core(TM) i7-12700H,18532.233333,12th Gen Intel(R) Core(TM) i7-12700H,Intel Iris Xe/集成显卡(待确认),Lenovo,Lenovo,2022-01~2023-01,699,主流级
Windows,HP ZHAN 66 Pro A 14 G4 Notebook PC,76,AMD Ryzen 7 5800U with Radeon Graphics         ,18470.4,AMD Ryzen 7 5800U with Radeon Graphics,Intel Iris Xe/集成显卡(待确认),HP,HP,2023-01,650,入门级
Android,amp-an00,89,,18452.95,移动SoC(待确认),ARM Mali / Adreno (待确认),Android OEM(待确认),Android OEM(待确认),2022-01~2025-01(估算),"150~900(USD,估算)",主流级
iOS,"iPad13,16",-1,,18401.633333,M1,Apple GPU (8-core),Apple,Apple,2021-05,1099,待确认配置
Android,bzt3-w09,81,,18341.566667,移动SoC(待确认),ARM Mali / Adreno (待确认),Android OEM(待确认),Android OEM(待确认),2022-01~2025-01(估算),"150~900(USD,估算)",主流级
Windows,System Product Name,93,AMD Ryzen 5 3600 6-Core Processor              ,18318.783333,AMD Ryzen 5 3600 6-Core Processor,Intel Iris Xe/集成显卡(待确认),PC OEM(待确认),PC OEM(待确认),待确认,待确认,高端级
iOS,"iPad13,18",-1,,18302.166667,Apple A/M系列芯片(待细化),Apple 自研GPU,Apple,Apple,待确认,待确认,待确认配置
Android,rmo-an00,89,,18194.766667,移动SoC(待确认),ARM Mali / Adreno (待确认),Android OEM(待确认),Android OEM(待确认),2022-01~2025-01(估算),"150~900(USD,估算)",主流级
Android,v2359a,79,,18182.733333,移动SoC(待确认),ARM Mali / Adreno (待确认),Android OEM(待确认),Android OEM(待确认),2022-01~2025-01(估算),"150~900(USD,估算)",入门级
iOS,"iPad4,4",60,,18179.266667,Apple A/M系列芯片(待细化),Apple 自研GPU,Apple,Apple,待确认,待确认,基础级/待淘汰
Android,rmo-an00,83,qualcomm 695,18175.35,qualcomm 695,ARM Mali / Adreno (待确认),Android OEM(待确认),Android OEM(待确认),2022-01~2025-01(估算),"150~900(USD,估算)",主流级
Android,opd2102,86,,18131.8,移动SoC(待确认),ARM Mali / Adreno (待确认),Android OEM(待确认),Android OEM(待确认),2022-01~2025-01(估算),"150~900(USD,估算)",主流级
Android,txz-w20,71,,18092.15,移动SoC(待确认),ARM Mali / Adreno (待确认),Android OEM(待确认),Android OEM(待确认),2022-01~2025-01(估算),"150~900(USD,估算)",入门级
Android,pggm10,83,qualcomm 695,18087.3,qualcomm 695,ARM Mali / Adreno (待确认),Android OEM(待确认),Android OEM(待确认),2022-01~2025-01(估算),"150~900(USD,估算)",主流级
Android,alp-an00,92,qualcomm 8+ gen 1,18076.316667,qualcomm 8+ gen 1,ARM Mali / Adreno (待确认),Android OEM(待确认),Android OEM(待确认),2022-01~2025-01(估算),"150~900(USD,估算)",高端级
Android,bzt3-al00,81,,18057.316667,移动SoC(待确认),ARM Mali / Adreno (待确认),Android OEM(待确认),Android OEM(待确认),2022-01~2025-01(估算),"150~900(USD,估算)",主流级
Android,vog-al00,84,,18042.4,移动SoC(待确认),ARM Mali / Adreno (待确认),Android OEM(待确认),Android OEM(待确认),2022-01~2025-01(估算),"150~900(USD,估算)",主流级
Android,v2415a,86,mediatek mt6991  mt6991,17989.983333,mediatek mt6991  mt6991,ARM Mali / Adreno (待确认),Android OEM(待确认),Android OEM(待确认),2022-01~2025-01(估算),"150~900(USD,估算)",主流级
Android,v2057a,72,,17977.35,移动SoC(待确认),ARM Mali / Adreno (待确认),Android OEM(待确认),Android OEM(待确认),2022-01~2025-01(估算),"150~900(USD,估算)",入门级
iOS,"iPhone13,1",-1,,17895.566667,Apple A系列芯片(待细化),Apple 自研GPU,Apple,Apple,待确认,待确认,待确认配置
Android,jdy-an00,81,mediatek mt6835 mt6835 mt6835,17878.666667,MediaTek Dimensity 6100+,ARM Mali GPU,Android OEM(待确认),Android OEM(待确认),2022-01~2025-01(估算),"150~900(USD,估算)",主流级
Android,22127rk46c,89,", qcom",17844.6,", qcom",ARM Mali / Adreno (待确认),Android OEM(待确认),Android OEM(待确认),2022-01~2025-01(估算),"150~900(USD,估算)",主流级
iOS,"iPad6,4",82,,17811.516667,Apple A/M系列芯片(待细化),Apple 自研GPU,Apple,Apple,待确认,待确认,主流级
Windows,,72,12th Gen Intel(R) Core(TM) i5-12450H,17809.566667,12th Gen Intel(R) Core(TM) i5-12450H,Intel Iris Xe/集成显卡(待确认),PC OEM(待确认),PC OEM(待确认),待确认,待确认,入门级
Android,2312crad3c,85,qualcomm 7s Gen 2,17808.216667,qualcomm 7s Gen 2,ARM Mali / Adreno (待确认),Android OEM(待确认),Android OEM(待确认),2022-01~2025-01(估算),"150~900(USD,估算)",主流级
Android,pkv110,81,mediatek mt6835  mt6835,17754.766667,MediaTek Dimensity 6100+,ARM Mali GPU,Android OEM(待确认),Android OEM(待确认),2022-01~2025-01(估算),"150~900(USD,估算)",主流级
Android,23124rn87c,81,mediatek mt6835  mt6835,17711.683333,MediaTek Dimensity 6100+,ARM Mali GPU,Android OEM(待确认),Android OEM(待确认),2022-01~2025-01(估算),"150~900(USD,估算)",主流级
Windows,Nitro N50-610,90,Intel(R) Core(TM) i5-10400F CPU @ 2.90GHz,17683.9,Intel(R) Core(TM) i5-10400F CPU @ 2.90GHz,Intel Iris Xe/集成显卡(待确认),PC OEM(待确认),PC OEM(待确认),待确认,待确认,高端级
Android,bve-w10,86,,17676.9,移动SoC(待确认),ARM Mali / Adreno (待确认),Android OEM(待确认),Android OEM(待确认),2022-01~2025-01(估算),"150~900(USD,估算)",主流级
Android,2407frk8ec,79,,17617.383333,移动SoC(待确认),ARM Mali / Adreno (待确认),Android OEM(待确认),Android OEM(待确认),2022-01~2025-01(估算),"150~900(USD,估算)",入门级
Android,pftm20,80,mediatek 810,17607.366667,mediatek 810,ARM Mali / Adreno (待确认),Android OEM(待确认),Android OEM(待确认),2022-01~2025-01(估算),"150~900(USD,估算)",主流级
Android,x3_5g,89,,17603.066667,移动SoC(待确认),ARM Mali / Adreno (待确认),Android OEM(待确认),Android OEM(待确认),2022-01~2025-01(估算),"150~900(USD,估算)",主流级
Android,lenovo yt-k606f,93,,17590.916667,移动SoC(待确认),ARM Mali / Adreno (待确认),Android OEM(待确认),Android OEM(待确认),2022-01~2025-01(估算),"150~900(USD,估算)",高端级
Android,v2241ha,90,mediatek 9200,17586.6,mediatek 9200,ARM Mali / Adreno (待确认),Android OEM(待确认),Android OEM(待确认),2022-01~2025-01(估算),"150~900(USD,估算)",高端级
Android,aka-al10,79,kirin 710,17571.633333,kirin 710,ARM Mali / Adreno (待确认),Android OEM(待确认),Android OEM(待确认),2022-01~2025-01(估算),"150~900(USD,估算)",入门级
Android,yxp u-2404a,75,,17567.083333,移动SoC(待确认),ARM Mali / Adreno (待确认),Android OEM(待确认),Android OEM(待确认),2022-01~2025-01(估算),"150~900(USD,估算)",入门级
Windows,H470M K,90,Intel(R) Core(TM) i5-10400F CPU @ 2.90GHz,17560.516667,Intel(R) Core(TM) i5-10400F CPU @ 2.90GHz,Intel Iris Xe/集成显卡(待确认),PC OEM(待确认),PC OEM(待确认),待确认,待确认,高端级
Android,lio-al00,88,kirin 990,17560.216667,kirin 990,ARM Mali / Adreno (待确认),Android OEM(待确认),Android OEM(待确认),2022-01~2025-01(估算),"150~900(USD,估算)",主流级
Android,mi 9,88,qualcomm 855,17543.483333,qualcomm 855,ARM Mali / Adreno (待确认),Android OEM(待确认),Android OEM(待确认),2022-01~2025-01(估算),"150~900(USD,估算)",主流级
Android,ptp-an00,97,,17542.566667,移动SoC(待确认),ARM Mali / Adreno (待确认),Android OEM(待确认),Android OEM(待确认),2022-01~2025-01(估算),"150~900(USD,估算)",旗舰级
Windows,System Product Name,85,Intel(R) Core(TM) i7-7700 CPU @ 3.60GHz,17542.2,Intel(R) Core(TM) i7-7700 CPU @ 3.60GHz,Intel Iris Xe/集成显卡(待确认),PC OEM(待确认),PC OEM(待确认),待确认,待确认,主流级
Android,oce-an50,84,,17533.466667,移动SoC(待确认),ARM Mali / Adreno (待确认),Android OEM(待确认),Android OEM(待确认),2022-01~2025-01(估算),"150~900(USD,估算)",主流级
Android,sm-x700,89,,17522.616667,移动SoC(待确认),ARM Mali / Adreno (待确认),Samsung,Samsung,2022-01~2025-01(估算),"150~900(USD,估算)",主流级
Android,clk-an00,75,,17514.016667,移动SoC(待确认),ARM Mali / Adreno (待确认),Android OEM(待确认),Android OEM(待确认),2022-01~2025-01(估算),"150~900(USD,估算)",入门级
Android,alp-an00,89,,17475,移动SoC(待确认),ARM Mali / Adreno (待确认),Android OEM(待确认),Android OEM(待确认),2022-01~2025-01(估算),"150~900(USD,估算)",主流级
Android,pje110,94,qualcomm 8 Gen 2,17414.283333,qualcomm 8 Gen 2,ARM Mali / Adreno (待确认),Android OEM(待确认),Android OEM(待确认),2022-01~2025-01(估算),"150~900(USD,估算)",高端级
Android,lya-al00,84,Kirin 980,17395.783333,Kirin 980,ARM Mali / Adreno (待确认),Android OEM(待确认),Android OEM(待确认),2022-01~2025-01(估算),"150~900(USD,估算)",主流级
Windows,82R4,78,AMD Ryzen 5 5500U with Radeon Graphics         ,17362.166667,AMD Ryzen 5 5500U with Radeon Graphics,Intel Iris Xe/集成显卡(待确认),Lenovo,Lenovo,2022-01~2023-01,699,入门级
Windows,Latitude 3420,64,11th Gen Intel(R) Core(TM) i5-1145G7 @ 2.60GHz,17354.233333,11th Gen Intel(R) Core(TM) i5-1145G7 @ 2.60GHz,Intel Iris Xe/集成显卡(待确认),PC OEM(待确认),PC OEM(待确认),待确认,待确认,基础级/待淘汰
Windows,21HX,88,13th Gen Intel(R) Core(TM) i5-13500H,17344.85,13th Gen Intel(R) Core(TM) i5-13500H,Intel Iris Xe/集成显卡(待确认),Lenovo,Lenovo,2022-01~2023-01,699,主流级
Windows,21KJ,76,AMD Ryzen 7 7730U with Radeon Graphics         ,17340.866667,AMD Ryzen 7 7730U with Radeon Graphics,Intel Iris Xe/集成显卡(待确认),Lenovo,Lenovo,2022-01~2023-01,699,入门级
Android,dnp-an00,93,,17338.916667,移动SoC(待确认),ARM Mali / Adreno (待确认),Android OEM(待确认),Android OEM(待确认),2022-01~2025-01(估算),"150~900(USD,估算)",高端级
Android,ver-an10,93,,17335.016667,移动SoC(待确认),ARM Mali / Adreno (待确认),Android OEM(待确认),Android OEM(待确认),2022-01~2025-01(估算),"150~900(USD,估算)",高端级
Windows,Redmi Book Pro 14S,78,AMD Ryzen 5 5625U with Radeon Graphics         ,17334.783333,AMD Ryzen 5 5625U with Radeon Graphics,Intel Iris Xe/集成显卡(待确认),PC OEM(待确认),PC OEM(待确认),待确认,待确认,入门级
Windows,BRN-FXXC,72,12th Gen Intel(R) Core(TM) i5-12450H,17323.116667,12th Gen Intel(R) Core(TM) i5-12450H,Intel Iris Xe/集成显卡(待确认),PC OEM(待确认),PC OEM(待确认),待确认,待确认,入门级
Android,tb350fu,75,,17275.833333,移动SoC(待确认),ARM Mali / Adreno (待确认),Android OEM(待确认),Android OEM(待确认),2022-01~2025-01(估算),"150~900(USD,估算)",入门级
iOS,"iPad8,10",88,,17244.95,Apple A/M系列芯片(待细化),Apple 自研GPU,Apple,Apple,待确认,待确认,主流级
Android,rte-al00,89,Qualcomm 778G,17199.183333,Qualcomm 778G,ARM Mali / Adreno (待确认),Android OEM(待确认),Android OEM(待确认),2022-01~2025-01(估算),"150~900(USD,估算)",主流级
Android,22122rk93c,87,mediatek 8200,17194.166667,mediatek 8200,ARM Mali / Adreno (待确认),Android OEM(待确认),Android OEM(待确认),2022-01~2025-01(估算),"150~900(USD,估算)",主流级
Android,pgt-an10,93,,17182.683333,移动SoC(待确认),ARM Mali / Adreno (待确认),Android OEM(待确认),Android OEM(待确认),2022-01~2025-01(估算),"150~900(USD,估算)",高端级
Windows,83DD,97,AMD Ryzen 7 8745H w/ Radeon 780M Graphics,17100.683333,AMD Ryzen 7 8745H w/ Radeon 780M Graphics,Intel Iris Xe/集成显卡(待确认),Lenovo,Lenovo,2022-01~2023-01,699,旗舰级
Android,bzt4-al10,89,,17082.716667,移动SoC(待确认),ARM Mali / Adreno (待确认),Android OEM(待确认),Android OEM(待确认),2022-01~2025-01(估算),"150~900(USD,估算)",主流级
Android,pkg110,96,qualcomm 8 Gen 3,17080.85,Qualcomm Snapdragon 8 Gen 3,Adreno GPU,Android OEM(待确认),Android OEM(待确认),2022-01~2025-01(估算),"150~900(USD,估算)",旗舰级
Android,v2203a,93,,17067.7,移动SoC(待确认),ARM Mali / Adreno (待确认),Android OEM(待确认),Android OEM(待确认),2022-01~2025-01(估算),"150~900(USD,估算)",高端级
Android,pacm00,72,,16941.516667,移动SoC(待确认),ARM Mali / Adreno (待确认),Android OEM(待确认),Android OEM(待确认),2022-01~2025-01(估算),"150~900(USD,估算)",入门级
Android,2411drn47c,89,,16902.166667,移动SoC(待确认),ARM Mali / Adreno (待确认),Android OEM(待确认),Android OEM(待确认),2022-01~2025-01(估算),"150~900(USD,估算)",主流级
Android,ndl-l09,86,,16821,移动SoC(待确认),ARM Mali / Adreno (待确认),Android OEM(待确认),Android OEM(待确认),2022-01~2025-01(估算),"150~900(USD,估算)",主流级
Android,xpt21y,72,,16778.966667,移动SoC(待确认),ARM Mali / Adreno (待确认),Android OEM(待确认),Android OEM(待确认),2022-01~2025-01(估算),"150~900(USD,估算)",入门级
Android,hlk-al10,84,Kirin 810,16748.8,Kirin 810,ARM Mali / Adreno (待确认),Android OEM(待确认),Android OEM(待确认),2022-01~2025-01(估算),"150~900(USD,估算)",主流级
Android,jdy-an00,75,"MT6835, mt6835",16698.383333,MediaTek Dimensity 6100+,ARM Mali GPU,Android OEM(待确认),Android OEM(待确认),2022-01~2025-01(估算),"150~900(USD,估算)",入门级
MAC,"Mac15,12",-1,,16679.433333,待确认,待确认,待确认,待确认,待确认,待确认,待确认配置
Windows,21HW,82,13th Gen Intel(R) Core(TM) i7-13700H,16636.616667,13th Gen Intel(R) Core(TM) i7-13700H,Intel Iris Xe/集成显卡(待确认),Lenovo,Lenovo,2022-01~2023-01,699,主流级
Android,mlr-al10,71,,16630.566667,移动SoC(待确认),ARM Mali / Adreno (待确认),Android OEM(待确认),Android OEM(待确认),2022-01~2025-01(估算),"150~900(USD,估算)",入门级
Android,hlk-al00,85,vendor kirin810 kirin810,16599.116667,vendor kirin810 kirin810,ARM Mali / Adreno (待确认),Android OEM(待确认),Android OEM(待确认),2022-01~2025-01(估算),"150~900(USD,估算)",主流级
Android,scmr-al09,84,,16566.966667,移动SoC(待确认),ARM Mali / Adreno (待确认),Huawei,Huawei,2022-01~2025-01(估算),"150~900(USD,估算)",主流级
Windows,81J8,64,Intel(R) Core(TM) i5-8265U CPU @ 1.60GHz,16551.25,Intel(R) Core(TM) i5-8265U CPU @ 1.60GHz,Intel Iris Xe/集成显卡(待确认),Lenovo,Lenovo,2022-01~2023-01,699,基础级/待淘汰
Android,v2244a,93,,16543.116667,移动SoC(待确认),ARM Mali / Adreno (待确认),Android OEM(待确认),Android OEM(待确认),2022-01~2025-01(估算),"150~900(USD,估算)",高端级
Windows,HP ProBook 440 G8,76,11th Gen Intel(R) Core(TM) i5-1135G7 @ 2.40GHz,16518.466667,11th Gen Intel(R) Core(TM) i5-1135G7 @ 2.40GHz,Intel Iris Xe/集成显卡(待确认),HP,HP,2023-01,650,入门级
iOS,"iPad6,8",82,,16517.566667,Apple A/M系列芯片(待细化),Apple 自研GPU,Apple,Apple,待确认,待确认,主流级
Android,sm-t970,93,,16513.866667,移动SoC(待确认),ARM Mali / Adreno (待确认),Samsung,Samsung,2022-01~2025-01(估算),"150~900(USD,估算)",高端级
Android,snl02,89,"Qualcomm Technologies, Inc QCS8250, qcom",16467.816667,"Qualcomm Technologies, Inc QCS8250, qcom",ARM Mali / Adreno (待确认),Android OEM(待确认),Android OEM(待确认),2022-01~2025-01(估算),"150~900(USD,估算)",主流级
Android,abr-al00,89,qualcomm 888,16452.016667,qualcomm 888,ARM Mali / Adreno (待确认),Android OEM(待确认),Android OEM(待确认),2022-01~2025-01(估算),"150~900(USD,估算)",主流级
Windows,90VH002ACP,88,13th Gen Intel(R) Core(TM) i5-13400F,16407.366667,13th Gen Intel(R) Core(TM) i5-13400F,Intel Iris Xe/集成显卡(待确认),Lenovo,Lenovo,2022-01~2023-01,699,主流级
Android,p770,72,,16399.65,移动SoC(待确认),ARM Mali / Adreno (待确认),Android OEM(待确认),Android OEM(待确认),2022-01~2025-01(估算),"150~900(USD,估算)",入门级
Android,cdy-an00,84,,16372.433333,移动SoC(待确认),ARM Mali / Adreno (待确认),Android OEM(待确认),Android OEM(待确认),2022-01~2025-01(估算),"150~900(USD,估算)",主流级
Windows,Inspiron 15 3511,76,11th Gen Intel(R) Core(TM) i5-1135G7 @ 2.40GHz,16365.333333,11th Gen Intel(R) Core(TM) i5-1135G7 @ 2.40GHz,Intel Iris Xe/集成显卡(待确认),PC OEM(待确认),PC OEM(待确认),待确认,待确认,入门级
Android,pcam10,76,helio p60,16312.6,helio p60,ARM Mali / Adreno (待确认),Android OEM(待确认),Android OEM(待确认),2022-01~2025-01(估算),"150~900(USD,估算)",入门级
Android,v2415a,79,,16297.216667,移动SoC(待确认),ARM Mali / Adreno (待确认),Android OEM(待确认),Android OEM(待确认),2022-01~2025-01(估算),"150~900(USD,估算)",入门级
Android,brq-an00,84,,16296.883333,移动SoC(待确认),ARM Mali / Adreno (待确认),Android OEM(待确认),Android OEM(待确认),2022-01~2025-01(估算),"150~900(USD,估算)",主流级
Android,lrt-w00,71,,16201.166667,移动SoC(待确认),ARM Mali / Adreno (待确认),Android OEM(待确认),Android OEM(待确认),2022-01~2025-01(估算),"150~900(USD,估算)",入门级
Android,v2002a,84,pd2019 board based on samsung exynos880 exynos880,16199.55,pd2019 board based on samsung exynos880 exynos880,ARM Mali / Adreno (待确认),Android OEM(待确认),Android OEM(待确认),2022-01~2025-01(估算),"150~900(USD,估算)",主流级
MAC,"Mac16,12",-1,,16042.466667,待确认,待确认,待确认,待确认,待确认,待确认,待确认配置
Android,agr-w09hn,77,,16013.783333,移动SoC(待确认),ARM Mali / Adreno (待确认),Android OEM(待确认),Android OEM(待确认),2022-01~2025-01(估算),"150~900(USD,估算)",入门级
Android,maa-an10,94,qualcomm 8 Gen 2,16009.05,qualcomm 8 Gen 2,ARM Mali / Adreno (待确认),Android OEM(待确认),Android OEM(待确认),2022-01~2025-01(估算),"150~900(USD,估算)",高端级
Android,v2458a,79,,15992.85,移动SoC(待确认),ARM Mali / Adreno (待确认),Android OEM(待确认),Android OEM(待确认),2022-01~2025-01(估算),"150~900(USD,估算)",入门级
Windows,HP Z2 Tower G5 Workstation,94,Intel(R) Core(TM) i7-10700 CPU @ 2.90GHz,15968.05,Intel(R) Core(TM) i7-10700 CPU @ 2.90GHz,Intel Iris Xe/集成显卡(待确认),HP,HP,2023-01,650,高端级
Android,kimi m7,72,,15960.233333,移动SoC(待确认),ARM Mali / Adreno (待确认),Android OEM(待确认),Android OEM(待确认),2022-01~2025-01(估算),"150~900(USD,估算)",入门级
Android,ctr-al20,83,qualcomm 680,15959.55,qualcomm 680,ARM Mali / Adreno (待确认),Android OEM(待确认),Android OEM(待确认),2022-01~2025-01(估算),"150~900(USD,估算)",主流级
Android,v2121a,75,,15928.35,移动SoC(待确认),ARM Mali / Adreno (待确认),Android OEM(待确认),Android OEM(待确认),2022-01~2025-01(估算),"150~900(USD,估算)",入门级
Android,pfjm10,89,,15921.65,移动SoC(待确认),ARM Mali / Adreno (待确认),Android OEM(待确认),Android OEM(待确认),2022-01~2025-01(估算),"150~900(USD,估算)",主流级
Android,tb138fc,93,,15916.85,移动SoC(待确认),ARM Mali / Adreno (待确认),Android OEM(待确认),Android OEM(待确认),2022-01~2025-01(估算),"150~900(USD,估算)",高端级
Android,nco-al00,89,,15847.416667,移动SoC(待确认),ARM Mali / Adreno (待确认),Android OEM(待确认),Android OEM(待确认),2022-01~2025-01(估算),"150~900(USD,估算)",主流级
Android,v2354a,89,,15832.833333,移动SoC(待确认),ARM Mali / Adreno (待确认),Android OEM(待确认),Android OEM(待确认),2022-01~2025-01(估算),"150~900(USD,估算)",主流级
Windows,DRR-WXX,72,12th Gen Intel(R) Core(TM) i7-1260U,15801.333333,12th Gen Intel(R) Core(TM) i7-1260U,Intel Iris Xe/集成显卡(待确认),PC OEM(待确认),PC OEM(待确认),待确认,待确认,入门级
Android,25099rp13g,89,,15755.816667,移动SoC(待确认),ARM Mali / Adreno (待确认),Android OEM(待确认),Android OEM(待确认),2022-01~2025-01(估算),"150~900(USD,估算)",主流级
Windows,KPRC-WX0,70,AMD Ryzen 5 3500U with Radeon Vega Mobile Gfx  ,15737.466667,AMD Ryzen 5 3500U with Radeon Vega Mobile Gfx,Intel Iris Xe/集成显卡(待确认),PC OEM(待确认),PC OEM(待确认),待确认,待确认,入门级
Android,23046pnc9c,79,,15719,移动SoC(待确认),ARM Mali / Adreno (待确认),Android OEM(待确认),Android OEM(待确认),2022-01~2025-01(估算),"150~900(USD,估算)",入门级
Android,s132cm,75,,15713.4,移动SoC(待确认),ARM Mali / Adreno (待确认),Android OEM(待确认),Android OEM(待确认),2022-01~2025-01(估算),"150~900(USD,估算)",入门级
Android,pjy110,75,,15709.483333,移动SoC(待确认),ARM Mali / Adreno (待确认),Android OEM(待确认),Android OEM(待确认),2022-01~2025-01(估算),"150~900(USD,估算)",入门级
Android,sea-al10,84,Kirin 980,15649.45,Kirin 980,ARM Mali / Adreno (待确认),Android OEM(待确认),Android OEM(待确认),2022-01~2025-01(估算),"150~900(USD,估算)",主流级
Android,lmr-al00,84,,15584.05,移动SoC(待确认),ARM Mali / Adreno (待确认),Android OEM(待确认),Android OEM(待确认),2022-01~2025-01(估算),"150~900(USD,估算)",主流级
Android,lenovo tb-j616f,75,,15581.766667,移动SoC(待确认),ARM Mali / Adreno (待确认),Android OEM(待确认),Android OEM(待确认),2022-01~2025-01(估算),"150~900(USD,估算)",入门级
Windows,HP Envy x360 2-in-1 Laptop 14-fa0xxx,97,AMD Ryzen 7 8840HS w/ Radeon 780M Graphics     ,15573.966667,AMD Ryzen 7 8840HS w/ Radeon 780M Graphics,Intel Iris Xe/集成显卡(待确认),HP,HP,2023-01,650,旗舰级
Android,m2012k11ac,93,,15571.916667,移动SoC(待确认),ARM Mali / Adreno (待确认),Android OEM(待确认),Android OEM(待确认),2022-01~2025-01(估算),"150~900(USD,估算)",高端级
Android,penm00,93,,15531,移动SoC(待确认),ARM Mali / Adreno (待确认),Android OEM(待确认),Android OEM(待确认),2022-01~2025-01(估算),"150~900(USD,估算)",高端级
Android,mao-al00,83,qualcomm 680,15529.233333,qualcomm 680,ARM Mali / Adreno (待确认),Android OEM(待确认),Android OEM(待确认),2022-01~2025-01(估算),"150~900(USD,估算)",主流级
Android,v2271a,89,Qualcomm 695,15521.833333,Qualcomm 695,ARM Mali / Adreno (待确认),Android OEM(待确认),Android OEM(待确认),2022-01~2025-01(估算),"150~900(USD,估算)",主流级
Android,p7,72,,15513.9,移动SoC(待确认),ARM Mali / Adreno (待确认),Android OEM(待确认),Android OEM(待确认),2022-01~2025-01(估算),"150~900(USD,估算)",入门级
Windows,81YR,78,AMD Ryzen 5 4600U with Radeon Graphics         ,15504.116667,AMD Ryzen 5 4600U with Radeon Graphics,Intel Iris Xe/集成显卡(待确认),Lenovo,Lenovo,2022-01~2023-01,699,入门级
Android,max2.0s,72,,15494.566667,移动SoC(待确认),ARM Mali / Adreno (待确认),Android OEM(待确认),Android OEM(待确认),2022-01~2025-01(估算),"150~900(USD,估算)",入门级
Android,m2007j17c,89,,15494.083333,移动SoC(待确认),ARM Mali / Adreno (待确认),Android OEM(待确认),Android OEM(待确认),2022-01~2025-01(估算),"150~900(USD,估算)",主流级
Android,dnp-an00,96,qualcomm 8 Gen 3,15480.283333,Qualcomm Snapdragon 8 Gen 3,Adreno GPU,Android OEM(待确认),Android OEM(待确认),2022-01~2025-01(估算),"150~900(USD,估算)",旗舰级
Android,oppo r11st,86,,15466.533333,移动SoC(待确认),ARM Mali / Adreno (待确认),Android OEM(待确认),Android OEM(待确认),2022-01~2025-01(估算),"150~900(USD,估算)",主流级
Android,xd-sdb21-2401,68,,15446.083333,移动SoC(待确认),ARM Mali / Adreno (待确认),Android OEM(待确认),Android OEM(待确认),2022-01~2025-01(估算),"150~900(USD,估算)",基础级/待淘汰
Android,rol-w60,79,,15441.05,移动SoC(待确认),ARM Mali / Adreno (待确认),Android OEM(待确认),Android OEM(待确认),2022-01~2025-01(估算),"150~900(USD,估算)",入门级
Android,pjc110,89,,15439.516667,移动SoC(待确认),ARM Mali / Adreno (待确认),Android OEM(待确认),Android OEM(待确认),2022-01~2025-01(估算),"150~900(USD,估算)",主流级
Windows,S40-51,70,Intel(R) Core(TM) i5-10210U CPU @ 1.60GHz,15416,Intel(R) Core(TM) i5-10210U CPU @ 1.60GHz,Intel Iris Xe/集成显卡(待确认),PC OEM(待确认),PC OEM(待确认),待确认,待确认,入门级
Android,v2323a,88,qualcomm 7 Gen 3,15328.05,qualcomm 7 Gen 3,ARM Mali / Adreno (待确认),Android OEM(待确认),Android OEM(待确认),2022-01~2025-01(估算),"150~900(USD,估算)",主流级
Android,mrt-al10,84,,15314.116667,移动SoC(待确认),ARM Mali / Adreno (待确认),Android OEM(待确认),Android OEM(待确认),2022-01~2025-01(估算),"150~900(USD,估算)",主流级
Windows,Latitude 7480,74,Intel(R) Core(TM) i7-7600U CPU @ 2.80GHz,15306.7,Intel(R) Core(TM) i7-7600U CPU @ 2.80GHz,Intel Iris Xe/集成显卡(待确认),PC OEM(待确认),PC OEM(待确认),待确认,待确认,入门级
Android,24129rt7cc,79,,15298.433333,移动SoC(待确认),ARM Mali / Adreno (待确认),Android OEM(待确认),Android OEM(待确认),2022-01~2025-01(估算),"150~900(USD,估算)",入门级
Android,pkm110,89,mediatek 8300,15278.3,mediatek 8300,ARM Mali / Adreno (待确认),Android OEM(待确认),Android OEM(待确认),2022-01~2025-01(估算),"150~900(USD,估算)",主流级
Android,v2002a,84,pd2002 board based on samsung exynos880 exynos880,15272.216667,pd2002 board based on samsung exynos880 exynos880,ARM Mali / Adreno (待确认),Android OEM(待确认),Android OEM(待确认),2022-01~2025-01(估算),"150~900(USD,估算)",主流级
iOS,"iPad13,5",92,,15268.7,Apple A/M系列芯片(待细化),Apple 自研GPU,Apple,Apple,待确认,待确认,高端级
Windows,MS-7C09,78,Intel(R) Core(TM) i5-9400 CPU @ 2.90GHz,15256.616667,Intel(R) Core(TM) i5-9400 CPU @ 2.90GHz,Intel Iris Xe/集成显卡(待确认),PC OEM(待确认),PC OEM(待确认),待确认,待确认,入门级
Android,2410dpn6cc,93,qti sm8750  qcom,15238.2,qti sm8750  qcom,ARM Mali / Adreno (待确认),Android OEM(待确认),Android OEM(待确认),2022-01~2025-01(估算),"150~900(USD,估算)",高端级
Android,hbp-al00,92,kirin 9010,15229.033333,kirin 9010,ARM Mali / Adreno (待确认),Android OEM(待确认),Android OEM(待确认),2022-01~2025-01(估算),"150~900(USD,估算)",高端级
Android,zte 7543n,77,unisoc t760,15210.85,unisoc t760,ARM Mali / Adreno (待确认),Android OEM(待确认),Android OEM(待确认),2022-01~2025-01(估算),"150~900(USD,估算)",入门级
Android,v2405a,79,,15199.366667,移动SoC(待确认),ARM Mali / Adreno (待确认),Android OEM(待确认),Android OEM(待确认),2022-01~2025-01(估算),"150~900(USD,估算)",入门级
Android,kkg-an00,77,mediatek 800,15180.95,mediatek 800,ARM Mali / Adreno (待确认),Android OEM(待确认),Android OEM(待确认),2022-01~2025-01(估算),"150~900(USD,估算)",入门级
Android,f1a600,69,,15167.75,移动SoC(待确认),ARM Mali / Adreno (待确认),Android OEM(待确认),Android OEM(待确认),2022-01~2025-01(估算),"150~900(USD,估算)",基础级/待淘汰
Android,lmr-al10,84,,15166.266667,移动SoC(待确认),ARM Mali / Adreno (待确认),Android OEM(待确认),Android OEM(待确认),2022-01~2025-01(估算),"150~900(USD,估算)",主流级
Android,jer-an20,84,,15122.3,移动SoC(待确认),ARM Mali / Adreno (待确认),Android OEM(待确认),Android OEM(待确认),2022-01~2025-01(估算),"150~900(USD,估算)",主流级
iOS,"iPhone14,8",-1,,15118.483333,A15 Bionic,Apple GPU (5-core),Apple,Apple,2022-09,599,待确认配置
Android,jsn-al00a,81,Kirin 710,15112.166667,Kirin 710,ARM Mali / Adreno (待确认),Android OEM(待确认),Android OEM(待确认),2022-01~2025-01(估算),"150~900(USD,估算)",主流级
Android,23054ra19c,87,mediatek 8200,15094.466667,mediatek 8200,ARM Mali / Adreno (待确认),Android OEM(待确认),Android OEM(待确认),2022-01~2025-01(估算),"150~900(USD,估算)",主流级
Android,lenovo tb223fc,69,,15078.933333,移动SoC(待确认),ARM Mali / Adreno (待确认),Android OEM(待确认),Android OEM(待确认),2022-01~2025-01(估算),"150~900(USD,估算)",基础级/待淘汰
Windows,System Product Name,93,AMD Ryzen 5 5600X 6-Core Processor             ,15071.05,AMD Ryzen 5 5600X 6-Core Processor,Intel Iris Xe/集成显卡(待确认),PC OEM(待确认),PC OEM(待确认),待确认,待确认,高端级
Android,elp-an00,89,,15064.766667,移动SoC(待确认),ARM Mali / Adreno (待确认),Android OEM(待确认),Android OEM(待确认),2022-01~2025-01(估算),"150~900(USD,估算)",主流级
Android,v2072a,75,,15063.383333,移动SoC(待确认),ARM Mali / Adreno (待确认),Android OEM(待确认),Android OEM(待确认),2022-01~2025-01(估算),"150~900(USD,估算)",入门级
MAC,"MacBookPro18,3",-1,,15060.25,待确认,待确认,待确认,待确认,待确认,待确认,待确认配置
Android,v1824a,88,qualcomm 855,15056.066667,qualcomm 855,ARM Mali / Adreno (待确认),Android OEM(待确认),Android OEM(待确认),2022-01~2025-01(估算),"150~900(USD,估算)",主流级
Android,ctr-al20,89,,15055.233333,移动SoC(待确认),ARM Mali / Adreno (待确认),Android OEM(待确认),Android OEM(待确认),2022-01~2025-01(估算),"150~900(USD,估算)",主流级
Android,gla-al00,89,,15005.816667,移动SoC(待确认),ARM Mali / Adreno (待确认),Android OEM(待确认),Android OEM(待确认),2022-01~2025-01(估算),"150~900(USD,估算)",主流级
Android,rep-an00,92,qualcomm 8+ gen 1,14985.566667,qualcomm 8+ gen 1,ARM Mali / Adreno (待确认),Android OEM(待确认),Android OEM(待确认),2022-01~2025-01(估算),"150~900(USD,估算)",高端级
Android,bah3-w59,84,kirin 820,14961.45,kirin 820,ARM Mali / Adreno (待确认),Huawei,Huawei,2022-01~2025-01(估算),"150~900(USD,估算)",主流级
Android,v2272a,83,qualcomm 695,14918.25,qualcomm 695,ARM Mali / Adreno (待确认),Android OEM(待确认),Android OEM(待确认),2022-01~2025-01(估算),"150~900(USD,估算)",主流级
iOS,"iPad11,6",-1,,14905.583333,A13 Bionic,Apple GPU (4-core),Apple,Apple,2020-09,329,待确认配置
Windows,30DBA1HBCD,93,Intel(R) Core(TM) i7-8700 CPU @ 3.20GHz,14898.883333,Intel(R) Core(TM) i7-8700 CPU @ 3.20GHz,Intel Iris Xe/集成显卡(待确认),Lenovo,Lenovo,2022-01~2023-01,699,高端级
Android,2510era8bc,87,qti sm7635  qcom,14889.583333,qti sm7635  qcom,ARM Mali / Adreno (待确认),Android OEM(待确认),Android OEM(待确认),2022-01~2025-01(估算),"150~900(USD,估算)",主流级
Android,eli-an00,88,qualcomm 7 Gen 3,14876.966667,qualcomm 7 Gen 3,ARM Mali / Adreno (待确认),Android OEM(待确认),Android OEM(待确认),2022-01~2025-01(估算),"150~900(USD,估算)",主流级
Android,22041211ac,75,,14864.116667,移动SoC(待确认),ARM Mali / Adreno (待确认),Android OEM(待确认),Android OEM(待确认),2022-01~2025-01(估算),"150~900(USD,估算)",入门级
Android,22081283g,75,,14837.65,移动SoC(待确认),ARM Mali / Adreno (待确认),Android OEM(待确认),Android OEM(待确认),2022-01~2025-01(估算),"150~900(USD,估算)",入门级
Android,v2348,88,qualcomm 7 Gen 3,14824.7,qualcomm 7 Gen 3,ARM Mali / Adreno (待确认),Android OEM(待确认),Android OEM(待确认),2022-01~2025-01(估算),"150~900(USD,估算)",主流级
Android,v2444a,83,qualcomm 4 Gen 2,14821.233333,qualcomm 4 Gen 2,ARM Mali / Adreno (待确认),Android OEM(待确认),Android OEM(待确认),2022-01~2025-01(估算),"150~900(USD,估算)",主流级
Android,tb320fc,93,,14819.183333,移动SoC(待确认),ARM Mali / Adreno (待确认),Android OEM(待确认),Android OEM(待确认),2022-01~2025-01(估算),"150~900(USD,估算)",高端级
Android,jef-an20,84,,14797.316667,移动SoC(待确认),ARM Mali / Adreno (待确认),Android OEM(待确认),Android OEM(待确认),2022-01~2025-01(估算),"150~900(USD,估算)",主流级
Android,mi 10,89,,14768.766667,移动SoC(待确认),ARM Mali / Adreno (待确认),Android OEM(待确认),Android OEM(待确认),2022-01~2025-01(估算),"150~900(USD,估算)",主流级
Windows,MS-7D23,90,Intel(R) Core(TM) i5-10400 CPU @ 2.90GHz,14761.566667,Intel(R) Core(TM) i5-10400 CPU @ 2.90GHz,Intel Iris Xe/集成显卡(待确认),PC OEM(待确认),PC OEM(待确认),待确认,待确认,高端级
Android,pjv110,87,mediatek 8200,14754.8,mediatek 8200,ARM Mali / Adreno (待确认),Android OEM(待确认),Android OEM(待确认),2022-01~2025-01(估算),"150~900(USD,估算)",主流级
Android,pfum10,89,Qualcomm 695,14744.55,Qualcomm 695,ARM Mali / Adreno (待确认),Android OEM(待确认),Android OEM(待确认),2022-01~2025-01(估算),"150~900(USD,估算)",主流级
Android,readboy_c35,72,,14732.066667,移动SoC(待确认),ARM Mali / Adreno (待确认),Android OEM(待确认),Android OEM(待确认),2022-01~2025-01(估算),"150~900(USD,估算)",入门级
Android,m2004j7ac,82,mediatek 820,14689.95,mediatek 820,ARM Mali / Adreno (待确认),Android OEM(待确认),Android OEM(待确认),2022-01~2025-01(估算),"150~900(USD,估算)",主流级
Android,24115ra8ec,89,,14655.95,移动SoC(待确认),ARM Mali / Adreno (待确认),Android OEM(待确认),Android OEM(待确认),2022-01~2025-01(估算),"150~900(USD,估算)",主流级
Android,32x8n-pro,75,,14650.983333,移动SoC(待确认),ARM Mali / Adreno (待确认),Android OEM(待确认),Android OEM(待确认),2022-01~2025-01(估算),"150~900(USD,估算)",入门级
Android,redmi note 8,81,"qualcomm technologies, inc trinket qcom",14641.966667,"qualcomm technologies, inc trinket qcom",ARM Mali / Adreno (待确认),Android OEM(待确认),Android OEM(待确认),2022-01~2025-01(估算),"150~900(USD,估算)",主流级
Android,noh-al10,88,,14636,移动SoC(待确认),ARM Mali / Adreno (待确认),Android OEM(待确认),Android OEM(待确认),2022-01~2025-01(估算),"150~900(USD,估算)",主流级
Android,pdym20,72,,14617.55,移动SoC(待确认),ARM Mali / Adreno (待确认),Android OEM(待确认),Android OEM(待确认),2022-01~2025-01(估算),"150~900(USD,估算)",入门级
Android,eln-l09,86,,14605.3,移动SoC(待确认),ARM Mali / Adreno (待确认),Android OEM(待确认),Android OEM(待确认),2022-01~2025-01(估算),"150~900(USD,估算)",主流级
Android,m2105k81ac,-1,,14592.15,移动SoC(待确认),ARM Mali / Adreno (待确认),Android OEM(待确认),Android OEM(待确认),2022-01~2025-01(估算),"150~900(USD,估算)",待确认配置
Android,jdn2-w09hn,81,,14580.216667,移动SoC(待确认),ARM Mali / Adreno (待确认),Android OEM(待确认),Android OEM(待确认),2022-01~2025-01(估算),"150~900(USD,估算)",主流级
MAC,"MacBookPro16,1",-1,,14571.233333,待确认,待确认,待确认,待确认,待确认,待确认,待确认配置
Android,ags3-al09hn,77,,14568.25,移动SoC(待确认),ARM Mali / Adreno (待确认),Android OEM(待确认),Android OEM(待确认),2022-01~2025-01(估算),"150~900(USD,估算)",入门级
Android,vog-al10,84,,14565.816667,移动SoC(待确认),ARM Mali / Adreno (待确认),Android OEM(待确认),Android OEM(待确认),2022-01~2025-01(估算),"150~900(USD,估算)",主流级
Android,v1901a,73,"MT6765V/CB, mt6765",14542.7,"MT6765V/CB, mt6765",ARM Mali / Adreno (待确认),Android OEM(待确认),Android OEM(待确认),2022-01~2025-01(估算),"150~900(USD,估算)",入门级
Windows,,88,Intel(R) Xeon(R) CPU E5-2673 v3 @ 2.40GHz,14533.35,Intel(R) Xeon(R) CPU E5-2673 v3 @ 2.40GHz,Intel Iris Xe/集成显卡(待确认),PC OEM(待确认),PC OEM(待确认),待确认,待确认,主流级
Android,jdy-an00,75,,14525.65,移动SoC(待确认),ARM Mali / Adreno (待确认),Android OEM(待确认),Android OEM(待确认),2022-01~2025-01(估算),"150~900(USD,估算)",入门级
Android,v2244a,89,qualcomm 865,14500.7,qualcomm 865,ARM Mali / Adreno (待确认),Android OEM(待确认),Android OEM(待确认),2022-01~2025-01(估算),"150~900(USD,估算)",主流级
Android,21091116ac,75,"MT6833P, mt6833",14494.433333,"MT6833P, mt6833",ARM Mali / Adreno (待确认),Android OEM(待确认),Android OEM(待确认),2022-01~2025-01(估算),"150~900(USD,估算)",入门级
Android,abr-al00,89,"SM8325, qcom",14482.85,"SM8325, qcom",ARM Mali / Adreno (待确认),Android OEM(待确认),Android OEM(待确认),2022-01~2025-01(估算),"150~900(USD,估算)",主流级
Android,sm-x610,71,,14458.583333,移动SoC(待确认),ARM Mali / Adreno (待确认),Samsung,Samsung,2022-01~2025-01(估算),"150~900(USD,估算)",入门级
Android,agm3-al09hn,69,,14457.733333,移动SoC(待确认),ARM Mali / Adreno (待确认),Android OEM(待确认),Android OEM(待确认),2022-01~2025-01(估算),"150~900(USD,估算)",基础级/待淘汰
Android,phw110,85,qualcomm 778g,14451.2,qualcomm 778g,ARM Mali / Adreno (待确认),Android OEM(待确认),Android OEM(待确认),2022-01~2025-01(估算),"150~900(USD,估算)",主流级
Android,ada-al00,86,kirin 8000,14440,kirin 8000,ARM Mali / Adreno (待确认),Android OEM(待确认),Android OEM(待确认),2022-01~2025-01(估算),"150~900(USD,估算)",主流级
Android,gar-an60,75,,14436.316667,移动SoC(待确认),ARM Mali / Adreno (待确认),Android OEM(待确认),Android OEM(待确认),2022-01~2025-01(估算),"150~900(USD,估算)",入门级
Android,g30,72,,14419.733333,移动SoC(待确认),ARM Mali / Adreno (待确认),Android OEM(待确认),Android OEM(待确认),2022-01~2025-01(估算),"150~900(USD,估算)",入门级
Android,fin-al60a,89,,14373.95,移动SoC(待确认),ARM Mali / Adreno (待确认),Android OEM(待确认),Android OEM(待确认),2022-01~2025-01(估算),"150~900(USD,估算)",主流级
Android,v2357a,75,,14369.45,移动SoC(待确认),ARM Mali / Adreno (待确认),Android OEM(待确认),Android OEM(待确认),2022-01~2025-01(估算),"150~900(USD,估算)",入门级
Android,btv-w09,68,,14368.366667,移动SoC(待确认),ARM Mali / Adreno (待确认),Android OEM(待确认),Android OEM(待确认),2022-01~2025-01(估算),"150~900(USD,估算)",基础级/待淘汰
Android,m2007j22c,77,mediatek 800u,14350.25,mediatek 800u,ARM Mali / Adreno (待确认),Android OEM(待确认),Android OEM(待确认),2022-01~2025-01(估算),"150~900(USD,估算)",入门级
Android,25080rabdc,82,mediatek mt6878  mt6878,14346.416667,mediatek mt6878  mt6878,ARM Mali / Adreno (待确认),Android OEM(待确认),Android OEM(待确认),2022-01~2025-01(估算),"150~900(USD,估算)",主流级
Android,hlk-al00,82,vendor kirin810 kirin810,14309.183333,vendor kirin810 kirin810,ARM Mali / Adreno (待确认),Android OEM(待确认),Android OEM(待确认),2022-01~2025-01(估算),"150~900(USD,估算)",主流级
Android,pjc110,87,qualcomm 782g,14289.033333,qualcomm 782g,ARM Mali / Adreno (待确认),Android OEM(待确认),Android OEM(待确认),2022-01~2025-01(估算),"150~900(USD,估算)",主流级
Android,ags3k-w00,77,,14269.866667,移动SoC(待确认),ARM Mali / Adreno (待确认),Android OEM(待确认),Android OEM(待确认),2022-01~2025-01(估算),"150~900(USD,估算)",入门级
iOS,"iPad13,7",92,,14253.716667,Apple A/M系列芯片(待细化),Apple 自研GPU,Apple,Apple,待确认,待确认,高端级
Android,mro-w00,85,hisilicon kirin  kirint91,14241.8,hisilicon kirin  kirint91,ARM Mali / Adreno (待确认),Huawei,Huawei,2022-01~2025-01(估算),"150~900(USD,估算)",主流级
Windows,OptiPlex 3060,93,Intel(R) Core(TM) i7-8700 CPU @ 3.20GHz,14241.133333,Intel(R) Core(TM) i7-8700 CPU @ 3.20GHz,Intel Iris Xe/集成显卡(待确认),PC OEM(待确认),PC OEM(待确认),待确认,待确认,高端级
Android,sm-t736b,89,,14221.55,移动SoC(待确认),ARM Mali / Adreno (待确认),Samsung,Samsung,2022-01~2025-01(估算),"150~900(USD,估算)",主流级
Android,pal-al00,89,,14202.1,移动SoC(待确认),ARM Mali / Adreno (待确认),Android OEM(待确认),Android OEM(待确认),2022-01~2025-01(估算),"150~900(USD,估算)",主流级
Android,v2020a,89,"Qualcomm Technologies, Inc SM7250, qcom",14158.933333,"Qualcomm Technologies, Inc SM7250, qcom",ARM Mali / Adreno (待确认),Android OEM(待确认),Android OEM(待确认),2022-01~2025-01(估算),"150~900(USD,估算)",主流级
Android,hed-al00,71,,14153.4,移动SoC(待确认),ARM Mali / Adreno (待确认),Android OEM(待确认),Android OEM(待确认),2022-01~2025-01(估算),"150~900(USD,估算)",入门级
Android,22101317c,85,,14149.1,移动SoC(待确认),ARM Mali / Adreno (待确认),Android OEM(待确认),Android OEM(待确认),2022-01~2025-01(估算),"150~900(USD,估算)",主流级
Android,v1981a,89,Qualcomm 865,14141.833333,Qualcomm 865,ARM Mali / Adreno (待确认),Android OEM(待确认),Android OEM(待确认),2022-01~2025-01(估算),"150~900(USD,估算)",主流级
Android,25060rk16c,79,,14132.566667,移动SoC(待确认),ARM Mali / Adreno (待确认),Android OEM(待确认),Android OEM(待确认),2022-01~2025-01(估算),"150~900(USD,估算)",入门级
Android,xk-12,72,,14129.633333,移动SoC(待确认),ARM Mali / Adreno (待确认),Android OEM(待确认),Android OEM(待确认),2022-01~2025-01(估算),"150~900(USD,估算)",入门级
Windows,OptiPlex 3070,78,Intel(R) Core(TM) i5-9500 CPU @ 3.00GHz,14128.616667,Intel(R) Core(TM) i5-9500 CPU @ 3.00GHz,Intel Iris Xe/集成显卡(待确认),PC OEM(待确认),PC OEM(待确认),待确认,待确认,入门级
Android,pka110,89,,14126.733333,移动SoC(待确认),ARM Mali / Adreno (待确认),Android OEM(待确认),Android OEM(待确认),2022-01~2025-01(估算),"150~900(USD,估算)",主流级
Android,c310ch,72,,14117.766667,移动SoC(待确认),ARM Mali / Adreno (待确认),Android OEM(待确认),Android OEM(待确认),2022-01~2025-01(估算),"150~900(USD,估算)",入门级
Android,v2352a,92,qualcomm 8s Gen 3,14106.816667,qualcomm 8s Gen 3,ARM Mali / Adreno (待确认),Android OEM(待确认),Android OEM(待确认),2022-01~2025-01(估算),"150~900(USD,估算)",高端级
Android,v2361a,88,qualcomm 7 Gen 3,14087.45,qualcomm 7 Gen 3,ARM Mali / Adreno (待确认),Android OEM(待确认),Android OEM(待确认),2022-01~2025-01(估算),"150~900(USD,估算)",主流级
Windows,81UW,70,AMD Ryzen 5 3500U with Radeon Vega Mobile Gfx  ,14081.966667,AMD Ryzen 5 3500U with Radeon Vega Mobile Gfx,Intel Iris Xe/集成显卡(待确认),Lenovo,Lenovo,2022-01~2023-01,699,入门级
Windows,80XL,68,Intel(R) Core(TM) i5-7200U CPU @ 2.50GHz,14010.633333,Intel(R) Core(TM) i5-7200U CPU @ 2.50GHz,Intel Iris Xe/集成显卡(待确认),Lenovo,Lenovo,2022-01~2023-01,699,基础级/待淘汰
Android,rk3399-nextclass,64,,13998.3,移动SoC(待确认),ARM Mali / Adreno (待确认),Android OEM(待确认),Android OEM(待确认),2022-01~2025-01(估算),"150~900(USD,估算)",基础级/待淘汰
MAC,"Mac14,15",-1,,13982.316667,待确认,待确认,待确认,待确认,待确认,待确认,待确认配置
Android,24074rpd2c,89,,13942.816667,移动SoC(待确认),ARM Mali / Adreno (待确认),Android OEM(待确认),Android OEM(待确认),2022-01~2025-01(估算),"150~900(USD,估算)",主流级
Android,sm-x210,89,,13935.883333,移动SoC(待确认),ARM Mali / Adreno (待确认),Samsung,Samsung,2022-01~2025-01(估算),"150~900(USD,估算)",主流级
Windows,83JQ,70,Intel(R) Core(TM) Ultra 7 258V,13930.95,Intel(R) Core(TM) Ultra 7 258V,Intel Iris Xe/集成显卡(待确认),Lenovo,Lenovo,2022-01~2023-01,699,入门级
Android,phz110,90,mediatek 9300,13896.016667,mediatek 9300,ARM Mali / Adreno (待确认),Android OEM(待确认),Android OEM(待确认),2022-01~2025-01(估算),"150~900(USD,估算)",高端级
Android,hry-al00a,80,kirin 710,13849.566667,kirin 710,ARM Mali / Adreno (待确认),Android OEM(待确认),Android OEM(待确认),2022-01~2025-01(估算),"150~900(USD,估算)",主流级
Android,ipa2475,79,,13843,移动SoC(待确认),ARM Mali / Adreno (待确认),Android OEM(待确认),Android OEM(待确认),2022-01~2025-01(估算),"150~900(USD,估算)",入门级
Windows,80Y3,74,Intel(R) Core(TM) i7-7500U CPU @ 2.70GHz,13826.166667,Intel(R) Core(TM) i7-7500U CPU @ 2.70GHz,Intel Iris Xe/集成显卡(待确认),Lenovo,Lenovo,2022-01~2023-01,699,入门级
Android,plus2.0-2.0s,72,,13819.1,移动SoC(待确认),ARM Mali / Adreno (待确认),Android OEM(待确认),Android OEM(待确认),2022-01~2025-01(估算),"150~900(USD,估算)",入门级
Android,sp200,76,mediatek 720,13810.216667,mediatek 720,ARM Mali / Adreno (待确认),Android OEM(待确认),Android OEM(待确认),2022-01~2025-01(估算),"150~900(USD,估算)",入门级
Android,chg-w60,93,,13789.45,移动SoC(待确认),ARM Mali / Adreno (待确认),Android OEM(待确认),Android OEM(待确认),2022-01~2025-01(估算),"150~900(USD,估算)",高端级
iOS,"iPad16,2",98,,13777.533333,Apple A/M系列芯片(待细化),Apple 自研GPU,Apple,Apple,待确认,待确认,旗舰级
Android,stg-al00,89,"Qualcomm Technologies, Inc KHAJE, qcom",13774.066667,"Qualcomm Technologies, Inc KHAJE, qcom",ARM Mali / Adreno (待确认),Android OEM(待确认),Android OEM(待确认),2022-01~2025-01(估算),"150~900(USD,估算)",主流级
Android,v2318a,75,", mt6833",13740.416667,", mt6833",ARM Mali / Adreno (待确认),Android OEM(待确认),Android OEM(待确认),2022-01~2025-01(估算),"150~900(USD,估算)",入门级
Android,21091116c,81,mediatek 1080,13729.816667,mediatek 1080,ARM Mali / Adreno (待确认),Android OEM(待确认),Android OEM(待确认),2022-01~2025-01(估算),"150~900(USD,估算)",主流级
Android,sdy-an00,84,mediatek 8100,13719.133333,mediatek 8100,ARM Mali / Adreno (待确认),Android OEM(待确认),Android OEM(待确认),2022-01~2025-01(估算),"150~900(USD,估算)",主流级
Android,dm2023666,68,,13684.85,移动SoC(待确认),ARM Mali / Adreno (待确认),Android OEM(待确认),Android OEM(待确认),2022-01~2025-01(估算),"150~900(USD,估算)",基础级/待淘汰
Android,dio-an00,75,,13634.483333,移动SoC(待确认),ARM Mali / Adreno (待确认),Android OEM(待确认),Android OEM(待确认),2022-01~2025-01(估算),"150~900(USD,估算)",入门级
Android,t10,72,,13631.633333,移动SoC(待确认),ARM Mali / Adreno (待确认),Android OEM(待确认),Android OEM(待确认),2022-01~2025-01(估算),"150~900(USD,估算)",入门级
Android,lem-al00,91,kirin 9000S,13617.466667,kirin 9000S,ARM Mali / Adreno (待确认),Android OEM(待确认),Android OEM(待确认),2022-01~2025-01(估算),"150~900(USD,估算)",高端级
Windows,Inspiron 5480,64,Intel(R) Core(TM) i5-8265U CPU @ 1.60GHz,13597.5,Intel(R) Core(TM) i5-8265U CPU @ 1.60GHz,Intel Iris Xe/集成显卡(待确认),PC OEM(待确认),PC OEM(待确认),待确认,待确认,基础级/待淘汰
Android,23116pn5bc,96,qualcomm 8 Gen 3,13587.283333,Qualcomm Snapdragon 8 Gen 3,Adreno GPU,Android OEM(待确认),Android OEM(待确认),2022-01~2025-01(估算),"150~900(USD,估算)",旗舰级
Android,vne-an00,86,,13583.05,移动SoC(待确认),ARM Mali / Adreno (待确认),Android OEM(待确认),Android OEM(待确认),2022-01~2025-01(估算),"150~900(USD,估算)",主流级
Android,rmx3946,75,,13578,移动SoC(待确认),ARM Mali / Adreno (待确认),Android OEM(待确认),Android OEM(待确认),2022-01~2025-01(估算),"150~900(USD,估算)",入门级
Android,clt-al00,84,,13577.483333,移动SoC(待确认),ARM Mali / Adreno (待确认),Android OEM(待确认),Android OEM(待确认),2022-01~2025-01(估算),"150~900(USD,估算)",主流级
Android,ebg-an00,88,kirin 990,13576.05,kirin 990,ARM Mali / Adreno (待确认),Android OEM(待确认),Android OEM(待确认),2022-01~2025-01(估算),"150~900(USD,估算)",主流级
Android,v2425a,93,,13553.033333,移动SoC(待确认),ARM Mali / Adreno (待确认),Android OEM(待确认),Android OEM(待确认),2022-01~2025-01(估算),"150~900(USD,估算)",高端级
Android,rna-an00,89,Qualcomm 778G,13550.133333,Qualcomm 778G,ARM Mali / Adreno (待确认),Android OEM(待确认),Android OEM(待确认),2022-01~2025-01(估算),"150~900(USD,估算)",主流级
Android,v2464a,87,qti sm7750  qcom,13545.283333,qti sm7750  qcom,ARM Mali / Adreno (待确认),Android OEM(待确认),Android OEM(待确认),2022-01~2025-01(估算),"150~900(USD,估算)",主流级
Android,ipa2453,89,,13538.083333,移动SoC(待确认),ARM Mali / Adreno (待确认),Android OEM(待确认),Android OEM(待确认),2022-01~2025-01(估算),"150~900(USD,估算)",主流级
MAC,"MacBookPro18,1",89,,13532.5,待确认,待确认,待确认,待确认,待确认,待确认,主流级
Windows,H610M4-PLUS,84,12th Gen Intel(R) Core(TM) i5-12400F,13512.55,12th Gen Intel(R) Core(TM) i5-12400F,Intel Iris Xe/集成显卡(待确认),PC OEM(待确认),PC OEM(待确认),待确认,待确认,主流级
Windows,81NJ,70,AMD Ryzen 5 3500U with Radeon Vega Mobile Gfx  ,13506.866667,AMD Ryzen 5 3500U with Radeon Vega Mobile Gfx,Intel Iris Xe/集成显卡(待确认),Lenovo,Lenovo,2022-01~2023-01,699,入门级
Android,vde-al10,84,,13506.4,移动SoC(待确认),ARM Mali / Adreno (待确认),Android OEM(待确认),Android OEM(待确认),2022-01~2025-01(估算),"150~900(USD,估算)",主流级
Android,pgfm10,75,,13495.483333,移动SoC(待确认),ARM Mali / Adreno (待确认),Android OEM(待确认),Android OEM(待确认),2022-01~2025-01(估算),"150~900(USD,估算)",入门级
Android,v2244a,93,Qualcomm 865,13442.583333,Qualcomm 865,ARM Mali / Adreno (待确认),Android OEM(待确认),Android OEM(待确认),2022-01~2025-01(估算),"150~900(USD,估算)",高端级
Android,bkl-al20,83,kirin 970,13426.4,kirin 970,ARM Mali / Adreno (待确认),Android OEM(待确认),Android OEM(待确认),2022-01~2025-01(估算),"150~900(USD,估算)",主流级
Android,clk-an00,80,mediatek 6020,13423.116667,mediatek 6020,ARM Mali / Adreno (待确认),Android OEM(待确认),Android OEM(待确认),2022-01~2025-01(估算),"150~900(USD,估算)",主流级
Android,peym00,75,"MT6893Z/CZA, mt6893",13409.166667,"MT6893Z/CZA, mt6893",ARM Mali / Adreno (待确认),Android OEM(待确认),Android OEM(待确认),2022-01~2025-01(估算),"150~900(USD,估算)",入门级
Android,2410crp4cg,89,,13386.45,移动SoC(待确认),ARM Mali / Adreno (待确认),Android OEM(待确认),Android OEM(待确认),2022-01~2025-01(估算),"150~900(USD,估算)",主流级
Windows,83LV,88,AMD Ryzen 9 8945HX with Radeon Graphics        ,13386.066667,AMD Ryzen 9 8945HX with Radeon Graphics,Intel Iris Xe/集成显卡(待确认),Lenovo,Lenovo,2022-01~2023-01,699,主流级
Android,redmi 5 plus,76,qualcomm 625,13355.116667,qualcomm 625,ARM Mali / Adreno (待确认),Android OEM(待确认),Android OEM(待确认),2022-01~2025-01(估算),"150~900(USD,估算)",入门级
Windows,NBLK-WAX9X,70,AMD Ryzen 5 3500U with Radeon Vega Mobile Gfx  ,13299.75,AMD Ryzen 5 3500U with Radeon Vega Mobile Gfx,Intel Iris Xe/集成显卡(待确认),PC OEM(待确认),PC OEM(待确认),待确认,待确认,入门级
Android,phk110,93,,13284.8,移动SoC(待确认),ARM Mali / Adreno (待确认),Android OEM(待确认),Android OEM(待确认),2022-01~2025-01(估算),"150~900(USD,估算)",高端级
Android,le2110,89,qualcomm 888,13267.116667,qualcomm 888,ARM Mali / Adreno (待确认),Android OEM(待确认),Android OEM(待确认),2022-01~2025-01(估算),"150~900(USD,估算)",主流级
Android,2312draabc,75,,13239.083333,移动SoC(待确认),ARM Mali / Adreno (待确认),Android OEM(待确认),Android OEM(待确认),2022-01~2025-01(估算),"150~900(USD,估算)",入门级
Android,pchm10,81,"qualcomm technologies, inc sdm665 qcom",13233.616667,"qualcomm technologies, inc sdm665 qcom",ARM Mali / Adreno (待确认),Android OEM(待确认),Android OEM(待确认),2022-01~2025-01(估算),"150~900(USD,估算)",主流级
Android,phj110,76,mediatek 700,13226.833333,mediatek 700,ARM Mali / Adreno (待确认),Android OEM(待确认),Android OEM(待确认),2022-01~2025-01(估算),"150~900(USD,估算)",入门级
MAC,"MacBookAir8,2",52,,13221.75,待确认,待确认,待确认,待确认,待确认,待确认,基础级/待淘汰
Windows,System Product Name,85,Intel(R) Core(TM) i7-6700K CPU @ 4.00GHz,13212.85,Intel(R) Core(TM) i7-6700K CPU @ 4.00GHz,Intel Iris Xe/集成显卡(待确认),PC OEM(待确认),PC OEM(待确认),待确认,待确认,主流级
Android,vyg-al00,84,,13175.366667,移动SoC(待确认),ARM Mali / Adreno (待确认),Android OEM(待确认),Android OEM(待确认),2022-01~2025-01(估算),"150~900(USD,估算)",主流级
Android,25098pn5ac,97,,13120.266667,移动SoC(待确认),ARM Mali / Adreno (待确认),Android OEM(待确认),Android OEM(待确认),2022-01~2025-01(估算),"150~900(USD,估算)",旗舰级
Windows,83K0,78,13th Gen Intel(R) Core(TM) i5-13420H,13109.15,13th Gen Intel(R) Core(TM) i5-13420H,Intel Iris Xe/集成显卡(待确认),Lenovo,Lenovo,2022-01~2023-01,699,入门级
Android,juy-al00,80,Kirin 710,13107.4,Kirin 710,ARM Mali / Adreno (待确认),Android OEM(待确认),Android OEM(待确认),2022-01~2025-01(估算),"150~900(USD,估算)",主流级
Android,ags2-al00,68,,13092.883333,移动SoC(待确认),ARM Mali / Adreno (待确认),Android OEM(待确认),Android OEM(待确认),2022-01~2025-01(估算),"150~900(USD,估算)",基础级/待淘汰
Windows,81Q5,70,Intel(R) Core(TM) i5-9300HF CPU @ 2.40GHz,13090.65,Intel(R) Core(TM) i5-9300HF CPU @ 2.40GHz,Intel Iris Xe/集成显卡(待确认),Lenovo,Lenovo,2022-01~2023-01,699,入门级
Android,noh-an00,88,Kirin 9000,13070.616667,Kirin 9000,ARM Mali / Adreno (待确认),Android OEM(待确认),Android OEM(待确认),2022-01~2025-01(估算),"150~900(USD,估算)",主流级
Android,v2238a,87,mediatek 8200,13049.666667,mediatek 8200,ARM Mali / Adreno (待确认),Android OEM(待确认),Android OEM(待确认),2022-01~2025-01(估算),"150~900(USD,估算)",主流级
Windows,HP Laptop 14s-fr1xxx,76,AMD Ryzen 7 5700U with Radeon Graphics         ,13036.366667,AMD Ryzen 7 5700U with Radeon Graphics,Intel Iris Xe/集成显卡(待确认),HP,HP,2023-01,650,入门级
Android,plu-al10,84,,13019.683333,移动SoC(待确认),ARM Mali / Adreno (待确认),Android OEM(待确认),Android OEM(待确认),2022-01~2025-01(估算),"150~900(USD,估算)",主流级
iOS,"iPhone9,3",84,,13008.95,Apple A系列芯片(待细化),Apple 自研GPU,Apple,Apple,待确认,待确认,主流级
Android,bvl-an16,93,,12994.783333,移动SoC(待确认),ARM Mali / Adreno (待确认),Android OEM(待确认),Android OEM(待确认),2022-01~2025-01(估算),"150~900(USD,估算)",高端级
Android,padpro12,68,,12987.933333,移动SoC(待确认),ARM Mali / Adreno (待确认),Android OEM(待确认),Android OEM(待确认),2022-01~2025-01(估算),"150~900(USD,估算)",基础级/待淘汰
iOS,"iPhone17,3",66,,12985.666667,A18,Apple GPU (5-core),Apple,Apple,2024-09,799,基础级/待淘汰
Android,bbg7-w00,69,,12952.35,移动SoC(待确认),ARM Mali / Adreno (待确认),Android OEM(待确认),Android OEM(待确认),2022-01~2025-01(估算),"150~900(USD,估算)",基础级/待淘汰
iOS,"iPad7,1",84,,12941.616667,Apple A/M系列芯片(待细化),Apple 自研GPU,Apple,Apple,待确认,待确认,主流级
Android,fin-al60,85,qualcomm 778g,12926.633333,qualcomm 778g,ARM Mali / Adreno (待确认),Android OEM(待确认),Android OEM(待确认),2022-01~2025-01(估算),"150~900(USD,估算)",主流级
Android,tfy-an00,75,"MT6833V/PNZA, mt6833",12907.483333,"MT6833V/PNZA, mt6833",ARM Mali / Adreno (待确认),Android OEM(待确认),Android OEM(待确认),2022-01~2025-01(估算),"150~900(USD,估算)",入门级
Windows,90X000CJCP,88,Intel(R) Core(TM) i5-14400F,12903.116667,Intel(R) Core(TM) i5-14400F,Intel Iris Xe/集成显卡(待确认),Lenovo,Lenovo,2022-01~2023-01,699,主流级
Android,hlk-al00,84,,12856.516667,移动SoC(待确认),ARM Mali / Adreno (待确认),Android OEM(待确认),Android OEM(待确认),2022-01~2025-01(估算),"150~900(USD,估算)",主流级
Android,vde-al00,84,,12847.333333,移动SoC(待确认),ARM Mali / Adreno (待确认),Android OEM(待确认),Android OEM(待确认),2022-01~2025-01(估算),"150~900(USD,估算)",主流级
Android,v2338a,93,,12844.283333,移动SoC(待确认),ARM Mali / Adreno (待确认),Android OEM(待确认),Android OEM(待确认),2022-01~2025-01(估算),"150~900(USD,估算)",高端级
Android,2304fpn6dc,93,,12835.483333,移动SoC(待确认),ARM Mali / Adreno (待确认),Android OEM(待确认),Android OEM(待确认),2022-01~2025-01(估算),"150~900(USD,估算)",高端级
Android,tel-an10,84,kirin 820,12809.383333,kirin 820,ARM Mali / Adreno (待确认),Android OEM(待确认),Android OEM(待确认),2022-01~2025-01(估算),"150~900(USD,估算)",主流级
Android,bro-w00,89,,12807.666667,移动SoC(待确认),ARM Mali / Adreno (待确认),Android OEM(待确认),Android OEM(待确认),2022-01~2025-01(估算),"150~900(USD,估算)",主流级
Android,hey-w09,83,qualcomm 680,12804.5,qualcomm 680,ARM Mali / Adreno (待确认),Android OEM(待确认),Android OEM(待确认),2022-01~2025-01(估算),"150~900(USD,估算)",主流级
Windows,83AH,88,13th Gen Intel(R) Core(TM) i5-13500H,12781.7,13th Gen Intel(R) Core(TM) i5-13500H,Intel Iris Xe/集成显卡(待确认),Lenovo,Lenovo,2022-01~2023-01,699,主流级
Android,sm-s9010,92,qualcomm 8 gen 1,12727.583333,qualcomm 8 gen 1,ARM Mali / Adreno (待确认),Samsung,Samsung,2022-01~2025-01(估算),"150~900(USD,估算)",高端级
Android,ver-an00,89,,12721.183333,移动SoC(待确认),ARM Mali / Adreno (待确认),Android OEM(待确认),Android OEM(待确认),2022-01~2025-01(估算),"150~900(USD,估算)",主流级
Android,pju110,75,,12708.35,移动SoC(待确认),ARM Mali / Adreno (待确认),Android OEM(待确认),Android OEM(待确认),2022-01~2025-01(估算),"150~900(USD,估算)",入门级
Android,sm-x216b,86,,12700.516667,移动SoC(待确认),ARM Mali / Adreno (待确认),Samsung,Samsung,2022-01~2025-01(估算),"150~900(USD,估算)",主流级
Android,anp-an00,89,,12693.483333,移动SoC(待确认),ARM Mali / Adreno (待确认),Android OEM(待确认),Android OEM(待确认),2022-01~2025-01(估算),"150~900(USD,估算)",主流级
Android,2509fpn0bc,97,,12689.933333,移动SoC(待确认),ARM Mali / Adreno (待确认),Android OEM(待确认),Android OEM(待确认),2022-01~2025-01(估算),"150~900(USD,估算)",旗舰级
Android,dnn-an00,87,qti sm7750 sm7750 qcom,12643.283333,qti sm7750 sm7750 qcom,ARM Mali / Adreno (待确认),Android OEM(待确认),Android OEM(待确认),2022-01~2025-01(估算),"150~900(USD,估算)",主流级
Android,abr-al60,89,,12633.2,移动SoC(待确认),ARM Mali / Adreno (待确认),Android OEM(待确认),Android OEM(待确认),2022-01~2025-01(估算),"150~900(USD,估算)",主流级
Android,22120rn86c,69,,12602.2,移动SoC(待确认),ARM Mali / Adreno (待确认),Android OEM(待确认),Android OEM(待确认),2022-01~2025-01(估算),"150~900(USD,估算)",基础级/待淘汰
Android,pepm00,75,,12592.3,移动SoC(待确认),ARM Mali / Adreno (待确认),Android OEM(待确认),Android OEM(待确认),2022-01~2025-01(估算),"150~900(USD,估算)",入门级
Android,maa-an00,88,qualcomm 7 Gen 3,12560.6,qualcomm 7 Gen 3,ARM Mali / Adreno (待确认),Android OEM(待确认),Android OEM(待确认),2022-01~2025-01(估算),"150~900(USD,估算)",主流级
Android,p381,75,,12560.266667,移动SoC(待确认),ARM Mali / Adreno (待确认),Android OEM(待确认),Android OEM(待确认),2022-01~2025-01(估算),"150~900(USD,估算)",入门级
Android,hey2-n09,89,,12549.75,移动SoC(待确认),ARM Mali / Adreno (待确认),Android OEM(待确认),Android OEM(待确认),2022-01~2025-01(估算),"150~900(USD,估算)",主流级
Windows,Vostro 3420,76,11th Gen Intel(R) Core(TM) i5-1135G7 @ 2.40GHz,12531.05,11th Gen Intel(R) Core(TM) i5-1135G7 @ 2.40GHz,Intel Iris Xe/集成显卡(待确认),PC OEM(待确认),PC OEM(待确认),待确认,待确认,入门级
Android,2210132c,93,,12527.1,移动SoC(待确认),ARM Mali / Adreno (待确认),Android OEM(待确认),Android OEM(待确认),2022-01~2025-01(估算),"150~900(USD,估算)",高端级
MAC,"MacBookPro16,3",56,,12509.3,待确认,待确认,待确认,待确认,待确认,待确认,基础级/待淘汰
Android,v2301a,89,,12494.816667,移动SoC(待确认),ARM Mali / Adreno (待确认),Android OEM(待确认),Android OEM(待确认),2022-01~2025-01(估算),"150~900(USD,估算)",主流级
Android,2207122mc,75,"MT8395AV/ZA, mt8395",12482.983333,"MT8395AV/ZA, mt8395",ARM Mali / Adreno (待确认),Android OEM(待确认),Android OEM(待确认),2022-01~2025-01(估算),"150~900(USD,估算)",入门级
Android,v2464a,89,", qcom",12474.283333,", qcom",ARM Mali / Adreno (待确认),Android OEM(待确认),Android OEM(待确认),2022-01~2025-01(估算),"150~900(USD,估算)",主流级
Android,rod-w09,83,mediatek mt8795z/tnza mt8795z/tnza mt8795,12470.483333,mediatek mt8795z/tnza mt8795z/tnza mt8795,ARM Mali / Adreno (待确认),Android OEM(待确认),Android OEM(待确认),2022-01~2025-01(估算),"150~900(USD,估算)",主流级
Android,pjw110,79,,12461.066667,移动SoC(待确认),ARM Mali / Adreno (待确认),Android OEM(待确认),Android OEM(待确认),2022-01~2025-01(估算),"150~900(USD,估算)",入门级
Android,23090ra98c,84,mediatek 7200,12423.183333,mediatek 7200,ARM Mali / Adreno (待确认),Android OEM(待确认),Android OEM(待确认),2022-01~2025-01(估算),"150~900(USD,估算)",主流级
Android,web-w10,71,,12403.7,移动SoC(待确认),ARM Mali / Adreno (待确认),Android OEM(待确认),Android OEM(待确认),2022-01~2025-01(估算),"150~900(USD,估算)",入门级
Windows,HP Z2 SFF G5 Workstation,94,Intel(R) Core(TM) i7-10700 CPU @ 2.90GHz,12398.45,Intel(R) Core(TM) i7-10700 CPU @ 2.90GHz,Intel Iris Xe/集成显卡(待确认),HP,HP,2023-01,650,高端级
Android,v2444a,89,,12381.833333,移动SoC(待确认),ARM Mali / Adreno (待确认),Android OEM(待确认),Android OEM(待确认),2022-01~2025-01(估算),"150~900(USD,估算)",主流级
Android,v2307a,93,,12375.05,移动SoC(待确认),ARM Mali / Adreno (待确认),Android OEM(待确认),Android OEM(待确认),2022-01~2025-01(估算),"150~900(USD,估算)",高端级
Android,eml-al00,83,kirin 970,12358.6,kirin 970,ARM Mali / Adreno (待确认),Android OEM(待确认),Android OEM(待确认),2022-01~2025-01(估算),"150~900(USD,估算)",主流级
Android,lft-an00,85,qcom,12358.383333,qcom,ARM Mali / Adreno (待确认),Android OEM(待确认),Android OEM(待确认),2022-01~2025-01(估算),"150~900(USD,估算)",主流级
Android,stg-al00,89,,12355.3,移动SoC(待确认),ARM Mali / Adreno (待确认),Android OEM(待确认),Android OEM(待确认),2022-01~2025-01(估算),"150~900(USD,估算)",主流级
Android,v2339fa,92,mediatek 9300,12336.45,mediatek 9300,ARM Mali / Adreno (待确认),Android OEM(待确认),Android OEM(待确认),2022-01~2025-01(估算),"150~900(USD,估算)",高端级
Android,bra-al00,91,kirin 9000S,12324.95,kirin 9000S,ARM Mali / Adreno (待确认),Android OEM(待确认),Android OEM(待确认),2022-01~2025-01(估算),"150~900(USD,估算)",高端级
Android,v2318a,75,,12308.766667,移动SoC(待确认),ARM Mali / Adreno (待确认),Android OEM(待确认),Android OEM(待确认),2022-01~2025-01(估算),"150~900(USD,估算)",入门级
Android,9491g,75,,12279.233333,移动SoC(待确认),ARM Mali / Adreno (待确认),Android OEM(待确认),Android OEM(待确认),2022-01~2025-01(估算),"150~900(USD,估算)",入门级
Android,tc01-e,63,,12279.15,移动SoC(待确认),ARM Mali / Adreno (待确认),Android OEM(待确认),Android OEM(待确认),2022-01~2025-01(估算),"150~900(USD,估算)",基础级/待淘汰
Android,ana-an00,84,", kirin990",12273.416667,", kirin990",ARM Mali / Adreno (待确认),Android OEM(待确认),Android OEM(待确认),2022-01~2025-01(估算),"150~900(USD,估算)",主流级
Android,pkg110,93,,12264.783333,移动SoC(待确认),ARM Mali / Adreno (待确认),Android OEM(待确认),Android OEM(待确认),2022-01~2025-01(估算),"150~900(USD,估算)",高端级
Windows,83NC,72,Intel(R) Core(TM) Ultra 5 225H,12259.3,Intel(R) Core(TM) Ultra 5 225H,Intel Iris Xe/集成显卡(待确认),Lenovo,Lenovo,2022-01~2023-01,699,入门级
Android,fgd-al00,79,kirin 710,12258.7,kirin 710,ARM Mali / Adreno (待确认),Android OEM(待确认),Android OEM(待确认),2022-01~2025-01(估算),"150~900(USD,估算)",入门级
Android,m2102k1c,89,qualcomm 888,12256.433333,qualcomm 888,ARM Mali / Adreno (待确认),Android OEM(待确认),Android OEM(待确认),2022-01~2025-01(估算),"150~900(USD,估算)",主流级
Windows,H310M S2 2.0,77,Intel(R) Core(TM) i3-9100F CPU @ 3.60GHz,12238.133333,Intel(R) Core(TM) i3-9100F CPU @ 3.60GHz,Intel Iris Xe/集成显卡(待确认),PC OEM(待确认),PC OEM(待确认),待确认,待确认,入门级
Windows,MT71A-SHG,72,12th Gen Intel(R) Core(TM) i5-12450H,12225.566667,12th Gen Intel(R) Core(TM) i5-12450H,Intel Iris Xe/集成显卡(待确认),PC OEM(待确认),PC OEM(待确认),待确认,待确认,入门级
Windows,80W0,68,Intel(R) Core(TM) i7-6500U CPU @ 2.50GHz,12200.733333,Intel(R) Core(TM) i7-6500U CPU @ 2.50GHz,Intel Iris Xe/集成显卡(待确认),Lenovo,Lenovo,2022-01~2023-01,699,基础级/待淘汰
Android,any-an00,89,", qcom",12192.05,", qcom",ARM Mali / Adreno (待确认),Android OEM(待确认),Android OEM(待确认),2022-01~2025-01(估算),"150~900(USD,估算)",主流级
Android,sm-n9860,67,,12186.233333,移动SoC(待确认),ARM Mali / Adreno (待确认),Samsung,Samsung,2022-01~2025-01(估算),"150~900(USD,估算)",基础级/待淘汰
Android,v2313a,83,qualcomm 695,12181.233333,qualcomm 695,ARM Mali / Adreno (待确认),Android OEM(待确认),Android OEM(待确认),2022-01~2025-01(估算),"150~900(USD,估算)",主流级
Windows,Redmi Book Pro 15 2022,93,AMD Ryzen 5 6600H with Radeon Graphics         ,12162.216667,AMD Ryzen 5 6600H with Radeon Graphics,Intel Iris Xe/集成显卡(待确认),PC OEM(待确认),PC OEM(待确认),待确认,待确认,高端级
Android,22081212c,93,,12135.333333,移动SoC(待确认),ARM Mali / Adreno (待确认),Android OEM(待确认),Android OEM(待确认),2022-01~2025-01(估算),"150~900(USD,估算)",高端级
Android,pka110,89,", qcom",12114,", qcom",ARM Mali / Adreno (待确认),Android OEM(待确认),Android OEM(待确认),2022-01~2025-01(估算),"150~900(USD,估算)",主流级
Android,xd-sdd16-2301,75,,12098.066667,移动SoC(待确认),ARM Mali / Adreno (待确认),Android OEM(待确认),Android OEM(待确认),2022-01~2025-01(估算),"150~900(USD,估算)",入门级
Android,ags5z-w09,86,,12074.15,移动SoC(待确认),ARM Mali / Adreno (待确认),Android OEM(待确认),Android OEM(待确认),2022-01~2025-01(估算),"150~900(USD,估算)",主流级
Android,2312draabc,80,mediatek 6020,12073.816667,mediatek 6020,ARM Mali / Adreno (待确认),Android OEM(待确认),Android OEM(待确认),2022-01~2025-01(估算),"150~900(USD,估算)",主流级
Android,sm-s9180,93,,12064.683333,移动SoC(待确认),ARM Mali / Adreno (待确认),Samsung,Samsung,2022-01~2025-01(估算),"150~900(USD,估算)",高端级
Android,v2425a,96,qualcomm 8 Gen 3,12051.95,Qualcomm Snapdragon 8 Gen 3,Adreno GPU,Android OEM(待确认),Android OEM(待确认),2022-01~2025-01(估算),"150~900(USD,估算)",旗舰级
Windows,B660M D2H DDR4,97,12th Gen Intel(R) Core(TM) i7-12700KF,12027.3,12th Gen Intel(R) Core(TM) i7-12700KF,Intel Iris Xe/集成显卡(待确认),PC OEM(待确认),PC OEM(待确认),待确认,待确认,旗舰级
Android,pkj110,93,qti sm8750  qcom,12020.483333,qti sm8750  qcom,ARM Mali / Adreno (待确认),Android OEM(待确认),Android OEM(待确认),2022-01~2025-01(估算),"150~900(USD,估算)",高端级
Android,wlz-an00,84,,12014.35,移动SoC(待确认),ARM Mali / Adreno (待确认),Android OEM(待确认),Android OEM(待确认),2022-01~2025-01(估算),"150~900(USD,估算)",主流级
Android,rte-al00,89,,11997.633333,移动SoC(待确认),ARM Mali / Adreno (待确认),Android OEM(待确认),Android OEM(待确认),2022-01~2025-01(估算),"150~900(USD,估算)",主流级
Android,c310cm,72,,11970.166667,移动SoC(待确认),ARM Mali / Adreno (待确认),Android OEM(待确认),Android OEM(待确认),2022-01~2025-01(估算),"150~900(USD,估算)",入门级
Android,xpt31,72,,11945.533333,移动SoC(待确认),ARM Mali / Adreno (待确认),Android OEM(待确认),Android OEM(待确认),2022-01~2025-01(估算),"150~900(USD,估算)",入门级
Android,24090ra29c,75,,11936.783333,移动SoC(待确认),ARM Mali / Adreno (待确认),Android OEM(待确认),Android OEM(待确认),2022-01~2025-01(估算),"150~900(USD,估算)",入门级
Android,25079rpdcc,79,,11874,移动SoC(待确认),ARM Mali / Adreno (待确认),Android OEM(待确认),Android OEM(待确认),2022-01~2025-01(估算),"150~900(USD,估算)",入门级
Android,v2243a,94,qualcomm 8 Gen 2,11853.516667,qualcomm 8 Gen 2,ARM Mali / Adreno (待确认),Android OEM(待确认),Android OEM(待确认),2022-01~2025-01(估算),"150~900(USD,估算)",高端级
Android,rmx3820,94,qualcomm 8 Gen 2,11832.333333,qualcomm 8 Gen 2,ARM Mali / Adreno (待确认),Android OEM(待确认),Android OEM(待确认),2022-01~2025-01(估算),"150~900(USD,估算)",高端级
Android,v2435a,81,mediatek mt6835  mt6835,11802.983333,MediaTek Dimensity 6100+,ARM Mali GPU,Android OEM(待确认),Android OEM(待确认),2022-01~2025-01(估算),"150~900(USD,估算)",主流级
iOS,"iPhone10,5",86,,11783.816667,Apple A系列芯片(待细化),Apple 自研GPU,Apple,Apple,待确认,待确认,主流级
Android,dby-w09,87,"Qualcomm Technologies, Inc KONA, qcom",11783.2,Qualcomm Snapdragon 865,Adreno GPU,Huawei,Huawei,2022-01~2025-01(估算),"150~900(USD,估算)",主流级
Android,pjy110,75,", mt6877",11770.816667,", mt6877",ARM Mali / Adreno (待确认),Android OEM(待确认),Android OEM(待确认),2022-01~2025-01(估算),"150~900(USD,估算)",入门级
Android,aln-al80,90,kirin 9000S,11765.066667,kirin 9000S,ARM Mali / Adreno (待确认),Android OEM(待确认),Android OEM(待确认),2022-01~2025-01(估算),"150~900(USD,估算)",高端级
Windows,82SK,88,12th Gen Intel(R) Core(TM) i9-12900H,11764.55,12th Gen Intel(R) Core(TM) i9-12900H,Intel Iris Xe/集成显卡(待确认),Lenovo,Lenovo,2022-01~2023-01,699,主流级
Android,v2456a,86,qti sm7635  qcom,11759.333333,qti sm7635  qcom,ARM Mali / Adreno (待确认),Android OEM(待确认),Android OEM(待确认),2022-01~2025-01(估算),"150~900(USD,估算)",主流级
Android,v2419a,79,,11743.966667,移动SoC(待确认),ARM Mali / Adreno (待确认),Android OEM(待确认),Android OEM(待确认),2022-01~2025-01(估算),"150~900(USD,估算)",入门级
Android,ann-an00,89,Qualcomm 778G,11712.733333,Qualcomm 778G,ARM Mali / Adreno (待确认),Android OEM(待确认),Android OEM(待确认),2022-01~2025-01(估算),"150~900(USD,估算)",主流级
Android,zpd1202,69,,11689.016667,移动SoC(待确认),ARM Mali / Adreno (待确认),Android OEM(待确认),Android OEM(待确认),2022-01~2025-01(估算),"150~900(USD,估算)",基础级/待淘汰
Android,readboy_g100a,65,qualcomm 425,11685.433333,qualcomm 425,ARM Mali / Adreno (待确认),Android OEM(待确认),Android OEM(待确认),2022-01~2025-01(估算),"150~900(USD,估算)",基础级/待淘汰
Android,bah3-an10,84,kirin 820,11682.983333,kirin 820,ARM Mali / Adreno (待确认),Huawei,Huawei,2022-01~2025-01(估算),"150~900(USD,估算)",主流级
Android,pggm10,89,Qualcomm 695,11680.45,Qualcomm 695,ARM Mali / Adreno (待确认),Android OEM(待确认),Android OEM(待确认),2022-01~2025-01(估算),"150~900(USD,估算)",主流级
Android,mga-al40,80,,11676.233333,移动SoC(待确认),ARM Mali / Adreno (待确认),Android OEM(待确认),Android OEM(待确认),2022-01~2025-01(估算),"150~900(USD,估算)",主流级
Android,fin-al60a,85,qualcomm 778g,11675.416667,qualcomm 778g,ARM Mali / Adreno (待确认),Android OEM(待确认),Android OEM(待确认),2022-01~2025-01(估算),"150~900(USD,估算)",主流级
Android,hbn-al80,71,", Kirin9010",11662.866667,", Kirin9010",ARM Mali / Adreno (待确认),Android OEM(待确认),Android OEM(待确认),2022-01~2025-01(估算),"150~900(USD,估算)",入门级
Android,pehm00,81,qualcomm 480,11660.283333,qualcomm 480,ARM Mali / Adreno (待确认),Android OEM(待确认),Android OEM(待确认),2022-01~2025-01(估算),"150~900(USD,估算)",主流级
Windows,82MU,76,11th Gen Intel(R) Core(TM) i5-1155G7 @ 2.50GHz,11660.1,11th Gen Intel(R) Core(TM) i5-1155G7 @ 2.50GHz,Intel Iris Xe/集成显卡(待确认),Lenovo,Lenovo,2022-01~2023-01,699,入门级
Android,p600,68,,11656.7,移动SoC(待确认),ARM Mali / Adreno (待确认),Android OEM(待确认),Android OEM(待确认),2022-01~2025-01(估算),"150~900(USD,估算)",基础级/待淘汰
Android,tx20-q20,65,,11650.5,移动SoC(待确认),ARM Mali / Adreno (待确认),Android OEM(待确认),Android OEM(待确认),2022-01~2025-01(估算),"150~900(USD,估算)",基础级/待淘汰
Android,php110,75,", mt6983",11621.95,", mt6983",ARM Mali / Adreno (待确认),Android OEM(待确认),Android OEM(待确认),2022-01~2025-01(估算),"150~900(USD,估算)",入门级
Android,v2430a,92,mediatek 9300,11619.533333,mediatek 9300,ARM Mali / Adreno (待确认),Android OEM(待确认),Android OEM(待确认),2022-01~2025-01(估算),"150~900(USD,估算)",高端级
Android,pfcm00,75,"MT6877V/ZA, mt6877",11619.416667,"MT6877V/ZA, mt6877",ARM Mali / Adreno (待确认),Android OEM(待确认),Android OEM(待确认),2022-01~2025-01(估算),"150~900(USD,估算)",入门级
Android,mag-an00,93,,11600.716667,移动SoC(待确认),ARM Mali / Adreno (待确认),Android OEM(待确认),Android OEM(待确认),2022-01~2025-01(估算),"150~900(USD,估算)",高端级
Android,bvl-an00,96,qualcomm 8 Gen 3,11599.05,Qualcomm Snapdragon 8 Gen 3,Adreno GPU,Android OEM(待确认),Android OEM(待确认),2022-01~2025-01(估算),"150~900(USD,估算)",旗舰级
Windows,VivoBook_ASUSLaptop X513EP_V5050EP,76,11th Gen Intel(R) Core(TM) i5-1135G7 @ 2.40GHz,11571.183333,11th Gen Intel(R) Core(TM) i5-1135G7 @ 2.40GHz,Intel Iris Xe/集成显卡(待确认),PC OEM(待确认),PC OEM(待确认),待确认,待确认,入门级
Android,tna-an00,89,,11564.533333,移动SoC(待确认),ARM Mali / Adreno (待确认),Android OEM(待确认),Android OEM(待确认),2022-01~2025-01(估算),"150~900(USD,估算)",主流级
iOS,"iPad7,5",-1,,11555.983333,A10 Fusion,PowerVR GT7600,Apple,Apple,2018-03,329,待确认配置
Android,v2057a,72,"MT6853V/ZA, mt6853",11552.35,"MT6853V/ZA, mt6853",ARM Mali / Adreno (待确认),Android OEM(待确认),Android OEM(待确认),2022-01~2025-01(估算),"150~900(USD,估算)",入门级
Android,v2055a,93,,11521.083333,移动SoC(待确认),ARM Mali / Adreno (待确认),Android OEM(待确认),Android OEM(待确认),2022-01~2025-01(估算),"150~900(USD,估算)",高端级
Android,jlh-an00,75,,11471.85,移动SoC(待确认),ARM Mali / Adreno (待确认),Android OEM(待确认),Android OEM(待确认),2022-01~2025-01(估算),"150~900(USD,估算)",入门级
Windows,82WM,88,AMD Ryzen 9 7945HX with Radeon Graphics        ,11459.3,AMD Ryzen 9 7945HX with Radeon Graphics,Intel Iris Xe/集成显卡(待确认),Lenovo,Lenovo,2022-01~2023-01,699,主流级
Windows,82MS,97,AMD Ryzen 7 5800H with Radeon Graphics         ,11452.75,AMD Ryzen 7 5800H with Radeon Graphics,Intel Iris Xe/集成显卡(待确认),Lenovo,Lenovo,2022-01~2023-01,699,旗舰级
Android,phm110,89,"Qualcomm Technologies, Inc SDM778G, qcom",11444.4,"Qualcomm Technologies, Inc SDM778G, qcom",ARM Mali / Adreno (待确认),Android OEM(待确认),Android OEM(待确认),2022-01~2025-01(估算),"150~900(USD,估算)",主流级
Android,peqm00,75,"MT6877V/ZA, mt6877",11442.666667,"MT6877V/ZA, mt6877",ARM Mali / Adreno (待确认),Android OEM(待确认),Android OEM(待确认),2022-01~2025-01(估算),"150~900(USD,估算)",入门级
Android,cma-an40,76,mediatek 700,11440.416667,mediatek 700,ARM Mali / Adreno (待确认),Android OEM(待确认),Android OEM(待确认),2022-01~2025-01(估算),"150~900(USD,估算)",入门级
Android,cnd-an00,77,mediatek 800u,11424.65,mediatek 800u,ARM Mali / Adreno (待确认),Android OEM(待确认),Android OEM(待确认),2022-01~2025-01(估算),"150~900(USD,估算)",入门级
Windows,Dell G15 5520,82,12th Gen Intel(R) Core(TM) i7-12700H,11393.966667,12th Gen Intel(R) Core(TM) i7-12700H,Intel Iris Xe/集成显卡(待确认),PC OEM(待确认),PC OEM(待确认),待确认,待确认,主流级
Android,q20,65,,11368.45,移动SoC(待确认),ARM Mali / Adreno (待确认),Android OEM(待确认),Android OEM(待确认),2022-01~2025-01(估算),"150~900(USD,估算)",基础级/待淘汰
Android,pla110,79,", mt6897",11366.983333,", mt6897",ARM Mali / Adreno (待确认),Android OEM(待确认),Android OEM(待确认),2022-01~2025-01(估算),"150~900(USD,估算)",入门级
iOS,"iPad11,4",88,,11351.983333,Apple A/M系列芯片(待细化),Apple 自研GPU,Apple,Apple,待确认,待确认,主流级
Windows,82DM,78,AMD Ryzen 5 4600U with Radeon Graphics         ,11339.1,AMD Ryzen 5 4600U with Radeon Graphics,Intel Iris Xe/集成显卡(待确认),Lenovo,Lenovo,2022-01~2023-01,699,入门级
Android,pkd110,75,", mt6835",11289.716667,MediaTek Dimensity 6100+,ARM Mali GPU,Android OEM(待确认),Android OEM(待确认),2022-01~2025-01(估算),"150~900(USD,估算)",入门级
Android,aln-al00,90,Kirin 9000,11283.5,Kirin 9000,ARM Mali / Adreno (待确认),Android OEM(待确认),Android OEM(待确认),2022-01~2025-01(估算),"150~900(USD,估算)",高端级
Android,bla-al00,83,kirin 970,11272.2,kirin 970,ARM Mali / Adreno (待确认),Android OEM(待确认),Android OEM(待确认),2022-01~2025-01(估算),"150~900(USD,估算)",主流级
Android,24090ra29c,75,", mt6878",11269.533333,", mt6878",ARM Mali / Adreno (待确认),Android OEM(待确认),Android OEM(待确认),2022-01~2025-01(估算),"150~900(USD,估算)",入门级
Android,tb710fu,91,,11267.2,移动SoC(待确认),ARM Mali / Adreno (待确认),Android OEM(待确认),Android OEM(待确认),2022-01~2025-01(估算),"150~900(USD,估算)",高端级
Android,clk-an00,78,mediatek 6020,11237,mediatek 6020,ARM Mali / Adreno (待确认),Android OEM(待确认),Android OEM(待确认),2022-01~2025-01(估算),"150~900(USD,估算)",入门级
Android,cet-al00,94,qualcomm 8+ gen 1,11234.316667,qualcomm 8+ gen 1,ARM Mali / Adreno (待确认),Android OEM(待确认),Android OEM(待确认),2022-01~2025-01(估算),"150~900(USD,估算)",高端级
Android,nam-al00,85,qualcomm 778g,11233.983333,qualcomm 778g,ARM Mali / Adreno (待确认),Android OEM(待确认),Android OEM(待确认),2022-01~2025-01(估算),"150~900(USD,估算)",主流级
Android,mia-al00,84,,11233.616667,移动SoC(待确认),ARM Mali / Adreno (待确认),Android OEM(待确认),Android OEM(待确认),2022-01~2025-01(估算),"150~900(USD,估算)",主流级
Android,pja110,93,,11231.233333,移动SoC(待确认),ARM Mali / Adreno (待确认),Android OEM(待确认),Android OEM(待确认),2022-01~2025-01(估算),"150~900(USD,估算)",高端级
Android,wdy-an00,89,Qualcomm 480,11214.416667,Qualcomm 480,ARM Mali / Adreno (待确认),Android OEM(待确认),Android OEM(待确认),2022-01~2025-01(估算),"150~900(USD,估算)",主流级
Android,lly-an00,75,,11196.666667,移动SoC(待确认),ARM Mali / Adreno (待确认),Android OEM(待确认),Android OEM(待确认),2022-01~2025-01(估算),"150~900(USD,估算)",入门级
iOS,"iPhone17,5",-1,,11183.766667,Apple A系列芯片(待细化),Apple 自研GPU,Apple,Apple,待确认,待确认,待确认配置
Android,v2419a,86,mediatek mt6991  mt6991,11166.666667,mediatek mt6991  mt6991,ARM Mali / Adreno (待确认),Android OEM(待确认),Android OEM(待确认),2022-01~2025-01(估算),"150~900(USD,估算)",主流级
Android,mlr-al00,69,,11142.083333,移动SoC(待确认),ARM Mali / Adreno (待确认),Android OEM(待确认),Android OEM(待确认),2022-01~2025-01(估算),"150~900(USD,估算)",基础级/待淘汰
Android,tlr-al00,86,kirin 8000,11112.783333,kirin 8000,ARM Mali / Adreno (待确认),Android OEM(待确认),Android OEM(待确认),2022-01~2025-01(估算),"150~900(USD,估算)",主流级
Android,pgem10,93,,11101,移动SoC(待确认),ARM Mali / Adreno (待确认),Android OEM(待确认),Android OEM(待确认),2022-01~2025-01(估算),"150~900(USD,估算)",高端级
Windows,KLVC-WXX9,70,Intel(R) Core(TM) i7-10510U CPU @ 1.80GHz,11091.183333,Intel(R) Core(TM) i7-10510U CPU @ 1.80GHz,Intel Iris Xe/集成显卡(待确认),PC OEM(待确认),PC OEM(待确认),待确认,待确认,入门级
MAC,"Mac16,1",89,,11056.55,待确认,待确认,待确认,待确认,待确认,待确认,主流级
Android,v2162a,75,,11047.85,移动SoC(待确认),ARM Mali / Adreno (待确认),Android OEM(待确认),Android OEM(待确认),2022-01~2025-01(估算),"150~900(USD,估算)",入门级
Android,v2164a,76,mediatek 700,11041.566667,mediatek 700,ARM Mali / Adreno (待确认),Android OEM(待确认),Android OEM(待确认),2022-01~2025-01(估算),"150~900(USD,估算)",入门级
Android,bre-al80,83,kirin 8000,11039.833333,kirin 8000,ARM Mali / Adreno (待确认),Android OEM(待确认),Android OEM(待确认),2022-01~2025-01(估算),"150~900(USD,估算)",主流级
Android,wdy-an00,89,,11023.15,移动SoC(待确认),ARM Mali / Adreno (待确认),Android OEM(待确认),Android OEM(待确认),2022-01~2025-01(估算),"150~900(USD,估算)",主流级
Android,v2352a,89,,10996.883333,移动SoC(待确认),ARM Mali / Adreno (待确认),Android OEM(待确认),Android OEM(待确认),2022-01~2025-01(估算),"150~900(USD,估算)",主流级
Android,sdy-an00,75,,10991.283333,移动SoC(待确认),ARM Mali / Adreno (待确认),Android OEM(待确认),Android OEM(待确认),2022-01~2025-01(估算),"150~900(USD,估算)",入门级
Android,pjy110,82,mediatek 900,10991.266667,mediatek 900,ARM Mali / Adreno (待确认),Android OEM(待确认),Android OEM(待确认),2022-01~2025-01(估算),"150~900(USD,估算)",主流级
Android,talih-pd4p,72,,10988.683333,移动SoC(待确认),ARM Mali / Adreno (待确认),Huawei,Huawei,2022-01~2025-01(估算),"150~900(USD,估算)",入门级
Android,23078rkd5c,79,,10985.4,移动SoC(待确认),ARM Mali / Adreno (待确认),Android OEM(待确认),Android OEM(待确认),2022-01~2025-01(估算),"150~900(USD,估算)",入门级
Windows,HP ZHAN 66 Pro A 14 inch G5 Notebook PC,78,AMD Ryzen 5 5625U with Radeon Graphics         ,10982.616667,AMD Ryzen 5 5625U with Radeon Graphics,Intel Iris Xe/集成显卡(待确认),HP,HP,2023-01,650,入门级
Android,24122rkc7c,97,,10979.35,移动SoC(待确认),ARM Mali / Adreno (待确认),Android OEM(待确认),Android OEM(待确认),2022-01~2025-01(估算),"150~900(USD,估算)",旗舰级
Android,tet-an00,91,kirin 9000,10978.4,kirin 9000,ARM Mali / Adreno (待确认),Android OEM(待确认),Android OEM(待确认),2022-01~2025-01(估算),"150~900(USD,估算)",高端级
Android,els-an10,84,,10976.316667,移动SoC(待确认),ARM Mali / Adreno (待确认),Android OEM(待确认),Android OEM(待确认),2022-01~2025-01(估算),"150~900(USD,估算)",主流级
Android,v2283a,89,Qualcomm 778G,10972.083333,Qualcomm 778G,ARM Mali / Adreno (待确认),Android OEM(待确认),Android OEM(待确认),2022-01~2025-01(估算),"150~900(USD,估算)",主流级
Android,v2166a,76,mediatek 700,10959.233333,mediatek 700,ARM Mali / Adreno (待确认),Android OEM(待确认),Android OEM(待确认),2022-01~2025-01(估算),"150~900(USD,估算)",入门级
Android,alt-al00,93,,10942.25,移动SoC(待确认),ARM Mali / Adreno (待确认),Android OEM(待确认),Android OEM(待确认),2022-01~2025-01(估算),"150~900(USD,估算)",高端级
Windows,Alienware m15 R6,82,11th Gen Intel(R) Core(TM) i7-11800H @ 2.30GHz,10936.65,11th Gen Intel(R) Core(TM) i7-11800H @ 2.30GHz,Intel Iris Xe/集成显卡(待确认),PC OEM(待确认),PC OEM(待确认),待确认,待确认,主流级
Android,pgx110,75,,10915.483333,移动SoC(待确认),ARM Mali / Adreno (待确认),Android OEM(待确认),Android OEM(待确认),2022-01~2025-01(估算),"150~900(USD,估算)",入门级
Android,lio-an00,71,", rk30board",10899.05,", rk30board",ARM Mali / Adreno (待确认),Android OEM(待确认),Android OEM(待确认),2022-01~2025-01(估算),"150~900(USD,估算)",入门级
Android,plr-al00,84,,10881.45,移动SoC(待确认),ARM Mali / Adreno (待确认),Android OEM(待确认),Android OEM(待确认),2022-01~2025-01(估算),"150~900(USD,估算)",主流级
iOS,"iPad7,11",-1,,10874.583333,A12 Bionic,Apple GPU (4-core),Apple,Apple,2019-09,329,待确认配置
Android,lya-al00,84,,10869,移动SoC(待确认),ARM Mali / Adreno (待确认),Android OEM(待确认),Android OEM(待确认),2022-01~2025-01(估算),"150~900(USD,估算)",主流级
Android,m2007j22c,75,,10864.616667,移动SoC(待确认),ARM Mali / Adreno (待确认),Android OEM(待确认),Android OEM(待确认),2022-01~2025-01(估算),"150~900(USD,估算)",入门级
Android,blk-al00,86,kirin 8000,10851.316667,kirin 8000,ARM Mali / Adreno (待确认),Android OEM(待确认),Android OEM(待确认),2022-01~2025-01(估算),"150~900(USD,估算)",主流级
Android,v2271a,89,,10850.466667,移动SoC(待确认),ARM Mali / Adreno (待确认),Android OEM(待确认),Android OEM(待确认),2022-01~2025-01(估算),"150~900(USD,估算)",主流级
Windows,P15 TA 24,88,13th Gen Intel(R) Core(TM) i7-13650HX,10838.516667,13th Gen Intel(R) Core(TM) i7-13650HX,Intel Iris Xe/集成显卡(待确认),PC OEM(待确认),PC OEM(待确认),待确认,待确认,主流级
Windows,HP ProBook 440 14 inch G10 Notebook PC,76,13th Gen Intel(R) Core(TM) i5-1340P,10832.8,13th Gen Intel(R) Core(TM) i5-1340P,Intel Iris Xe/集成显卡(待确认),HP,HP,2023-01,650,入门级
iOS,"iPhone10,2",-1,,10819.433333,Apple A系列芯片(待细化),Apple 自研GPU,Apple,Apple,待确认,待确认,待确认配置
iOS,"iPad13,17",92,,10793.083333,Apple A/M系列芯片(待细化),Apple 自研GPU,Apple,Apple,待确认,待确认,高端级
Android,ala-an70,77,mediatek 800u,10791.516667,mediatek 800u,ARM Mali / Adreno (待确认),Android OEM(待确认),Android OEM(待确认),2022-01~2025-01(估算),"150~900(USD,估算)",入门级
Windows,83KA,97,AMD Ryzen 7 8745HS w/ Radeon 780M Graphics     ,10787.233333,AMD Ryzen 7 8745HS w/ Radeon 780M Graphics,Intel Iris Xe/集成显卡(待确认),Lenovo,Lenovo,2022-01~2023-01,699,旗舰级
Android,2106118c,91,qualcomm 888,10784.616667,qualcomm 888,ARM Mali / Adreno (待确认),Android OEM(待确认),Android OEM(待确认),2022-01~2025-01(估算),"150~900(USD,估算)",高端级
Android,v1962a,84,Exynos 980,10773.383333,Exynos 980,ARM Mali / Adreno (待确认),Android OEM(待确认),Android OEM(待确认),2022-01~2025-01(估算),"150~900(USD,估算)",主流级
Android,tgr-w09,71,,10769.95,移动SoC(待确认),ARM Mali / Adreno (待确认),Huawei,Huawei,2022-01~2025-01(估算),"150~900(USD,估算)",入门级
iOS,"iPad5,4",70,,10769.783333,Apple A/M系列芯片(待细化),Apple 自研GPU,Apple,Apple,待确认,待确认,入门级
Windows,Latitude 3420,64,11th Gen Intel(R) Core(TM) i7-1165G7 @ 2.80GHz,10758.1,11th Gen Intel(R) Core(TM) i7-1165G7 @ 2.80GHz,Intel Iris Xe/集成显卡(待确认),PC OEM(待确认),PC OEM(待确认),待确认,待确认,基础级/待淘汰
Android,pemm20,76,mediatek 700,10740.65,mediatek 700,ARM Mali / Adreno (待确认),Android OEM(待确认),Android OEM(待确认),2022-01~2025-01(估算),"150~900(USD,估算)",入门级
Android,redmi k30i 5g,86,"qti sm7250 qualcomm technologies, inc sm7250 qcom",10724,"qti sm7250 qualcomm technologies, inc sm7250 qcom",ARM Mali / Adreno (待确认),Android OEM(待确认),Android OEM(待确认),2022-01~2025-01(估算),"150~900(USD,估算)",主流级
Android,readboy_c6pro,72,,10722,移动SoC(待确认),ARM Mali / Adreno (待确认),Android OEM(待确认),Android OEM(待确认),2022-01~2025-01(估算),"150~900(USD,估算)",入门级
Android,v2435a,75,,10709.433333,移动SoC(待确认),ARM Mali / Adreno (待确认),Android OEM(待确认),Android OEM(待确认),2022-01~2025-01(估算),"150~900(USD,估算)",入门级
Android,vce-al00,84,,10704.033333,移动SoC(待确认),ARM Mali / Adreno (待确认),Android OEM(待确认),Android OEM(待确认),2022-01~2025-01(估算),"150~900(USD,估算)",主流级
iOS,"iPhone12,5",-1,,10692.65,A13 Bionic,Apple GPU (4-core),Apple,Apple,2019-09,1099,待确认配置
iOS,"iPad7,4",84,,10689.583333,Apple A/M系列芯片(待细化),Apple 自研GPU,Apple,Apple,待确认,待确认,主流级
Android,v1832a,85,,10688.716667,移动SoC(待确认),ARM Mali / Adreno (待确认),Android OEM(待确认),Android OEM(待确认),2022-01~2025-01(估算),"150~900(USD,估算)",主流级
Android,pegm00,89,,10676.166667,移动SoC(待确认),ARM Mali / Adreno (待确认),Android OEM(待确认),Android OEM(待确认),2022-01~2025-01(估算),"150~900(USD,估算)",主流级
Android,v2283a,89,,10668.25,移动SoC(待确认),ARM Mali / Adreno (待确认),Android OEM(待确认),Android OEM(待确认),2022-01~2025-01(估算),"150~900(USD,估算)",主流级
Android,bong max,75,,10662.783333,移动SoC(待确认),ARM Mali / Adreno (待确认),Android OEM(待确认),Android OEM(待确认),2022-01~2025-01(估算),"150~900(USD,估算)",入门级
Android,sm-x710,93,,10660.55,移动SoC(待确认),ARM Mali / Adreno (待确认),Samsung,Samsung,2022-01~2025-01(估算),"150~900(USD,估算)",高端级
Android,crt-an00,75,,10650.333333,移动SoC(待确认),ARM Mali / Adreno (待确认),Android OEM(待确认),Android OEM(待确认),2022-01~2025-01(估算),"150~900(USD,估算)",入门级
Android,fcp-an10,93,,10615.166667,移动SoC(待确认),ARM Mali / Adreno (待确认),Android OEM(待确认),Android OEM(待确认),2022-01~2025-01(估算),"150~900(USD,估算)",高端级
Windows,Jiaolong Series GM5ZG0O,93,AMD Ryzen 5 5600H with Radeon Graphics         ,10589.033333,AMD Ryzen 5 5600H with Radeon Graphics,Intel Iris Xe/集成显卡(待确认),PC OEM(待确认),PC OEM(待确认),待确认,待确认,高端级
Windows,GE40 2PC Dragon Eyes,70,Intel(R) Core(TM) i7-4712MQ CPU @ 2.30GHz,10587,Intel(R) Core(TM) i7-4712MQ CPU @ 2.30GHz,Intel Iris Xe/集成显卡(待确认),PC OEM(待确认),PC OEM(待确认),待确认,待确认,入门级
Android,pjt110,89,,10584.7,移动SoC(待确认),ARM Mali / Adreno (待确认),Android OEM(待确认),Android OEM(待确认),2022-01~2025-01(估算),"150~900(USD,估算)",主流级
Android,24091rpadg,89,,10583.9,移动SoC(待确认),ARM Mali / Adreno (待确认),Android OEM(待确认),Android OEM(待确认),2022-01~2025-01(估算),"150~900(USD,估算)",主流级
Android,a3,65,,10573.183333,移动SoC(待确认),ARM Mali / Adreno (待确认),Android OEM(待确认),Android OEM(待确认),2022-01~2025-01(估算),"150~900(USD,估算)",基础级/待淘汰
Android,alt-an00,89,"SM4450, qcom",10571.916667,"SM4450, qcom",ARM Mali / Adreno (待确认),Android OEM(待确认),Android OEM(待确认),2022-01~2025-01(估算),"150~900(USD,估算)",主流级
Android,ptp-an10,97,,10559.233333,移动SoC(待确认),ARM Mali / Adreno (待确认),Android OEM(待确认),Android OEM(待确认),2022-01~2025-01(估算),"150~900(USD,估算)",旗舰级
Android,ebg-an00,84,,10541.483333,移动SoC(待确认),ARM Mali / Adreno (待确认),Android OEM(待确认),Android OEM(待确认),2022-01~2025-01(估算),"150~900(USD,估算)",主流级
Android,koz-al00,72,Unisoc T610,10524.783333,Unisoc T610,ARM Mali / Adreno (待确认),Android OEM(待确认),Android OEM(待确认),2022-01~2025-01(估算),"150~900(USD,估算)",入门级
Android,g25,68,,10516.216667,移动SoC(待确认),ARM Mali / Adreno (待确认),Android OEM(待确认),Android OEM(待确认),2022-01~2025-01(估算),"150~900(USD,估算)",基础级/待淘汰
iOS,"iPad14,1",-1,,10500.1,Apple A/M系列芯片(待细化),Apple 自研GPU,Apple,Apple,待确认,待确认,待确认配置
Android,btkr-w09,71,,10485.033333,移动SoC(待确认),ARM Mali / Adreno (待确认),Huawei,Huawei,2022-01~2025-01(估算),"150~900(USD,估算)",入门级
Android,rea-an00,89,"SM7450, qcom",10481.833333,"SM7450, qcom",ARM Mali / Adreno (待确认),Android OEM(待确认),Android OEM(待确认),2022-01~2025-01(估算),"150~900(USD,估算)",主流级
Android,peam00,72,,10468.4,移动SoC(待确认),ARM Mali / Adreno (待确认),Android OEM(待确认),Android OEM(待确认),2022-01~2025-01(估算),"150~900(USD,估算)",入门级
Android,v2303a,93,,10464.033333,移动SoC(待确认),ARM Mali / Adreno (待确认),Android OEM(待确认),Android OEM(待确认),2022-01~2025-01(估算),"150~900(USD,估算)",高端级
Android,23013rk75c,89,", qcom",10458.2,", qcom",ARM Mali / Adreno (待确认),Android OEM(待确认),Android OEM(待确认),2022-01~2025-01(估算),"150~900(USD,估算)",主流级
Android,mga-al40,80,Kirin 710,10401.483333,Kirin 710,ARM Mali / Adreno (待确认),Android OEM(待确认),Android OEM(待确认),2022-01~2025-01(估算),"150~900(USD,估算)",主流级
iOS,"iPad14,10",94,,10393.95,Apple A/M系列芯片(待细化),Apple 自研GPU,Apple,Apple,待确认,待确认,高端级
Android,cls-al30,92,kirin 9010,10391.833333,kirin 9010,ARM Mali / Adreno (待确认),Android OEM(待确认),Android OEM(待确认),2022-01~2025-01(估算),"150~900(USD,估算)",高端级
Android,phj110,75,"MT6833V/ZA, mt6833",10390.316667,"MT6833V/ZA, mt6833",ARM Mali / Adreno (待确认),Android OEM(待确认),Android OEM(待确认),2022-01~2025-01(估算),"150~900(USD,估算)",入门级
Android,pftm20,75,,10387.633333,移动SoC(待确认),ARM Mali / Adreno (待确认),Android OEM(待确认),Android OEM(待确认),2022-01~2025-01(估算),"150~900(USD,估算)",入门级
Android,ydc015,82,,10381.816667,移动SoC(待确认),ARM Mali / Adreno (待确认),Android OEM(待确认),Android OEM(待确认),2022-01~2025-01(估算),"150~900(USD,估算)",主流级
Android,sht-w09,68,,10359.75,移动SoC(待确认),ARM Mali / Adreno (待确认),Android OEM(待确认),Android OEM(待确认),2022-01~2025-01(估算),"150~900(USD,估算)",基础级/待淘汰
Android,pehm00,85,Qualcomm 480,10346.5,Qualcomm 480,ARM Mali / Adreno (待确认),Android OEM(待确认),Android OEM(待确认),2022-01~2025-01(估算),"150~900(USD,估算)",主流级
Android,cma-an00,75,,10345.35,移动SoC(待确认),ARM Mali / Adreno (待确认),Android OEM(待确认),Android OEM(待确认),2022-01~2025-01(估算),"150~900(USD,估算)",入门级
Windows,BoF-XX,82,12th Gen Intel(R) Core(TM) i7-1260P,10337.383333,12th Gen Intel(R) Core(TM) i7-1260P,Intel Iris Xe/集成显卡(待确认),PC OEM(待确认),PC OEM(待确认),待确认,待确认,主流级
Android,le2110,89,,10327.916667,移动SoC(待确认),ARM Mali / Adreno (待确认),Android OEM(待确认),Android OEM(待确认),2022-01~2025-01(估算),"150~900(USD,估算)",主流级
Android,bmh-an20,84,"Hisilicon Kirin985, kirin985",10325.1,"Hisilicon Kirin985, kirin985",ARM Mali / Adreno (待确认),Android OEM(待确认),Android OEM(待确认),2022-01~2025-01(估算),"150~900(USD,估算)",主流级
Windows,21CBA008CD,82,12th Gen Intel(R) Core(TM) i7-1260P,10323.7,12th Gen Intel(R) Core(TM) i7-1260P,Intel Iris Xe/集成显卡(待确认),Lenovo,Lenovo,2022-01~2023-01,699,主流级
Android,ags2-al00hn,68,,10309.433333,移动SoC(待确认),ARM Mali / Adreno (待确认),Android OEM(待确认),Android OEM(待确认),2022-01~2025-01(估算),"150~900(USD,估算)",基础级/待淘汰
Android,v2166ba,75,,10289.2,移动SoC(待确认),ARM Mali / Adreno (待确认),Android OEM(待确认),Android OEM(待确认),2022-01~2025-01(估算),"150~900(USD,估算)",入门级
Android,gfy-al00,83,qualcomm 680,10276.35,qualcomm 680,ARM Mali / Adreno (待确认),Android OEM(待确认),Android OEM(待确认),2022-01~2025-01(估算),"150~900(USD,估算)",主流级
Android,bzf5-w00,80,,10273.266667,移动SoC(待确认),ARM Mali / Adreno (待确认),Android OEM(待确认),Android OEM(待确认),2022-01~2025-01(估算),"150~900(USD,估算)",主流级
iOS,"iPhone10,3",-1,,10252.383333,Apple A系列芯片(待细化),Apple 自研GPU,Apple,Apple,待确认,待确认,待确认配置
Android,sm-s9310,94,qti sm8750  qcom,10250.166667,qti sm8750  qcom,ARM Mali / Adreno (待确认),Samsung,Samsung,2022-01~2025-01(估算),"150~900(USD,估算)",高端级
Android,lyn-an00,80,mediatek 6020,10247.1,mediatek 6020,ARM Mali / Adreno (待确认),Android OEM(待确认),Android OEM(待确认),2022-01~2025-01(估算),"150~900(USD,估算)",主流级
Android,24031pn0dc,93,,10241.633333,移动SoC(待确认),ARM Mali / Adreno (待确认),Android OEM(待确认),Android OEM(待确认),2022-01~2025-01(估算),"150~900(USD,估算)",高端级
Android,pfjm10,85,qualcomm 778g,10241.216667,qualcomm 778g,ARM Mali / Adreno (待确认),Android OEM(待确认),Android OEM(待确认),2022-01~2025-01(估算),"150~900(USD,估算)",主流级
Android,v2055a,89,qualcomm 865,10239.7,qualcomm 865,ARM Mali / Adreno (待确认),Android OEM(待确认),Android OEM(待确认),2022-01~2025-01(估算),"150~900(USD,估算)",主流级
Android,m2102j2sc,93,,10237.133333,移动SoC(待确认),ARM Mali / Adreno (待确认),Android OEM(待确认),Android OEM(待确认),2022-01~2025-01(估算),"150~900(USD,估算)",高端级
Android,readboy_c20,86,,10229.15,移动SoC(待确认),ARM Mali / Adreno (待确认),Android OEM(待确认),Android OEM(待确认),2022-01~2025-01(估算),"150~900(USD,估算)",主流级
Android,readboy_c60,89,,10214.716667,移动SoC(待确认),ARM Mali / Adreno (待确认),Android OEM(待确认),Android OEM(待确认),2022-01~2025-01(估算),"150~900(USD,估算)",主流级
Android,bar300c,82,"rockchip  rockchip,rk30board,rk3588 rk30board",10213.6,"rockchip  rockchip,rk30board,rk3588 rk30board",ARM Mali / Adreno (待确认),Android OEM(待确认),Android OEM(待确认),2022-01~2025-01(估算),"150~900(USD,估算)",主流级
Android,v2162a,86,mediatek 1200,10213.05,mediatek 1200,ARM Mali / Adreno (待确认),Android OEM(待确认),Android OEM(待确认),2022-01~2025-01(估算),"150~900(USD,估算)",主流级
Android,dby2-al00,89,,10191.833333,移动SoC(待确认),ARM Mali / Adreno (待确认),Huawei,Huawei,2022-01~2025-01(估算),"150~900(USD,估算)",主流级
Android,bzi-w00,77,,10184.533333,移动SoC(待确认),ARM Mali / Adreno (待确认),Android OEM(待确认),Android OEM(待确认),2022-01~2025-01(估算),"150~900(USD,估算)",入门级
Android,pgjm10,75,,10167.5,移动SoC(待确认),ARM Mali / Adreno (待确认),Android OEM(待确认),Android OEM(待确认),2022-01~2025-01(估算),"150~900(USD,估算)",入门级
Android,xd-sdd24-2301,73,,10161.85,移动SoC(待确认),ARM Mali / Adreno (待确认),Android OEM(待确认),Android OEM(待确认),2022-01~2025-01(估算),"150~900(USD,估算)",入门级
Windows,System Product Name,90,12th Gen Intel(R) Core(TM) i5-12490F,10153.7,12th Gen Intel(R) Core(TM) i5-12490F,Intel Iris Xe/集成显卡(待确认),PC OEM(待确认),PC OEM(待确认),待确认,待确认,高端级
Android,gfy-al00,89,,10152.3,移动SoC(待确认),ARM Mali / Adreno (待确认),Android OEM(待确认),Android OEM(待确认),2022-01~2025-01(估算),"150~900(USD,估算)",主流级
Android,m2104k10ac,86,mediatek 1200,10145.233333,mediatek 1200,ARM Mali / Adreno (待确认),Android OEM(待确认),Android OEM(待确认),2022-01~2025-01(估算),"150~900(USD,估算)",主流级
Android,22041211ac,75,", mt8781",10139.283333,", mt8781",ARM Mali / Adreno (待确认),Android OEM(待确认),Android OEM(待确认),2022-01~2025-01(估算),"150~900(USD,估算)",入门级
Android,ctr-al00,83,qualcomm 680,10127.583333,qualcomm 680,ARM Mali / Adreno (待确认),Android OEM(待确认),Android OEM(待确认),2022-01~2025-01(估算),"150~900(USD,估算)",主流级
Android,pln110,75,,10118.733333,移动SoC(待确认),ARM Mali / Adreno (待确认),Android OEM(待确认),Android OEM(待确认),2022-01~2025-01(估算),"150~900(USD,估算)",入门级
Windows,FRI-HXX,96,AMD Ryzen 5 7640HS w/ Radeon 760M Graphics     ,10109.483333,AMD Ryzen 5 7640HS w/ Radeon 760M Graphics,Intel Iris Xe/集成显卡(待确认),PC OEM(待确认),PC OEM(待确认),待确认,待确认,旗舰级
Windows,HP Pavilion Plus Laptop 16-ab0xxx,88,13th Gen Intel(R) Core(TM) i5-13500H,10106.95,13th Gen Intel(R) Core(TM) i5-13500H,Intel Iris Xe/集成显卡(待确认),HP,HP,2023-01,650,主流级
Android,ylp-w00,97,,10106.1,移动SoC(待确认),ARM Mali / Adreno (待确认),Android OEM(待确认),Android OEM(待确认),2022-01~2025-01(估算),"150~900(USD,估算)",旗舰级
Android,v2284a,87,mediatek 8200,10104.9,mediatek 8200,ARM Mali / Adreno (待确认),Android OEM(待确认),Android OEM(待确认),2022-01~2025-01(估算),"150~900(USD,估算)",主流级
Android,oxf-an10,88,kirin 990,10079.15,kirin 990,ARM Mali / Adreno (待确认),Android OEM(待确认),Android OEM(待确认),2022-01~2025-01(估算),"150~900(USD,估算)",主流级
Android,s5 pro,89,,10063.6,移动SoC(待确认),ARM Mali / Adreno (待确认),Android OEM(待确认),Android OEM(待确认),2022-01~2025-01(估算),"150~900(USD,估算)",主流级
Android,23117rk66c,93,,10053.516667,移动SoC(待确认),ARM Mali / Adreno (待确认),Android OEM(待确认),Android OEM(待确认),2022-01~2025-01(估算),"150~900(USD,估算)",高端级
Android,abr-al60,85,qualcomm 778g,10037.316667,qualcomm 778g,ARM Mali / Adreno (待确认),Android OEM(待确认),Android OEM(待确认),2022-01~2025-01(估算),"150~900(USD,估算)",主流级
Android,bne-al00,89,,10037.3,移动SoC(待确认),ARM Mali / Adreno (待确认),Android OEM(待确认),Android OEM(待确认),2022-01~2025-01(估算),"150~900(USD,估算)",主流级
Windows,10SMCTO1WW,93,Intel(R) Core(TM) i7-8700 CPU @ 3.20GHz,10031.166667,Intel(R) Core(TM) i7-8700 CPU @ 3.20GHz,Intel Iris Xe/集成显卡(待确认),Lenovo,Lenovo,2022-01~2023-01,699,高端级
Android,m2006c3lc,74,helio g25,10020.833333,helio g25,ARM Mali / Adreno (待确认),Android OEM(待确认),Android OEM(待确认),2022-01~2025-01(估算),"150~900(USD,估算)",入门级
Android,nth-an00,89,Qualcomm 778G,9959.683333,Qualcomm 778G,ARM Mali / Adreno (待确认),Android OEM(待确认),Android OEM(待确认),2022-01~2025-01(估算),"150~900(USD,估算)",主流级
Android,abr-al00,89,,9934.416667,移动SoC(待确认),ARM Mali / Adreno (待确认),Android OEM(待确认),Android OEM(待确认),2022-01~2025-01(估算),"150~900(USD,估算)",主流级
Android,paam00,89,,9926.6,移动SoC(待确认),ARM Mali / Adreno (待确认),Android OEM(待确认),Android OEM(待确认),2022-01~2025-01(估算),"150~900(USD,估算)",主流级
Android,sm-s9280,93,,9904.483333,移动SoC(待确认),ARM Mali / Adreno (待确认),Samsung,Samsung,2022-01~2025-01(估算),"150~900(USD,估算)",高端级
Android,ctr-al20,89,"Qualcomm Technologies, Inc KHAJE, qcom",9862.4,"Qualcomm Technologies, Inc KHAJE, qcom",ARM Mali / Adreno (待确认),Android OEM(待确认),Android OEM(待确认),2022-01~2025-01(估算),"150~900(USD,估算)",主流级
Android,w400,64,,9859.8,移动SoC(待确认),ARM Mali / Adreno (待确认),Android OEM(待确认),Android OEM(待确认),2022-01~2025-01(估算),"150~900(USD,估算)",基础级/待淘汰
Windows,HP Pavilion Plus Laptop 14-eh0xxx,88,12th Gen Intel(R) Core(TM) i5-12500H,9854.216667,12th Gen Intel(R) Core(TM) i5-12500H,Intel Iris Xe/集成显卡(待确认),HP,HP,2023-01,650,主流级
Android,max2.0p,71,,9852.883333,移动SoC(待确认),ARM Mali / Adreno (待确认),Android OEM(待确认),Android OEM(待确认),2022-01~2025-01(估算),"150~900(USD,估算)",入门级
Android,hbn-al10,71,,9835.783333,移动SoC(待确认),ARM Mali / Adreno (待确认),Android OEM(待确认),Android OEM(待确认),2022-01~2025-01(估算),"150~900(USD,估算)",入门级
Android,koz-al00,74,unisoc t610,9832.966667,unisoc t610,ARM Mali / Adreno (待确认),Android OEM(待确认),Android OEM(待确认),2022-01~2025-01(估算),"150~900(USD,估算)",入门级
Android,phf110,83,qualcomm 695,9830.75,qualcomm 695,ARM Mali / Adreno (待确认),Android OEM(待确认),Android OEM(待确认),2022-01~2025-01(估算),"150~900(USD,估算)",主流级
Windows,HP OmniBook 7 Laptop 16-az0xxx,88,Intel(R) Core(TM) 7 240H,9829.3,Intel(R) Core(TM) 7 240H,Intel Iris Xe/集成显卡(待确认),HP,HP,2023-01,650,主流级
Android,phq110,89,Qualcomm 695,9823.966667,Qualcomm 695,ARM Mali / Adreno (待确认),Android OEM(待确认),Android OEM(待确认),2022-01~2025-01(估算),"150~900(USD,估算)",主流级
Android,pftm10,75,,9822.733333,移动SoC(待确认),ARM Mali / Adreno (待确认),Android OEM(待确认),Android OEM(待确认),2022-01~2025-01(估算),"150~900(USD,估算)",入门级
Android,cga-w00,96,qualcomm 8 Gen 3,9795.116667,Qualcomm Snapdragon 8 Gen 3,Adreno GPU,Android OEM(待确认),Android OEM(待确认),2022-01~2025-01(估算),"150~900(USD,估算)",旗舰级
Android,gia-an00,75,,9788.8,移动SoC(待确认),ARM Mali / Adreno (待确认),Android OEM(待确认),Android OEM(待确认),2022-01~2025-01(估算),"150~900(USD,估算)",入门级
Android,krj-w09,86,kirin 985,9786.433333,kirin 985,ARM Mali / Adreno (待确认),Android OEM(待确认),Android OEM(待确认),2022-01~2025-01(估算),"150~900(USD,估算)",主流级
Android,hma-tl00,84,Kirin 980,9782.683333,Kirin 980,ARM Mali / Adreno (待确认),Android OEM(待确认),Android OEM(待确认),2022-01~2025-01(估算),"150~900(USD,估算)",主流级
Windows,FRI-FXX,72,12th Gen Intel(R) Core(TM) i5-12450H,9774.433333,12th Gen Intel(R) Core(TM) i5-12450H,Intel Iris Xe/集成显卡(待确认),PC OEM(待确认),PC OEM(待确认),待确认,待确认,入门级
Android,tyh641m,89,,9768.516667,移动SoC(待确认),ARM Mali / Adreno (待确认),Android OEM(待确认),Android OEM(待确认),2022-01~2025-01(估算),"150~900(USD,估算)",主流级
Android,mnt-bd00,85,"qualcomm technologies, inc lagoon qcom",9766.916667,"qualcomm technologies, inc lagoon qcom",ARM Mali / Adreno (待确认),Android OEM(待确认),Android OEM(待确认),2022-01~2025-01(估算),"150~900(USD,估算)",主流级
Android,med-al00,75,helio p35,9758.95,MediaTek Helio P35,PowerVR GE8320,Android OEM(待确认),Android OEM(待确认),2022-01~2025-01(估算),"150~900(USD,估算)",入门级
Android,aln-al00,91,kirin 9000S,9742.55,kirin 9000S,ARM Mali / Adreno (待确认),Android OEM(待确认),Android OEM(待确认),2022-01~2025-01(估算),"150~900(USD,估算)",高端级
Android,v2061a,77,mediatek 800u,9721.2,mediatek 800u,ARM Mali / Adreno (待确认),Android OEM(待确认),Android OEM(待确认),2022-01~2025-01(估算),"150~900(USD,估算)",入门级
Android,v2313a,89,,9707.8,移动SoC(待确认),ARM Mali / Adreno (待确认),Android OEM(待确认),Android OEM(待确认),2022-01~2025-01(估算),"150~900(USD,估算)",主流级
Android,bzt3-w59,81,,9706.5,移动SoC(待确认),ARM Mali / Adreno (待确认),Android OEM(待确认),Android OEM(待确认),2022-01~2025-01(估算),"150~900(USD,估算)",主流级
Android,21091116c,75,,9700.083333,移动SoC(待确认),ARM Mali / Adreno (待确认),Android OEM(待确认),Android OEM(待确认),2022-01~2025-01(估算),"150~900(USD,估算)",入门级
Windows,Machenike DT Computer,97,AMD Ryzen 7 7735HS with Radeon Graphics        ,9688.783333,AMD Ryzen 7 7735HS with Radeon Graphics,Intel Iris Xe/集成显卡(待确认),PC OEM(待确认),PC OEM(待确认),待确认,待确认,旗舰级
Android,tb370fu,75,,9676.35,移动SoC(待确认),ARM Mali / Adreno (待确认),Android OEM(待确认),Android OEM(待确认),2022-01~2025-01(估算),"150~900(USD,估算)",入门级
Android,lya-al00,86,kirin 980,9659.816667,kirin 980,ARM Mali / Adreno (待确认),Android OEM(待确认),Android OEM(待确认),2022-01~2025-01(估算),"150~900(USD,估算)",主流级
Android,sm-p620,68,,9654.05,移动SoC(待确认),ARM Mali / Adreno (待确认),Samsung,Samsung,2022-01~2025-01(估算),"150~900(USD,估算)",基础级/待淘汰
Windows,OptiPlex 7060,93,Intel(R) Core(TM) i7-8700 CPU @ 3.20GHz,9653,Intel(R) Core(TM) i7-8700 CPU @ 3.20GHz,Intel Iris Xe/集成显卡(待确认),PC OEM(待确认),PC OEM(待确认),待确认,待确认,高端级
Android,pkd130,75,,9649.583333,移动SoC(待确认),ARM Mali / Adreno (待确认),Android OEM(待确认),Android OEM(待确认),2022-01~2025-01(估算),"150~900(USD,估算)",入门级
Android,v2115a,85,qualcomm 778g,9619.05,qualcomm 778g,ARM Mali / Adreno (待确认),Android OEM(待确认),Android OEM(待确认),2022-01~2025-01(估算),"150~900(USD,估算)",主流级
Android,v2338a,94,qualcomm 8 Gen 2,9614.433333,qualcomm 8 Gen 2,ARM Mali / Adreno (待确认),Android OEM(待确认),Android OEM(待确认),2022-01~2025-01(估算),"150~900(USD,估算)",高端级
Android,lio-an00m,84,,9613.016667,移动SoC(待确认),ARM Mali / Adreno (待确认),Android OEM(待确认),Android OEM(待确认),2022-01~2025-01(估算),"150~900(USD,估算)",主流级
Windows,Default string,97,12th Gen Intel(R) Core(TM) i5-12600KF,9612.3,12th Gen Intel(R) Core(TM) i5-12600KF,Intel Iris Xe/集成显卡(待确认),PC OEM(待确认),PC OEM(待确认),待确认,待确认,旗舰级
Android,24075rp89g,69,,9592.25,移动SoC(待确认),ARM Mali / Adreno (待确认),Android OEM(待确认),Android OEM(待确认),2022-01~2025-01(估算),"150~900(USD,估算)",基础级/待淘汰
Windows,HBB-WX9,70,Intel(R) Core(TM) i5-10210U CPU @ 1.60GHz,9582.433333,Intel(R) Core(TM) i5-10210U CPU @ 1.60GHz,Intel Iris Xe/集成显卡(待确认),PC OEM(待确认),PC OEM(待确认),待确认,待确认,入门级
Windows,HP Pavilion Notebook,68,Intel(R) Core(TM) i7-6500U CPU @ 2.50GHz,9573.183333,Intel(R) Core(TM) i7-6500U CPU @ 2.50GHz,Intel Iris Xe/集成显卡(待确认),HP,HP,2023-01,650,基础级/待淘汰
Android,pgam10,89,,9559.5,移动SoC(待确认),ARM Mali / Adreno (待确认),Android OEM(待确认),Android OEM(待确认),2022-01~2025-01(估算),"150~900(USD,估算)",主流级
Windows,Vivobook_ASUSLaptop M6500QH_M6500QH,97,AMD Ryzen 7 5800H with Radeon Graphics         ,9550.466667,AMD Ryzen 7 5800H with Radeon Graphics,Intel Iris Xe/集成显卡(待确认),PC OEM(待确认),PC OEM(待确认),待确认,待确认,旗舰级
Windows,GLO-GXXX,88,13th Gen Intel(R) Core(TM) i5-13500H,9538.616667,13th Gen Intel(R) Core(TM) i5-13500H,Intel Iris Xe/集成显卡(待确认),PC OEM(待确认),PC OEM(待确认),待确认,待确认,主流级
Android,p758,72,,9535.45,移动SoC(待确认),ARM Mali / Adreno (待确认),Android OEM(待确认),Android OEM(待确认),2022-01~2025-01(估算),"150~900(USD,估算)",入门级
Android,readboy_c15,85,,9523.416667,移动SoC(待确认),ARM Mali / Adreno (待确认),Android OEM(待确认),Android OEM(待确认),2022-01~2025-01(估算),"150~900(USD,估算)",主流级
Android,sm-a5660,88,samsung s5e8855  s5e8855,9517.316667,samsung s5e8855  s5e8855,ARM Mali / Adreno (待确认),Samsung,Samsung,2022-01~2025-01(估算),"150~900(USD,估算)",主流级
Android,oxf-an10,84,,9516.966667,移动SoC(待确认),ARM Mali / Adreno (待确认),Android OEM(待确认),Android OEM(待确认),2022-01~2025-01(估算),"150~900(USD,估算)",主流级
Android,v2068a,75,mediatek 700,9494.4,mediatek 700,ARM Mali / Adreno (待确认),Android OEM(待确认),Android OEM(待确认),2022-01~2025-01(估算),"150~900(USD,估算)",入门级
Android,v2183a,87,mediatek 9000+,9463.7,mediatek 9000+,ARM Mali / Adreno (待确认),Android OEM(待确认),Android OEM(待确认),2022-01~2025-01(估算),"150~900(USD,估算)",主流级
iOS,"iPhone11,2",-1,,9460.8,Apple A系列芯片(待细化),Apple 自研GPU,Apple,Apple,待确认,待确认,待确认配置
Android,cph2419,94,qualcomm 8+ gen 1,9428.383333,qualcomm 8+ gen 1,ARM Mali / Adreno (待确认),Android OEM(待确认),Android OEM(待确认),2022-01~2025-01(估算),"150~900(USD,估算)",高端级
Android,brc-an00,75,"MT6855, mt6855",9408.25,"MT6855, mt6855",ARM Mali / Adreno (待确认),Android OEM(待确认),Android OEM(待确认),2022-01~2025-01(估算),"150~900(USD,估算)",入门级
Android,jdn2-al50,81,,9406.433333,移动SoC(待确认),ARM Mali / Adreno (待确认),Android OEM(待确认),Android OEM(待确认),2022-01~2025-01(估算),"150~900(USD,估算)",主流级
Android,plw110,79,", mt6899",9391.333333,", mt6899",ARM Mali / Adreno (待确认),Android OEM(待确认),Android OEM(待确认),2022-01~2025-01(估算),"150~900(USD,估算)",入门级
Android,evr-al00,84,,9388.05,移动SoC(待确认),ARM Mali / Adreno (待确认),Android OEM(待确认),Android OEM(待确认),2022-01~2025-01(估算),"150~900(USD,估算)",主流级
Android,plw110,84,mediatek mt6899  mt6899,9384.35,mediatek mt6899  mt6899,ARM Mali / Adreno (待确认),Android OEM(待确认),Android OEM(待确认),2022-01~2025-01(估算),"150~900(USD,估算)",主流级
Windows,82XE,72,AMD Ryzen 5 7530U with Radeon Graphics         ,9373.816667,AMD Ryzen 5 7530U with Radeon Graphics,Intel Iris Xe/集成显卡(待确认),Lenovo,Lenovo,2022-01~2023-01,699,入门级
Android,ada-al00u,91,kirin 9000S,9373.55,kirin 9000S,ARM Mali / Adreno (待确认),Android OEM(待确认),Android OEM(待确认),2022-01~2025-01(估算),"150~900(USD,估算)",高端级
Windows,HP Pavilion Plus Laptop 14-eh1xxx,88,13th Gen Intel(R) Core(TM) i5-13500H,9373.483333,13th Gen Intel(R) Core(TM) i5-13500H,Intel Iris Xe/集成显卡(待确认),HP,HP,2023-01,650,主流级
Android,x5 pro,71,,9369.566667,移动SoC(待确认),ARM Mali / Adreno (待确认),Android OEM(待确认),Android OEM(待确认),2022-01~2025-01(估算),"150~900(USD,估算)",入门级
Android,cet-al60,85,qualcomm 778g,9362.1,qualcomm 778g,ARM Mali / Adreno (待确认),Android OEM(待确认),Android OEM(待确认),2022-01~2025-01(估算),"150~900(USD,估算)",主流级
Android,mtn-an80,89,,9341.1,移动SoC(待确认),ARM Mali / Adreno (待确认),Android OEM(待确认),Android OEM(待确认),2022-01~2025-01(估算),"150~900(USD,估算)",主流级
Windows,CREM-WXX9,93,AMD Ryzen 5 5600H with Radeon Graphics         ,9340.3,AMD Ryzen 5 5600H with Radeon Graphics,Intel Iris Xe/集成显卡(待确认),PC OEM(待确认),PC OEM(待确认),待确认,待确认,高端级
Android,par-al00,83,kirin 970,9339.183333,kirin 970,ARM Mali / Adreno (待确认),Android OEM(待确认),Android OEM(待确认),2022-01~2025-01(估算),"150~900(USD,估算)",主流级
Windows,Vivobook_ASUSLaptop M3401QA_M3401QA,97,AMD Ryzen 7 5800H with Radeon Graphics         ,9331.4,AMD Ryzen 7 5800H with Radeon Graphics,Intel Iris Xe/集成显卡(待确认),PC OEM(待确认),PC OEM(待确认),待确认,待确认,旗舰级
Android,sm-s9210,93,,9321.633333,移动SoC(待确认),ARM Mali / Adreno (待确认),Samsung,Samsung,2022-01~2025-01(估算),"150~900(USD,估算)",高端级
Windows,MS-7C96,93,AMD Ryzen 5 5600GT with Radeon Graphics        ,9319.4,AMD Ryzen 5 5600GT with Radeon Graphics,Intel Iris Xe/集成显卡(待确认),PC OEM(待确认),PC OEM(待确认),待确认,待确认,高端级
Android,mtn-an00,89,,9312.833333,移动SoC(待确认),ARM Mali / Adreno (待确认),Android OEM(待确认),Android OEM(待确认),2022-01~2025-01(估算),"150~900(USD,估算)",主流级
iOS,"iPad16,5",66,,9304.6,Apple A/M系列芯片(待细化),Apple 自研GPU,Apple,Apple,待确认,待确认,基础级/待淘汰
Windows,Inspiron 7559,76,Intel(R) Core(TM) i7-6700HQ CPU @ 2.60GHz,9304.366667,Intel(R) Core(TM) i7-6700HQ CPU @ 2.60GHz,Intel Iris Xe/集成显卡(待确认),PC OEM(待确认),PC OEM(待确认),待确认,待确认,入门级
Windows,21E6006JCD,72,12th Gen Intel(R) Core(TM) i7-1255U,9302.433333,12th Gen Intel(R) Core(TM) i7-1255U,Intel Iris Xe/集成显卡(待确认),Lenovo,Lenovo,2022-01~2023-01,699,入门级
iOS,"iPhone14,4",-1,,9293.4,Apple A系列芯片(待细化),Apple 自研GPU,Apple,Apple,待确认,待确认,待确认配置
Android,jad-al80,89,,9278.15,移动SoC(待确认),ARM Mali / Adreno (待确认),Android OEM(待确认),Android OEM(待确认),2022-01~2025-01(估算),"150~900(USD,估算)",主流级
Android,tny-al00,86,kirin 980,9275.55,kirin 980,ARM Mali / Adreno (待确认),Android OEM(待确认),Android OEM(待确认),2022-01~2025-01(估算),"150~900(USD,估算)",主流级
Android,m2104k10ac,75,,9270.333333,移动SoC(待确认),ARM Mali / Adreno (待确认),Android OEM(待确认),Android OEM(待确认),2022-01~2025-01(估算),"150~900(USD,估算)",入门级
Android,v2190a,71,,9269.016667,移动SoC(待确认),ARM Mali / Adreno (待确认),Android OEM(待确认),Android OEM(待确认),2022-01~2025-01(估算),"150~900(USD,估算)",入门级
Android,rte-al00,85,qualcomm 778g,9249.516667,qualcomm 778g,ARM Mali / Adreno (待确认),Android OEM(待确认),Android OEM(待确认),2022-01~2025-01(估算),"150~900(USD,估算)",主流级
Windows,BATTLE-AX B760M-GANK,88,Intel(R) Core(TM) i5-14490F,9248.2,Intel(R) Core(TM) i5-14490F,Intel Iris Xe/集成显卡(待确认),PC OEM(待确认),PC OEM(待确认),待确认,待确认,主流级
Android,2312crad3c,89,,9241.933333,移动SoC(待确认),ARM Mali / Adreno (待确认),Android OEM(待确认),Android OEM(待确认),2022-01~2025-01(估算),"150~900(USD,估算)",主流级
Android,amm-an00,88,qualcomm 7 Gen 3,9234.05,qualcomm 7 Gen 3,ARM Mali / Adreno (待确认),Android OEM(待确认),Android OEM(待确认),2022-01~2025-01(估算),"150~900(USD,估算)",主流级
iOS,"iPhone12,3",-1,,9230.183333,A13 Bionic,Apple GPU (4-core),Apple,Apple,2019-09,999,待确认配置
Android,p709,69,,9215.75,移动SoC(待确认),ARM Mali / Adreno (待确认),Android OEM(待确认),Android OEM(待确认),2022-01~2025-01(估算),"150~900(USD,估算)",基础级/待淘汰
Android,2406ern9cc,89,", qcom",9210.55,", qcom",ARM Mali / Adreno (待确认),Android OEM(待确认),Android OEM(待确认),2022-01~2025-01(估算),"150~900(USD,估算)",主流级
Android,sm-t220,73,,9204.783333,移动SoC(待确认),ARM Mali / Adreno (待确认),Samsung,Samsung,2022-01~2025-01(估算),"150~900(USD,估算)",入门级
Android,2311drk48c,89,mediatek 8300,9199.016667,mediatek 8300,ARM Mali / Adreno (待确认),Android OEM(待确认),Android OEM(待确认),2022-01~2025-01(估算),"150~900(USD,估算)",主流级
Android,phu110,89,,9194.433333,移动SoC(待确认),ARM Mali / Adreno (待确认),Android OEM(待确认),Android OEM(待确认),2022-01~2025-01(估算),"150~900(USD,估算)",主流级
Android,v2506a,82,mediatek mt6878  mt6878,9188,mediatek mt6878  mt6878,ARM Mali / Adreno (待确认),Android OEM(待确认),Android OEM(待确认),2022-01~2025-01(估算),"150~900(USD,估算)",主流级
Android,pfvm10,75,,9146.6,移动SoC(待确认),ARM Mali / Adreno (待确认),Android OEM(待确认),Android OEM(待确认),2022-01~2025-01(估算),"150~900(USD,估算)",入门级
Android,lio-an00m,88,kirin 990,9129.083333,kirin 990,ARM Mali / Adreno (待确认),Android OEM(待确认),Android OEM(待确认),2022-01~2025-01(估算),"150~900(USD,估算)",主流级
Android,pka110,83,qualcomm 695,9129,qualcomm 695,ARM Mali / Adreno (待确认),Android OEM(待确认),Android OEM(待确认),2022-01~2025-01(估算),"150~900(USD,估算)",主流级
Android,v2054a,81,qualcomm 480,9118.2,qualcomm 480,ARM Mali / Adreno (待确认),Android OEM(待确认),Android OEM(待确认),2022-01~2025-01(估算),"150~900(USD,估算)",主流级
Android,v2456a,89,,9108.933333,移动SoC(待确认),ARM Mali / Adreno (待确认),Android OEM(待确认),Android OEM(待确认),2022-01~2025-01(估算),"150~900(USD,估算)",主流级
Android,m2011k2c,89,,9107.133333,移动SoC(待确认),ARM Mali / Adreno (待确认),Android OEM(待确认),Android OEM(待确认),2022-01~2025-01(估算),"150~900(USD,估算)",主流级
Android,v2230a,75,,9101.6,移动SoC(待确认),ARM Mali / Adreno (待确认),Android OEM(待确认),Android OEM(待确认),2022-01~2025-01(估算),"150~900(USD,估算)",入门级
Android,bzt-al00,68,,9095.366667,移动SoC(待确认),ARM Mali / Adreno (待确认),Android OEM(待确认),Android OEM(待确认),2022-01~2025-01(估算),"150~900(USD,估算)",基础级/待淘汰
Android,2311drk48c,79,,9081.533333,移动SoC(待确认),ARM Mali / Adreno (待确认),Android OEM(待确认),Android OEM(待确认),2022-01~2025-01(估算),"150~900(USD,估算)",入门级
Android,dby2-w00,89,qualcomm 888,9076.866667,qualcomm 888,ARM Mali / Adreno (待确认),Huawei,Huawei,2022-01~2025-01(估算),"150~900(USD,估算)",主流级
Android,phk110,94,qualcomm 8+ gen 1,9061.4,qualcomm 8+ gen 1,ARM Mali / Adreno (待确认),Android OEM(待确认),Android OEM(待确认),2022-01~2025-01(估算),"150~900(USD,估算)",高端级
Windows,MS-7B23,78,Intel(R) Core(TM) i5-9400F CPU @ 2.90GHz,9052.666667,Intel(R) Core(TM) i5-9400F CPU @ 2.90GHz,Intel Iris Xe/集成显卡(待确认),PC OEM(待确认),PC OEM(待确认),待确认,待确认,入门级
Windows,81YN,78,AMD Ryzen 5 4600U with Radeon Graphics         ,9048.866667,AMD Ryzen 5 4600U with Radeon Graphics,Intel Iris Xe/集成显卡(待确认),Lenovo,Lenovo,2022-01~2023-01,699,入门级
Android,opd2413,97,,9047.783333,移动SoC(待确认),ARM Mali / Adreno (待确认),Android OEM(待确认),Android OEM(待确认),2022-01~2025-01(估算),"150~900(USD,估算)",旗舰级
Android,v2068a,73,"MT6833V/ZA, mt6833",9029.2,"MT6833V/ZA, mt6833",ARM Mali / Adreno (待确认),Android OEM(待确认),Android OEM(待确认),2022-01~2025-01(估算),"150~900(USD,估算)",入门级
Android,v2031a,72,,9028.116667,移动SoC(待确认),ARM Mali / Adreno (待确认),Android OEM(待确认),Android OEM(待确认),2022-01~2025-01(估算),"150~900(USD,估算)",入门级
MAC,"Mac15,7",93,,9008.683333,待确认,待确认,待确认,待确认,待确认,待确认,高端级
Android,24076rp19g,72,,8996.983333,移动SoC(待确认),ARM Mali / Adreno (待确认),Android OEM(待确认),Android OEM(待确认),2022-01~2025-01(估算),"150~900(USD,估算)",入门级
Android,23046pnc9c,87,mediatek 8200,8994.2,mediatek 8200,ARM Mali / Adreno (待确认),Android OEM(待确认),Android OEM(待确认),2022-01~2025-01(估算),"150~900(USD,估算)",主流级
Android,mix 2,89,Qualcomm 835,8987.283333,Qualcomm 835,ARM Mali / Adreno (待确认),Android OEM(待确认),Android OEM(待确认),2022-01~2025-01(估算),"150~900(USD,估算)",主流级
Android,v2443a,75,", mt6835",8976.183333,MediaTek Dimensity 6100+,ARM Mali GPU,Android OEM(待确认),Android OEM(待确认),2022-01~2025-01(估算),"150~900(USD,估算)",入门级
Android,ydtx20,71,,8975.433333,移动SoC(待确认),ARM Mali / Adreno (待确认),Android OEM(待确认),Android OEM(待确认),2022-01~2025-01(估算),"150~900(USD,估算)",入门级
Android,bon-al00,89,,8964.833333,移动SoC(待确认),ARM Mali / Adreno (待确认),Android OEM(待确认),Android OEM(待确认),2022-01~2025-01(估算),"150~900(USD,估算)",主流级
iOS,"iPhone14,6",94,,8963.633333,Apple A系列芯片(待细化),Apple 自研GPU,Apple,Apple,待确认,待确认,高端级
Android,lenovo tb-9707f,93,,8935.083333,移动SoC(待确认),ARM Mali / Adreno (待确认),Android OEM(待确认),Android OEM(待确认),2022-01~2025-01(估算),"150~900(USD,估算)",高端级
MAC,"MacBookPro16,2",-1,,8925.466667,待确认,待确认,待确认,待确认,待确认,待确认,待确认配置
Android,phq110,89,,8917.95,移动SoC(待确认),ARM Mali / Adreno (待确认),Android OEM(待确认),Android OEM(待确认),2022-01~2025-01(估算),"150~900(USD,估算)",主流级
Android,21121119sc,72,,8916.05,移动SoC(待确认),ARM Mali / Adreno (待确认),Android OEM(待确认),Android OEM(待确认),2022-01~2025-01(估算),"150~900(USD,估算)",入门级
Android,a9000,68,,8910.9,移动SoC(待确认),ARM Mali / Adreno (待确认),Android OEM(待确认),Android OEM(待确认),2022-01~2025-01(估算),"150~900(USD,估算)",基础级/待淘汰
Windows,82F8,68,11th Gen Intel(R) Core(TM) i5-1135G7 @ 2.40GHz,8910.233333,11th Gen Intel(R) Core(TM) i5-1135G7 @ 2.40GHz,Intel Iris Xe/集成显卡(待确认),Lenovo,Lenovo,2022-01~2023-01,699,基础级/待淘汰
Android,phb110,93,,8902.316667,移动SoC(待确认),ARM Mali / Adreno (待确认),Android OEM(待确认),Android OEM(待确认),2022-01~2025-01(估算),"150~900(USD,估算)",高端级
Android,v2219a,75,,8900.766667,移动SoC(待确认),ARM Mali / Adreno (待确认),Android OEM(待确认),Android OEM(待确认),2022-01~2025-01(估算),"150~900(USD,估算)",入门级
Android,v2217a,93,,8880.566667,移动SoC(待确认),ARM Mali / Adreno (待确认),Android OEM(待确认),Android OEM(待确认),2022-01~2025-01(估算),"150~900(USD,估算)",高端级
Windows,System Product Name,90,Intel(R) Core(TM) i5-10400F CPU @ 2.90GHz,8878.083333,Intel(R) Core(TM) i5-10400F CPU @ 2.90GHz,Intel Iris Xe/集成显卡(待确认),PC OEM(待确认),PC OEM(待确认),待确认,待确认,高端级
Android,pfvm10,76,mediatek 700,8867.333333,mediatek 700,ARM Mali / Adreno (待确认),Android OEM(待确认),Android OEM(待确认),2022-01~2025-01(估算),"150~900(USD,估算)",入门级
Android,23046rp50c,94,qualcomm 8+ gen 1,8864.183333,qualcomm 8+ gen 1,ARM Mali / Adreno (待确认),Android OEM(待确认),Android OEM(待确认),2022-01~2025-01(估算),"150~900(USD,估算)",高端级
Android,v2282a,86,mediatek 8050,8857.45,mediatek 8050,ARM Mali / Adreno (待确认),Android OEM(待确认),Android OEM(待确认),2022-01~2025-01(估算),"150~900(USD,估算)",主流级
Android,v1965a,85,,8845.716667,移动SoC(待确认),ARM Mali / Adreno (待确认),Android OEM(待确认),Android OEM(待确认),2022-01~2025-01(估算),"150~900(USD,估算)",主流级
Android,hera-bd00,89,,8833.033333,移动SoC(待确认),ARM Mali / Adreno (待确认),Android OEM(待确认),Android OEM(待确认),2022-01~2025-01(估算),"150~900(USD,估算)",主流级
Android,25060rk16c,86,mediatek mt6991  mt6991,8832.516667,mediatek mt6991  mt6991,ARM Mali / Adreno (待确认),Android OEM(待确认),Android OEM(待确认),2022-01~2025-01(估算),"150~900(USD,估算)",主流级
Android,v2164a,75,"MT6833V/ZA, mt6833",8823.366667,"MT6833V/ZA, mt6833",ARM Mali / Adreno (待确认),Android OEM(待确认),Android OEM(待确认),2022-01~2025-01(估算),"150~900(USD,估算)",入门级
Windows,20TRA02VCD,84,Intel(R) Core(TM) i7-10750H CPU @ 2.60GHz,8814.85,Intel(R) Core(TM) i7-10750H CPU @ 2.60GHz,Intel Iris Xe/集成显卡(待确认),Lenovo,Lenovo,2022-01~2023-01,699,主流级
Android,v2156a,80,mediatek 810,8791.75,mediatek 810,ARM Mali / Adreno (待确认),Android OEM(待确认),Android OEM(待确认),2022-01~2025-01(估算),"150~900(USD,估算)",主流级
Android,brp-an00,89,,8750.733333,移动SoC(待确认),ARM Mali / Adreno (待确认),Android OEM(待确认),Android OEM(待确认),2022-01~2025-01(估算),"150~900(USD,估算)",主流级
Android,ipa2451,93,,8745.366667,移动SoC(待确认),ARM Mali / Adreno (待确认),Android OEM(待确认),Android OEM(待确认),2022-01~2025-01(估算),"150~900(USD,估算)",高端级
Android,v2156a,75,,8741.633333,移动SoC(待确认),ARM Mali / Adreno (待确认),Android OEM(待确认),Android OEM(待确认),2022-01~2025-01(估算),"150~900(USD,估算)",入门级
Windows,HP ENVY Laptop 13-ah1xxx,64,Intel(R) Core(TM) i5-8265U CPU @ 1.60GHz,8723.25,Intel(R) Core(TM) i5-8265U CPU @ 1.60GHz,Intel Iris Xe/集成显卡(待确认),HP,HP,2023-01,650,基础级/待淘汰
Android,x1,93,,8721.883333,移动SoC(待确认),ARM Mali / Adreno (待确认),Android OEM(待确认),Android OEM(待确认),2022-01~2025-01(估算),"150~900(USD,估算)",高端级
Android,m2102k1c,89,Qualcomm 888,8721.65,Qualcomm 888,ARM Mali / Adreno (待确认),Android OEM(待确认),Android OEM(待确认),2022-01~2025-01(估算),"150~900(USD,估算)",主流级
Android,readboy_c13,86,,8720.7,移动SoC(待确认),ARM Mali / Adreno (待确认),Android OEM(待确认),Android OEM(待确认),2022-01~2025-01(估算),"150~900(USD,估算)",主流级
Android,lge-an10,89,,8719.95,移动SoC(待确认),ARM Mali / Adreno (待确认),Android OEM(待确认),Android OEM(待确认),2022-01~2025-01(估算),"150~900(USD,估算)",主流级
Android,ags3-w00d,78,kirin 710,8708.733333,kirin 710,ARM Mali / Adreno (待确认),Android OEM(待确认),Android OEM(待确认),2022-01~2025-01(估算),"150~900(USD,估算)",入门级
Android,sm-x520,71,,8706.3,移动SoC(待确认),ARM Mali / Adreno (待确认),Samsung,Samsung,2022-01~2025-01(估算),"150~900(USD,估算)",入门级
Windows,HNL-WXX9,90,AMD Ryzen 5 4600H with Radeon Graphics         ,8704.683333,AMD Ryzen 5 4600H with Radeon Graphics,Intel Iris Xe/集成显卡(待确认),PC OEM(待确认),PC OEM(待确认),待确认,待确认,高端级
Android,pfgm00,75,,8693.083333,移动SoC(待确认),ARM Mali / Adreno (待确认),Android OEM(待确认),Android OEM(待确认),2022-01~2025-01(估算),"150~900(USD,估算)",入门级
Android,readboy_c13pro,72,,8683.966667,移动SoC(待确认),ARM Mali / Adreno (待确认),Android OEM(待确认),Android OEM(待确认),2022-01~2025-01(估算),"150~900(USD,估算)",入门级
Android,pkp110,75,,8682.016667,移动SoC(待确认),ARM Mali / Adreno (待确认),Android OEM(待确认),Android OEM(待确认),2022-01~2025-01(估算),"150~900(USD,估算)",入门级
Android,glk-al00,81,kirin 710,8676.683333,kirin 710,ARM Mali / Adreno (待确认),Android OEM(待确认),Android OEM(待确认),2022-01~2025-01(估算),"150~900(USD,估算)",主流级
Android,jer-an20,84,", kirin985",8675.416667,", kirin985",ARM Mali / Adreno (待确认),Android OEM(待确认),Android OEM(待确认),2022-01~2025-01(估算),"150~900(USD,估算)",主流级
Android,25019pnf3c,97,,8671.716667,移动SoC(待确认),ARM Mali / Adreno (待确认),Android OEM(待确认),Android OEM(待确认),2022-01~2025-01(估算),"150~900(USD,估算)",旗舰级
Android,yxp u-2403a,75,,8667.216667,移动SoC(待确认),ARM Mali / Adreno (待确认),Android OEM(待确认),Android OEM(待确认),2022-01~2025-01(估算),"150~900(USD,估算)",入门级
Android,cdy-an20,84,kirin 820,8652.583333,kirin 820,ARM Mali / Adreno (待确认),Android OEM(待确认),Android OEM(待确认),2022-01~2025-01(估算),"150~900(USD,估算)",主流级
Android,sm-a146p,76,mediatek 810,8631.883333,mediatek 810,ARM Mali / Adreno (待确认),Samsung,Samsung,2022-01~2025-01(估算),"150~900(USD,估算)",入门级
Android,rk3588s_s,71,", rk30board",8628.116667,Rockchip RK3588S,ARM Mali-G610,Android OEM(待确认),Android OEM(待确认),2022-01~2025-01(估算),"150~900(USD,估算)",入门级
Android,bzt-w09,68,,8626.366667,移动SoC(待确认),ARM Mali / Adreno (待确认),Android OEM(待确认),Android OEM(待确认),2022-01~2025-01(估算),"150~900(USD,估算)",基础级/待淘汰
Android,lsa-an00,89,Qualcomm 778G,8624.016667,Qualcomm 778G,ARM Mali / Adreno (待确认),Android OEM(待确认),Android OEM(待确认),2022-01~2025-01(估算),"150~900(USD,估算)",主流级
Android,pkm110,79,", mt6897",8622.266667,", mt6897",ARM Mali / Adreno (待确认),Android OEM(待确认),Android OEM(待确认),2022-01~2025-01(估算),"150~900(USD,估算)",入门级
Android,pftm10,80,mediatek 810,8618.45,mediatek 810,ARM Mali / Adreno (待确认),Android OEM(待确认),Android OEM(待确认),2022-01~2025-01(估算),"150~900(USD,估算)",主流级
Android,ady-al10,92,kirin 9010,8613.883333,kirin 9010,ARM Mali / Adreno (待确认),Android OEM(待确认),Android OEM(待确认),2022-01~2025-01(估算),"150~900(USD,估算)",高端级
Windows,911ME,82,Intel(R) Core(TM) i7-10870H CPU @ 2.20GHz,8603.4,Intel(R) Core(TM) i7-10870H CPU @ 2.20GHz,Intel Iris Xe/集成显卡(待确认),PC OEM(待确认),PC OEM(待确认),待确认,待确认,主流级
Android,m2012k11c,89,,8600.7,移动SoC(待确认),ARM Mali / Adreno (待确认),Android OEM(待确认),Android OEM(待确认),2022-01~2025-01(估算),"150~900(USD,估算)",主流级
Android,tecno kl4,76,spreadtrum t615  ums9230_kl4_go,8596,UNISOC T615,ARM Mali-G57,Transsion,TECNO,2022-01~2025-01(估算),"150~900(USD,估算)",入门级
Android,2109119bc,89,,8595.816667,移动SoC(待确认),ARM Mali / Adreno (待确认),Android OEM(待确认),Android OEM(待确认),2022-01~2025-01(估算),"150~900(USD,估算)",主流级
Android,stk-al00,84,,8579.9,移动SoC(待确认),ARM Mali / Adreno (待确认),Android OEM(待确认),Android OEM(待确认),2022-01~2025-01(估算),"150~900(USD,估算)",主流级
Android,ne2211,82,,8571.666667,移动SoC(待确认),ARM Mali / Adreno (待确认),Android OEM(待确认),Android OEM(待确认),2022-01~2025-01(估算),"150~900(USD,估算)",主流级
Android,v2190a,89,exynos 1080,8564.733333,exynos 1080,ARM Mali / Adreno (待确认),Android OEM(待确认),Android OEM(待确认),2022-01~2025-01(估算),"150~900(USD,估算)",主流级
Windows,Redmi Book Pro 14 2024,76,Intel(R) Core(TM) Ultra 5 125H,8537.683333,Intel(R) Core(TM) Ultra 5 125H,Intel Iris Xe/集成显卡(待确认),PC OEM(待确认),PC OEM(待确认),待确认,待确认,入门级
Android,pehm00,85,,8521.6,移动SoC(待确认),ARM Mali / Adreno (待确认),Android OEM(待确认),Android OEM(待确认),2022-01~2025-01(估算),"150~900(USD,估算)",主流级
Android,maa-an00,89,"SM7550, qcom",8515.166667,"SM7550, qcom",ARM Mali / Adreno (待确认),Android OEM(待确认),Android OEM(待确认),2022-01~2025-01(估算),"150~900(USD,估算)",主流级
Android,v2220a,89,Qualcomm 778G,8513.05,Qualcomm 778G,ARM Mali / Adreno (待确认),Android OEM(待确认),Android OEM(待确认),2022-01~2025-01(估算),"150~900(USD,估算)",主流级
Android,btk-w00,85,qualcomm 7 gen 1,8508.366667,qualcomm 7 gen 1,ARM Mali / Adreno (待确认),Huawei,Huawei,2022-01~2025-01(估算),"150~900(USD,估算)",主流级
Android,xd-sdd27-2401,71,,8501.166667,移动SoC(待确认),ARM Mali / Adreno (待确认),Android OEM(待确认),Android OEM(待确认),2022-01~2025-01(估算),"150~900(USD,估算)",入门级
Android,m2004j7bc,82,mediatek 820,8492.683333,mediatek 820,ARM Mali / Adreno (待确认),Android OEM(待确认),Android OEM(待确认),2022-01~2025-01(估算),"150~900(USD,估算)",主流级
Android,cmr-al19,68,,8491.55,移动SoC(待确认),ARM Mali / Adreno (待确认),Android OEM(待确认),Android OEM(待确认),2022-01~2025-01(估算),"150~900(USD,估算)",基础级/待淘汰
Android,cls-al00,92,kirin 9010,8490.716667,kirin 9010,ARM Mali / Adreno (待确认),Android OEM(待确认),Android OEM(待确认),2022-01~2025-01(估算),"150~900(USD,估算)",高端级
Android,sm-x900,89,,8488.266667,移动SoC(待确认),ARM Mali / Adreno (待确认),Samsung,Samsung,2022-01~2025-01(估算),"150~900(USD,估算)",主流级
Windows,MS-7B53,77,Intel(R) Core(TM) i3-8100 CPU @ 3.60GHz,8485.583333,Intel(R) Core(TM) i3-8100 CPU @ 3.60GHz,Intel Iris Xe/集成显卡(待确认),PC OEM(待确认),PC OEM(待确认),待确认,待确认,入门级
Android,ags6-w09,80,,8476.983333,移动SoC(待确认),ARM Mali / Adreno (待确认),Huawei,Huawei,2022-01~2025-01(估算),"150~900(USD,估算)",主流级
Android,p752,72,,8471.716667,移动SoC(待确认),ARM Mali / Adreno (待确认),Android OEM(待确认),Android OEM(待确认),2022-01~2025-01(估算),"150~900(USD,估算)",入门级
Android,ang-an00,86,kirin 985,8469.316667,kirin 985,ARM Mali / Adreno (待确认),Android OEM(待确认),Android OEM(待确认),2022-01~2025-01(估算),"150~900(USD,估算)",主流级
Android,2312draabc,75,", mt6833",8459.483333,", mt6833",ARM Mali / Adreno (待确认),Android OEM(待确认),Android OEM(待确认),2022-01~2025-01(估算),"150~900(USD,估算)",入门级
Windows,HP ProBook 440 G6,64,Intel(R) Core(TM) i5-8265U CPU @ 1.60GHz,8451.65,Intel(R) Core(TM) i5-8265U CPU @ 1.60GHz,Intel Iris Xe/集成显卡(待确认),HP,HP,2023-01,650,基础级/待淘汰
iOS,"iPad13,11",92,,8439.1,Apple A/M系列芯片(待细化),Apple 自研GPU,Apple,Apple,待确认,待确认,高端级
Android,rna-an00,89,,8438.983333,移动SoC(待确认),ARM Mali / Adreno (待确认),Android OEM(待确认),Android OEM(待确认),2022-01~2025-01(估算),"150~900(USD,估算)",主流级
Android,pks110,89,,8429.55,移动SoC(待确认),ARM Mali / Adreno (待确认),Android OEM(待确认),Android OEM(待确认),2022-01~2025-01(估算),"150~900(USD,估算)",主流级
Android,mi 8,87,qualcomm 845,8424.133333,qualcomm 845,ARM Mali / Adreno (待确认),Android OEM(待确认),Android OEM(待确认),2022-01~2025-01(估算),"150~900(USD,估算)",主流级
iOS,"iPad11,2",88,,8416.566667,Apple A/M系列芯片(待细化),Apple 自研GPU,Apple,Apple,待确认,待确认,主流级
Android,plm110,84,mediatek mt6899  mt6899,8392.9,mediatek mt6899  mt6899,ARM Mali / Adreno (待确认),Android OEM(待确认),Android OEM(待确认),2022-01~2025-01(估算),"150~900(USD,估算)",主流级
Windows,MDF-XX,76,12th Gen Intel(R) Core(TM) i5-1240P,8391.95,12th Gen Intel(R) Core(TM) i5-1240P,Intel Iris Xe/集成显卡(待确认),PC OEM(待确认),PC OEM(待确认),待确认,待确认,入门级
Android,readboy_c10xs,82,,8379.6,移动SoC(待确认),ARM Mali / Adreno (待确认),Android OEM(待确认),Android OEM(待确认),2022-01~2025-01(估算),"150~900(USD,估算)",主流级
Windows,Parallels ARM Virtual Machine,81,                          Virtual CPU @ 3.20GHz,8374.333333,Virtual CPU @ 3.20GHz,Intel Iris Xe/集成显卡(待确认),PC OEM(待确认),PC OEM(待确认),待确认,待确认,主流级
Android,bre-al00b,85,qti sm6370 qualcomm qcom,8351.65,qti sm6370 qualcomm qcom,ARM Mali / Adreno (待确认),Android OEM(待确认),Android OEM(待确认),2022-01~2025-01(估算),"150~900(USD,估算)",主流级
Android,tna-an00,86,qualcomm 778g,8349.266667,qualcomm 778g,ARM Mali / Adreno (待确认),Android OEM(待确认),Android OEM(待确认),2022-01~2025-01(估算),"150~900(USD,估算)",主流级
Android,24091rpadc,92,qualcomm 8s Gen 3,8347.55,qualcomm 8s Gen 3,ARM Mali / Adreno (待确认),Android OEM(待确认),Android OEM(待确认),2022-01~2025-01(估算),"150~900(USD,估算)",高端级
Android,23054ra19c,79,,8342.45,移动SoC(待确认),ARM Mali / Adreno (待确认),Android OEM(待确认),Android OEM(待确认),2022-01~2025-01(估算),"150~900(USD,估算)",入门级
Android,v2410a,89,,8333.833333,移动SoC(待确认),ARM Mali / Adreno (待确认),Android OEM(待确认),Android OEM(待确认),2022-01~2025-01(估算),"150~900(USD,估算)",主流级
Android,dbr-w10,89,qualcomm 865,8332.683333,qualcomm 865,ARM Mali / Adreno (待确认),Huawei,Huawei,2022-01~2025-01(估算),"150~900(USD,估算)",主流级
Android,ebg-an10,88,kirin 990,8319.283333,kirin 990,ARM Mali / Adreno (待确认),Android OEM(待确认),Android OEM(待确认),2022-01~2025-01(估算),"150~900(USD,估算)",主流级
Android,jln-al00,89,,8294.75,移动SoC(待确认),ARM Mali / Adreno (待确认),Android OEM(待确认),Android OEM(待确认),2022-01~2025-01(估算),"150~900(USD,估算)",主流级
Windows,REDMI Book 14 2025(2.8K),88,Intel(R) Core(TM) 5 220H,8273.616667,Intel(R) Core(TM) 5 220H,Intel Iris Xe/集成显卡(待确认),PC OEM(待确认),PC OEM(待确认),待确认,待确认,主流级
Android,sm-g9910,89,qualcomm 888,8245.95,qualcomm 888,ARM Mali / Adreno (待确认),Samsung,Samsung,2022-01~2025-01(估算),"150~900(USD,估算)",主流级
Windows,Alienware m17 R3,84,Intel(R) Core(TM) i7-10750H CPU @ 2.60GHz,8235.466667,Intel(R) Core(TM) i7-10750H CPU @ 2.60GHz,Intel Iris Xe/集成显卡(待确认),PC OEM(待确认),PC OEM(待确认),待确认,待确认,主流级
Android,pdvm00,85,"Qualcomm Technologies, Inc SM4250, qcom",8225.716667,"Qualcomm Technologies, Inc SM4250, qcom",ARM Mali / Adreno (待确认),Android OEM(待确认),Android OEM(待确认),2022-01~2025-01(估算),"150~900(USD,估算)",主流级
Android,pdvm00,82,"Qualcomm Technologies, Inc SM4250, qcom",8222.466667,"Qualcomm Technologies, Inc SM4250, qcom",ARM Mali / Adreno (待确认),Android OEM(待确认),Android OEM(待确认),2022-01~2025-01(估算),"150~900(USD,估算)",主流级
Android,fin-al60a,89,Qualcomm 778G,8207.633333,Qualcomm 778G,ARM Mali / Adreno (待确认),Android OEM(待确认),Android OEM(待确认),2022-01~2025-01(估算),"150~900(USD,估算)",主流级
Android,eln2-w29,89,,8201.433333,移动SoC(待确认),ARM Mali / Adreno (待确认),Android OEM(待确认),Android OEM(待确认),2022-01~2025-01(估算),"150~900(USD,估算)",主流级
Android,v2183a,87,mediatek 9000,8197.166667,mediatek 9000,ARM Mali / Adreno (待确认),Android OEM(待确认),Android OEM(待确认),2022-01~2025-01(估算),"150~900(USD,估算)",主流级
Windows,HP Laptop 14s-fq2xxx,78,AMD Ryzen 5 5625U with Radeon Graphics         ,8194.816667,AMD Ryzen 5 5625U with Radeon Graphics,Intel Iris Xe/集成显卡(待确认),HP,HP,2023-01,650,入门级
Android,v1809a,80,qualcomm 670,8191.033333,qualcomm 670,ARM Mali / Adreno (待确认),Android OEM(待确认),Android OEM(待确认),2022-01~2025-01(估算),"150~900(USD,估算)",主流级
Android,pgbm10,75,"MT6893Z_Z/CZA, mt6893",8188.816667,"MT6893Z_Z/CZA, mt6893",ARM Mali / Adreno (待确认),Android OEM(待确认),Android OEM(待确认),2022-01~2025-01(估算),"150~900(USD,估算)",入门级
Android,v2166ba,80,mediatek 810,8188.033333,mediatek 810,ARM Mali / Adreno (待确认),Android OEM(待确认),Android OEM(待确认),2022-01~2025-01(估算),"150~900(USD,估算)",主流级
Windows,H610M H DDR4,84,12th Gen Intel(R) Core(TM) i5-12400F,8185.616667,12th Gen Intel(R) Core(TM) i5-12400F,Intel Iris Xe/集成显卡(待确认),PC OEM(待确认),PC OEM(待确认),待确认,待确认,主流级
Android,pdyt20,77,mediatek 800u,8172.283333,mediatek 800u,ARM Mali / Adreno (待确认),Android OEM(待确认),Android OEM(待确认),2022-01~2025-01(估算),"150~900(USD,估算)",入门级
Android,pld110,85,qti sm6650  qcom,8160.066667,qti sm6650  qcom,ARM Mali / Adreno (待确认),Android OEM(待确认),Android OEM(待确认),2022-01~2025-01(估算),"150~900(USD,估算)",主流级
Windows,MCLG-XX,78,13th Gen Intel(R) Core(TM) i5-13420H,8154.95,13th Gen Intel(R) Core(TM) i5-13420H,Intel Iris Xe/集成显卡(待确认),PC OEM(待确认),PC OEM(待确认),待确认,待确认,入门级
Android,pha120,83,qualcomm 695,8130.383333,qualcomm 695,ARM Mali / Adreno (待确认),Android OEM(待确认),Android OEM(待确认),2022-01~2025-01(估算),"150~900(USD,估算)",主流级
Windows,MDG-XX,76,13th Gen Intel(R) Core(TM) i5-1340P,8129.316667,13th Gen Intel(R) Core(TM) i5-1340P,Intel Iris Xe/集成显卡(待确认),PC OEM(待确认),PC OEM(待确认),待确认,待确认,入门级
Android,pfum10,89,,8123.666667,移动SoC(待确认),ARM Mali / Adreno (待确认),Android OEM(待确认),Android OEM(待确认),2022-01~2025-01(估算),"150~900(USD,估算)",主流级
Android,vivo z1,81,qualcomm 660,8123.083333,qualcomm 660,ARM Mali / Adreno (待确认),Android OEM(待确认),Android OEM(待确认),2022-01~2025-01(估算),"150~900(USD,估算)",主流级
Android,sm-g9730,88,qualcomm 855,8119.566667,qualcomm 855,ARM Mali / Adreno (待确认),Samsung,Samsung,2022-01~2025-01(估算),"150~900(USD,估算)",主流级
Android,agm-w09hn,69,,8106.516667,移动SoC(待确认),ARM Mali / Adreno (待确认),Android OEM(待确认),Android OEM(待确认),2022-01~2025-01(估算),"150~900(USD,估算)",基础级/待淘汰
Windows,21E3A0BHCD,82,12th Gen Intel(R) Core(TM) i5-1240P,8105.316667,12th Gen Intel(R) Core(TM) i5-1240P,Intel Iris Xe/集成显卡(待确认),Lenovo,Lenovo,2022-01~2023-01,699,主流级
Android,v2344a,79,,8085.666667,移动SoC(待确认),ARM Mali / Adreno (待确认),Android OEM(待确认),Android OEM(待确认),2022-01~2025-01(估算),"150~900(USD,估算)",入门级
iOS,"iPad8,3",88,,8085.666667,Apple A/M系列芯片(待细化),Apple 自研GPU,Apple,Apple,待确认,待确认,主流级
Android,fgd-al00,80,,8083.266667,移动SoC(待确认),ARM Mali / Adreno (待确认),Android OEM(待确认),Android OEM(待确认),2022-01~2025-01(估算),"150~900(USD,估算)",主流级
Android,v2429a,89,", qcom",8079.383333,", qcom",ARM Mali / Adreno (待确认),Android OEM(待确认),Android OEM(待确认),2022-01~2025-01(估算),"150~900(USD,估算)",主流级
Windows,83KB,97,AMD Ryzen 7 8745HS w/ Radeon 780M Graphics     ,8065.683333,AMD Ryzen 7 8745HS w/ Radeon 780M Graphics,Intel Iris Xe/集成显卡(待确认),Lenovo,Lenovo,2022-01~2023-01,699,旗舰级
Android,cdy-an90,84,,8057.633333,移动SoC(待确认),ARM Mali / Adreno (待确认),Android OEM(待确认),Android OEM(待确认),2022-01~2025-01(估算),"150~900(USD,估算)",主流级
Android,v2111a,81,qualcomm 480,8048.533333,qualcomm 480,ARM Mali / Adreno (待确认),Android OEM(待确认),Android OEM(待确认),2022-01~2025-01(估算),"150~900(USD,估算)",主流级
Windows,21LF,97,AMD Ryzen 7 8845H w/ Radeon 780M Graphics,8047.966667,AMD Ryzen 7 8845H w/ Radeon 780M Graphics,Intel Iris Xe/集成显卡(待确认),Lenovo,Lenovo,2022-01~2023-01,699,旗舰级
Android,readboy_c20pro,86,,8047.816667,移动SoC(待确认),ARM Mali / Adreno (待确认),Android OEM(待确认),Android OEM(待确认),2022-01~2025-01(估算),"150~900(USD,估算)",主流级
Android,wdy-an00,81,qualcomm 480,8041,qualcomm 480,ARM Mali / Adreno (待确认),Android OEM(待确认),Android OEM(待确认),2022-01~2025-01(估算),"150~900(USD,估算)",主流级
Android,bzt-al10,68,,8040.433333,移动SoC(待确认),ARM Mali / Adreno (待确认),Android OEM(待确认),Android OEM(待确认),2022-01~2025-01(估算),"150~900(USD,估算)",基础级/待淘汰
Android,pegm10,89,,8030,移动SoC(待确认),ARM Mali / Adreno (待确认),Android OEM(待确认),Android OEM(待确认),2022-01~2025-01(估算),"150~900(USD,估算)",主流级
Windows,82HX,64,Intel(R) Core(TM) i5-1035G1 CPU @ 1.00GHz,8007.05,Intel(R) Core(TM) i5-1035G1 CPU @ 1.00GHz,Intel Iris Xe/集成显卡(待确认),Lenovo,Lenovo,2022-01~2023-01,699,基础级/待淘汰
Android,nic-an00,75,,8006.633333,移动SoC(待确认),ARM Mali / Adreno (待确认),Android OEM(待确认),Android OEM(待确认),2022-01~2025-01(估算),"150~900(USD,估算)",入门级
Android,pjg110,75,,8004.5,移动SoC(待确认),ARM Mali / Adreno (待确认),Android OEM(待确认),Android OEM(待确认),2022-01~2025-01(估算),"150~900(USD,估算)",入门级
Android,s1w,58,,8000.4,移动SoC(待确认),ARM Mali / Adreno (待确认),Android OEM(待确认),Android OEM(待确认),2022-01~2025-01(估算),"150~900(USD,估算)",基础级/待淘汰
Android,v2361a,89,,7999.033333,移动SoC(待确认),ARM Mali / Adreno (待确认),Android OEM(待确认),Android OEM(待确认),2022-01~2025-01(估算),"150~900(USD,估算)",主流级
Windows,HP ENVY TE01-3xxx,82,12th Gen Intel(R) Core(TM) i7-12700F,7989.333333,12th Gen Intel(R) Core(TM) i7-12700F,Intel Iris Xe/集成显卡(待确认),HP,HP,2023-01,650,主流级
Android,pdsm00,75,"MT6889Z/CZA, mt6889",7982.766667,"MT6889Z/CZA, mt6889",ARM Mali / Adreno (待确认),Android OEM(待确认),Android OEM(待确认),2022-01~2025-01(估算),"150~900(USD,估算)",入门级
Android,lenovo tb-q706f,93,,7967.216667,移动SoC(待确认),ARM Mali / Adreno (待确认),Android OEM(待确认),Android OEM(待确认),2022-01~2025-01(估算),"150~900(USD,估算)",高端级
Windows,WUJIE14XA,97,AMD Ryzen 7 8845HS w/ Radeon 780M Graphics     ,7958.966667,AMD Ryzen 7 8845HS w/ Radeon 780M Graphics,Intel Iris Xe/集成显卡(待确认),PC OEM(待确认),PC OEM(待确认),待确认,待确认,旗舰级
Android,wgrr-w09,84,Kirin 9000E,7956.933333,Kirin 9000E,ARM Mali / Adreno (待确认),Android OEM(待确认),Android OEM(待确认),2022-01~2025-01(估算),"150~900(USD,估算)",主流级
Android,v2353a,89,", qcom",7953.516667,", qcom",ARM Mali / Adreno (待确认),Android OEM(待确认),Android OEM(待确认),2022-01~2025-01(估算),"150~900(USD,估算)",主流级
Windows,Redmi Book Pro 14 2022,72,12th Gen Intel(R) Core(TM) i5-12450H,7950.3,12th Gen Intel(R) Core(TM) i5-12450H,Intel Iris Xe/集成显卡(待确认),PC OEM(待确认),PC OEM(待确认),待确认,待确认,入门级
Windows,B760M GAMING,97,Intel(R) Core(TM) i5-14600KF,7936.7,Intel(R) Core(TM) i5-14600KF,Intel Iris Xe/集成显卡(待确认),PC OEM(待确认),PC OEM(待确认),待确认,待确认,旗舰级
Windows,X550VX,76,Intel(R) Core(TM) i7-6700HQ CPU @ 2.60GHz,7932.616667,Intel(R) Core(TM) i7-6700HQ CPU @ 2.60GHz,Intel Iris Xe/集成显卡(待确认),PC OEM(待确认),PC OEM(待确认),待确认,待确认,入门级
Android,pkz110,79,,7930.6,移动SoC(待确认),ARM Mali / Adreno (待确认),Android OEM(待确认),Android OEM(待确认),2022-01~2025-01(估算),"150~900(USD,估算)",入门级
Windows,Redmi Book 14,88,12th Gen Intel(R) Core(TM) i5-12500H,7926.4,12th Gen Intel(R) Core(TM) i5-12500H,Intel Iris Xe/集成显卡(待确认),PC OEM(待确认),PC OEM(待确认),待确认,待确认,主流级
Android,pfgm00,76,mediatek 700,7922.55,mediatek 700,ARM Mali / Adreno (待确认),Android OEM(待确认),Android OEM(待确认),2022-01~2025-01(估算),"150~900(USD,估算)",入门级
Android,dby2z-al00,89,,7915.716667,移动SoC(待确认),ARM Mali / Adreno (待确认),Huawei,Huawei,2022-01~2025-01(估算),"150~900(USD,估算)",主流级
Android,pkd130,81,mediatek mt6835  mt6835,7915.55,MediaTek Dimensity 6100+,ARM Mali GPU,Android OEM(待确认),Android OEM(待确认),2022-01~2025-01(估算),"150~900(USD,估算)",主流级
Android,v2403a,96,qualcomm 8 Gen 3,7915.516667,Qualcomm Snapdragon 8 Gen 3,Adreno GPU,Android OEM(待确认),Android OEM(待确认),2022-01~2025-01(估算),"150~900(USD,估算)",旗舰级
Android,v2130a,75,,7908.433333,移动SoC(待确认),ARM Mali / Adreno (待确认),Android OEM(待确认),Android OEM(待确认),2022-01~2025-01(估算),"150~900(USD,估算)",入门级
Android,24076rp19g,69,,7907.733333,移动SoC(待确认),ARM Mali / Adreno (待确认),Android OEM(待确认),Android OEM(待确认),2022-01~2025-01(估算),"150~900(USD,估算)",基础级/待淘汰
Android,v2282a,75,,7885.75,移动SoC(待确认),ARM Mali / Adreno (待确认),Android OEM(待确认),Android OEM(待确认),2022-01~2025-01(估算),"150~900(USD,估算)",入门级
MAC,"MacBookPro16,1",72,,7885.316667,待确认,待确认,待确认,待确认,待确认,待确认,入门级
Android,got-al19,89,,7876.383333,移动SoC(待确认),ARM Mali / Adreno (待确认),Android OEM(待确认),Android OEM(待确认),2022-01~2025-01(估算),"150~900(USD,估算)",主流级
Android,2409brn2cy,75,helio p65,7874.733333,MediaTek Helio P65,ARM Mali-G52,Android OEM(待确认),Android OEM(待确认),2022-01~2025-01(估算),"150~900(USD,估算)",入门级
Android,2406ern9cc,83,qualcomm 4 Gen 2,7863.933333,qualcomm 4 Gen 2,ARM Mali / Adreno (待确认),Android OEM(待确认),Android OEM(待确认),2022-01~2025-01(估算),"150~900(USD,估算)",主流级
Android,v2068a,75,,7860.733333,移动SoC(待确认),ARM Mali / Adreno (待确认),Android OEM(待确认),Android OEM(待确认),2022-01~2025-01(估算),"150~900(USD,估算)",入门级
Android,adt-an00,89,,7857.883333,移动SoC(待确认),ARM Mali / Adreno (待确认),Android OEM(待确认),Android OEM(待确认),2022-01~2025-01(估算),"150~900(USD,估算)",主流级
Android,koz-al40,74,unisoc t610,7848.35,unisoc t610,ARM Mali / Adreno (待确认),Android OEM(待确认),Android OEM(待确认),2022-01~2025-01(估算),"150~900(USD,估算)",入门级
Android,tyr-al00,86,kirin 8000,7845.766667,kirin 8000,ARM Mali / Adreno (待确认),Android OEM(待确认),Android OEM(待确认),2022-01~2025-01(估算),"150~900(USD,估算)",主流级
Android,readboy_c6,83,,7832.55,移动SoC(待确认),ARM Mali / Adreno (待确认),Android OEM(待确认),Android OEM(待确认),2022-01~2025-01(估算),"150~900(USD,估算)",主流级
Android,24053py09c,89,,7827.383333,移动SoC(待确认),ARM Mali / Adreno (待确认),Android OEM(待确认),Android OEM(待确认),2022-01~2025-01(估算),"150~900(USD,估算)",主流级
Android,pkk110,79,,7826.666667,移动SoC(待确认),ARM Mali / Adreno (待确认),Android OEM(待确认),Android OEM(待确认),2022-01~2025-01(估算),"150~900(USD,估算)",入门级
Windows,HP 348 G5,64,Intel(R) Core(TM) i5-8265U CPU @ 1.60GHz,7815.9,Intel(R) Core(TM) i5-8265U CPU @ 1.60GHz,Intel Iris Xe/集成显卡(待确认),HP,HP,2023-01,650,基础级/待淘汰
iOS,"iPhone18,1",66,,7812.083333,Apple A系列芯片(待细化),Apple 自研GPU,Apple,Apple,待确认,待确认,基础级/待淘汰
Android,sm-n971n,84,,7807.533333,移动SoC(待确认),ARM Mali / Adreno (待确认),Samsung,Samsung,2022-01~2025-01(估算),"150~900(USD,估算)",主流级
Android,smart,68,,7806.616667,移动SoC(待确认),ARM Mali / Adreno (待确认),Android OEM(待确认),Android OEM(待确认),2022-01~2025-01(估算),"150~900(USD,估算)",基础级/待淘汰
Android,2312draabc,-1,,7803.116667,移动SoC(待确认),ARM Mali / Adreno (待确认),Android OEM(待确认),Android OEM(待确认),2022-01~2025-01(估算),"150~900(USD,估算)",待确认配置
Android,tyh632m,76,mediatek 700,7790.833333,mediatek 700,ARM Mali / Adreno (待确认),Android OEM(待确认),Android OEM(待确认),2022-01~2025-01(估算),"150~900(USD,估算)",入门级
Android,v2148a,89,,7755.8,移动SoC(待确认),ARM Mali / Adreno (待确认),Android OEM(待确认),Android OEM(待确认),2022-01~2025-01(估算),"150~900(USD,估算)",主流级
Android,ags3-w00e,78,kirin 710,7740.05,kirin 710,ARM Mali / Adreno (待确认),Android OEM(待确认),Android OEM(待确认),2022-01~2025-01(估算),"150~900(USD,估算)",入门级
Android,bzc-w00,77,,7735.9,移动SoC(待确认),ARM Mali / Adreno (待确认),Android OEM(待确认),Android OEM(待确认),2022-01~2025-01(估算),"150~900(USD,估算)",入门级
Android,v2241ha,79,,7731.05,移动SoC(待确认),ARM Mali / Adreno (待确认),Android OEM(待确认),Android OEM(待确认),2022-01~2025-01(估算),"150~900(USD,估算)",入门级
Android,sc-03l,88,qualcomm 855,7730.016667,qualcomm 855,ARM Mali / Adreno (待确认),Android OEM(待确认),Android OEM(待确认),2022-01~2025-01(估算),"150~900(USD,估算)",主流级
Android,v2072a,86,mediatek 1200,7722.633333,mediatek 1200,ARM Mali / Adreno (待确认),Android OEM(待确认),Android OEM(待确认),2022-01~2025-01(估算),"150~900(USD,估算)",主流级
Android,icl-al20,84,", kirin9020",7716.2,", kirin9020",ARM Mali / Adreno (待确认),Android OEM(待确认),Android OEM(待确认),2022-01~2025-01(估算),"150~900(USD,估算)",主流级
MAC,"Mac14,15",85,,7705.683333,待确认,待确认,待确认,待确认,待确认,待确认,主流级
Android,alt-nx1,83,qualcomm 4 Gen 2,7693.116667,qualcomm 4 Gen 2,ARM Mali / Adreno (待确认),Android OEM(待确认),Android OEM(待确认),2022-01~2025-01(估算),"150~900(USD,估算)",主流级
Windows,MS-7E24,93,AMD Ryzen 5 9600X 6-Core Processor             ,7687.55,AMD Ryzen 5 9600X 6-Core Processor,Intel Iris Xe/集成显卡(待确认),PC OEM(待确认),PC OEM(待确认),待确认,待确认,高端级
Windows,Alienware 17 R2,76,Intel(R) Core(TM) i7-4710HQ CPU @ 2.50GHz,7668.066667,Intel(R) Core(TM) i7-4710HQ CPU @ 2.50GHz,Intel Iris Xe/集成显卡(待确认),PC OEM(待确认),PC OEM(待确认),待确认,待确认,入门级
Android,frl-an00a,76,mediatek 720,7657.383333,mediatek 720,ARM Mali / Adreno (待确认),Android OEM(待确认),Android OEM(待确认),2022-01~2025-01(估算),"150~900(USD,估算)",入门级
Android,v2436a,93,,7657.25,移动SoC(待确认),ARM Mali / Adreno (待确认),Android OEM(待确认),Android OEM(待确认),2022-01~2025-01(估算),"150~900(USD,估算)",高端级
Android,v2443a,75,,7626.516667,移动SoC(待确认),ARM Mali / Adreno (待确认),Android OEM(待确认),Android OEM(待确认),2022-01~2025-01(估算),"150~900(USD,估算)",入门级
Android,readboy_c18,72,,7623.15,移动SoC(待确认),ARM Mali / Adreno (待确认),Android OEM(待确认),Android OEM(待确认),2022-01~2025-01(估算),"150~900(USD,估算)",入门级
Android,v2134a,71,,7622.25,移动SoC(待确认),ARM Mali / Adreno (待确认),Android OEM(待确认),Android OEM(待确认),2022-01~2025-01(估算),"150~900(USD,估算)",入门级
Android,plg110,82,,7615.266667,移动SoC(待确认),ARM Mali / Adreno (待确认),Android OEM(待确认),Android OEM(待确认),2022-01~2025-01(估算),"150~900(USD,估算)",主流级
Android,bre-al80,69,", Kirin8000A",7604.866667,", Kirin8000A",ARM Mali / Adreno (待确认),Android OEM(待确认),Android OEM(待确认),2022-01~2025-01(估算),"150~900(USD,估算)",基础级/待淘汰
Windows,NbDE-WXX9,76,11th Gen Intel(R) Core(TM) i5-1155G7 @ 2.50GHz,7601.4,11th Gen Intel(R) Core(TM) i5-1155G7 @ 2.50GHz,Intel Iris Xe/集成显卡(待确认),PC OEM(待确认),PC OEM(待确认),待确认,待确认,入门级
Android,goa-al80,89,,7599.283333,移动SoC(待确认),ARM Mali / Adreno (待确认),Android OEM(待确认),Android OEM(待确认),2022-01~2025-01(估算),"150~900(USD,估算)",主流级
Android,yal-al00,84,,7597.466667,移动SoC(待确认),ARM Mali / Adreno (待确认),Android OEM(待确认),Android OEM(待确认),2022-01~2025-01(估算),"150~900(USD,估算)",主流级
Android,noh-al00,88,,7587.25,移动SoC(待确认),ARM Mali / Adreno (待确认),Android OEM(待确认),Android OEM(待确认),2022-01~2025-01(估算),"150~900(USD,估算)",主流级
Windows,83DG,82,Intel(R) Core(TM) i7-14700HX,7581.516667,Intel(R) Core(TM) i7-14700HX,Intel Iris Xe/集成显卡(待确认),Lenovo,Lenovo,2022-01~2023-01,699,主流级
Android,rna-an00,85,qualcomm 778g,7578.85,qualcomm 778g,ARM Mali / Adreno (待确认),Android OEM(待确认),Android OEM(待确认),2022-01~2025-01(估算),"150~900(USD,估算)",主流级
Android,pepm00,75,"MT6893Z/CZA, mt6893",7573.583333,"MT6893Z/CZA, mt6893",ARM Mali / Adreno (待确认),Android OEM(待确认),Android OEM(待确认),2022-01~2025-01(估算),"150~900(USD,估算)",入门级
Android,spn-al00,85,vendor kirin810 kirin810,7569.25,vendor kirin810 kirin810,ARM Mali / Adreno (待确认),Android OEM(待确认),Android OEM(待确认),2022-01~2025-01(估算),"150~900(USD,估算)",主流级
iOS,"iPad6,7",-1,,7565.65,Apple A/M系列芯片(待细化),Apple 自研GPU,Apple,Apple,待确认,待确认,待确认配置
Android,elz-an00,89,,7564.116667,移动SoC(待确认),ARM Mali / Adreno (待确认),Android OEM(待确认),Android OEM(待确认),2022-01~2025-01(估算),"150~900(USD,估算)",主流级
Windows,12S9CTO1WW,82,12th Gen Intel(R) Core(TM) i7-12700,7543.483333,12th Gen Intel(R) Core(TM) i7-12700,Intel Iris Xe/集成显卡(待确认),Lenovo,Lenovo,2022-01~2023-01,699,主流级
Android,v2362a,79,", mt6985",7539.133333,", mt6985",ARM Mali / Adreno (待确认),Android OEM(待确认),Android OEM(待确认),2022-01~2025-01(估算),"150~900(USD,估算)",入门级
Android,mlr-al10,92,kirin 9010,7535.05,kirin 9010,ARM Mali / Adreno (待确认),Android OEM(待确认),Android OEM(待确认),2022-01~2025-01(估算),"150~900(USD,估算)",高端级
Android,m2003j15sc,74,helio p65,7519.616667,MediaTek Helio P65,ARM Mali-G52,Android OEM(待确认),Android OEM(待确认),2022-01~2025-01(估算),"150~900(USD,估算)",入门级
Android,jny-al10,84,,7517.066667,移动SoC(待确认),ARM Mali / Adreno (待确认),Android OEM(待确认),Android OEM(待确认),2022-01~2025-01(估算),"150~900(USD,估算)",主流级
Android,23090ra98c,75,,7515.783333,移动SoC(待确认),ARM Mali / Adreno (待确认),Android OEM(待确认),Android OEM(待确认),2022-01~2025-01(估算),"150~900(USD,估算)",入门级
Android,v2230a,75,"MT6833V/ZA, mt6833",7512.85,"MT6833V/ZA, mt6833",ARM Mali / Adreno (待确认),Android OEM(待确认),Android OEM(待确认),2022-01~2025-01(估算),"150~900(USD,估算)",入门级
Android,sm-x810,93,,7512.85,移动SoC(待确认),ARM Mali / Adreno (待确认),Samsung,Samsung,2022-01~2025-01(估算),"150~900(USD,估算)",高端级
Android,eln2-l29,89,,7506.15,移动SoC(待确认),ARM Mali / Adreno (待确认),Android OEM(待确认),Android OEM(待确认),2022-01~2025-01(估算),"150~900(USD,估算)",主流级
Android,umix6,75,,7501.966667,移动SoC(待确认),ARM Mali / Adreno (待确认),Android OEM(待确认),Android OEM(待确认),2022-01~2025-01(估算),"150~900(USD,估算)",入门级
Windows,WUJIE14 PRO,97,AMD Ryzen 7 7840HS w/ Radeon 780M Graphics     ,7485.216667,AMD Ryzen 7 7840HS w/ Radeon 780M Graphics,Intel Iris Xe/集成显卡(待确认),PC OEM(待确认),PC OEM(待确认),待确认,待确认,旗舰级
Windows,TUF Gaming FX505DV_FX95DV,70,AMD Ryzen 7 3750H with Radeon Vega Mobile Gfx  ,7473.183333,AMD Ryzen 7 3750H with Radeon Vega Mobile Gfx,Intel Iris Xe/集成显卡(待确认),PC OEM(待确认),PC OEM(待确认),待确认,待确认,入门级
Android,jlh-an00,80,mediatek 1080,7471,mediatek 1080,ARM Mali / Adreno (待确认),Android OEM(待确认),Android OEM(待确认),2022-01~2025-01(估算),"150~900(USD,估算)",主流级
Android,pkw110,75,", mt6835",7453.45,MediaTek Dimensity 6100+,ARM Mali GPU,Android OEM(待确认),Android OEM(待确认),2022-01~2025-01(估算),"150~900(USD,估算)",入门级
Android,plr-al50,86,hisilicon kirin  kirin9020a,7446.833333,hisilicon kirin  kirin9020a,ARM Mali / Adreno (待确认),Android OEM(待确认),Android OEM(待确认),2022-01~2025-01(估算),"150~900(USD,估算)",主流级
Android,pgx110,84,mediatek 8100,7436.45,mediatek 8100,ARM Mali / Adreno (待确认),Android OEM(待确认),Android OEM(待确认),2022-01~2025-01(估算),"150~900(USD,估算)",主流级
Android,cet-al60,89,,7425.233333,移动SoC(待确认),ARM Mali / Adreno (待确认),Android OEM(待确认),Android OEM(待确认),2022-01~2025-01(估算),"150~900(USD,估算)",主流级
Android,yxu-be0ba,75,,7423.216667,移动SoC(待确认),ARM Mali / Adreno (待确认),Android OEM(待确认),Android OEM(待确认),2022-01~2025-01(估算),"150~900(USD,估算)",入门级
Windows,System Product Name,88,13th Gen Intel(R) Core(TM) i5-13400F,7421.416667,13th Gen Intel(R) Core(TM) i5-13400F,Intel Iris Xe/集成显卡(待确认),PC OEM(待确认),PC OEM(待确认),待确认,待确认,主流级
Android,v2180ga,83,"qualcomm technologies, inc khaje qcom",7418.383333,"qualcomm technologies, inc khaje qcom",ARM Mali / Adreno (待确认),Android OEM(待确认),Android OEM(待确认),2022-01~2025-01(估算),"150~900(USD,估算)",主流级
Android,rmx3888,96,qualcomm 8 Gen 3,7406.133333,Qualcomm Snapdragon 8 Gen 3,Adreno GPU,Android OEM(待确认),Android OEM(待确认),2022-01~2025-01(估算),"150~900(USD,估算)",旗舰级
Android,m2006c3lc,-1,,7394.25,移动SoC(待确认),ARM Mali / Adreno (待确认),Android OEM(待确认),Android OEM(待确认),2022-01~2025-01(估算),"150~900(USD,估算)",待确认配置
Android,bre-al00b,89,,7393.3,移动SoC(待确认),ARM Mali / Adreno (待确认),Android OEM(待确认),Android OEM(待确认),2022-01~2025-01(估算),"150~900(USD,估算)",主流级
Android,sm-p619,86,,7389.3,移动SoC(待确认),ARM Mali / Adreno (待确认),Samsung,Samsung,2022-01~2025-01(估算),"150~900(USD,估算)",主流级
Windows,HP ZHAN 66 Pro 14 G3,70,Intel(R) Core(TM) i5-10210U CPU @ 1.60GHz,7382.4,Intel(R) Core(TM) i5-10210U CPU @ 1.60GHz,Intel Iris Xe/集成显卡(待确认),HP,HP,2023-01,650,入门级
Android,vrd-w09,84,,7381.833333,移动SoC(待确认),ARM Mali / Adreno (待确认),Android OEM(待确认),Android OEM(待确认),2022-01~2025-01(估算),"150~900(USD,估算)",主流级
Android,v2238a,79,,7350.033333,移动SoC(待确认),ARM Mali / Adreno (待确认),Android OEM(待确认),Android OEM(待确认),2022-01~2025-01(估算),"150~900(USD,估算)",入门级
Windows,System Product Name,97,AMD Ryzen 7 9700X 8-Core Processor             ,7341.316667,AMD Ryzen 7 9700X 8-Core Processor,Intel Iris Xe/集成显卡(待确认),PC OEM(待确认),PC OEM(待确认),待确认,待确认,旗舰级
Android,v2324a,79,,7338.016667,移动SoC(待确认),ARM Mali / Adreno (待确认),Android OEM(待确认),Android OEM(待确认),2022-01~2025-01(估算),"150~900(USD,估算)",入门级
MAC,"MacBookAir7,2",52,,7321.05,待确认,待确认,待确认,待确认,待确认,待确认,基础级/待淘汰
Windows,83JM,94,Intel(R) Core(TM) Ultra 9 285H,7318.25,Intel(R) Core(TM) Ultra 9 285H,Intel Iris Xe/集成显卡(待确认),Lenovo,Lenovo,2022-01~2023-01,699,高端级
Android,mi 10 pro,89,,7314.416667,移动SoC(待确认),ARM Mali / Adreno (待确认),Android OEM(待确认),Android OEM(待确认),2022-01~2025-01(估算),"150~900(USD,估算)",主流级
Android,v2118a,89,qualcomm 865,7313.933333,qualcomm 865,ARM Mali / Adreno (待确认),Android OEM(待确认),Android OEM(待确认),2022-01~2025-01(估算),"150~900(USD,估算)",主流级
Android,yxp u59,72,,7306.15,移动SoC(待确认),ARM Mali / Adreno (待确认),Android OEM(待确认),Android OEM(待确认),2022-01~2025-01(估算),"150~900(USD,估算)",入门级
Android,sm-x910,93,,7298.066667,移动SoC(待确认),ARM Mali / Adreno (待确认),Samsung,Samsung,2022-01~2025-01(估算),"150~900(USD,估算)",高端级
Android,pesm10,83,qualcomm 680,7292.016667,qualcomm 680,ARM Mali / Adreno (待确认),Android OEM(待确认),Android OEM(待确认),2022-01~2025-01(估算),"150~900(USD,估算)",主流级
Android,pht110,-1,,7279.416667,移动SoC(待确认),ARM Mali / Adreno (待确认),Android OEM(待确认),Android OEM(待确认),2022-01~2025-01(估算),"150~900(USD,估算)",待确认配置
Windows,21E30077CD,82,12th Gen Intel(R) Core(TM) i7-1260P,7272.083333,12th Gen Intel(R) Core(TM) i7-1260P,Intel Iris Xe/集成显卡(待确认),Lenovo,Lenovo,2022-01~2023-01,699,主流级
Android,v2357a,75,", mt6835",7256.833333,MediaTek Dimensity 6100+,ARM Mali GPU,Android OEM(待确认),Android OEM(待确认),2022-01~2025-01(估算),"150~900(USD,估算)",入门级
iOS,"iPhone15,5",66,,7251.45,A16 Bionic,Apple GPU (5-core),Apple,Apple,2023-09,899,基础级/待淘汰
Android,rmx3161,82,qualcomm 750g,7244.866667,qualcomm 750g,ARM Mali / Adreno (待确认),Android OEM(待确认),Android OEM(待确认),2022-01~2025-01(估算),"150~900(USD,估算)",主流级
Android,v2452a,79,,7233.5,移动SoC(待确认),ARM Mali / Adreno (待确认),Android OEM(待确认),Android OEM(待确认),2022-01~2025-01(估算),"150~900(USD,估算)",入门级
Windows,82L5,93,AMD Ryzen 5 5600H with Radeon Graphics         ,7226.316667,AMD Ryzen 5 5600H with Radeon Graphics,Intel Iris Xe/集成显卡(待确认),Lenovo,Lenovo,2022-01~2023-01,699,高端级
iOS,"iPhone9,2",-1,,7212.566667,Apple A系列芯片(待细化),Apple 自研GPU,Apple,Apple,待确认,待确认,待确认配置
Android,v2318a,77,mediatek 6020,7210.65,mediatek 6020,ARM Mali / Adreno (待确认),Android OEM(待确认),Android OEM(待确认),2022-01~2025-01(估算),"150~900(USD,估算)",入门级
Android,v2133a,75,,7205.3,移动SoC(待确认),ARM Mali / Adreno (待确认),Android OEM(待确认),Android OEM(待确认),2022-01~2025-01(估算),"150~900(USD,估算)",入门级
Android,pjj110,93,,7181.383333,移动SoC(待确认),ARM Mali / Adreno (待确认),Android OEM(待确认),Android OEM(待确认),2022-01~2025-01(估算),"150~900(USD,估算)",高端级
Android,24018rpacc,94,qualcomm 8 Gen 2,7170.766667,qualcomm 8 Gen 2,ARM Mali / Adreno (待确认),Android OEM(待确认),Android OEM(待确认),2022-01~2025-01(估算),"150~900(USD,估算)",高端级
Windows,82L3,76,11th Gen Intel(R) Core(TM) i5-1155G7 @ 2.50GHz,7168.833333,11th Gen Intel(R) Core(TM) i5-1155G7 @ 2.50GHz,Intel Iris Xe/集成显卡(待确认),Lenovo,Lenovo,2022-01~2023-01,699,入门级
Android,rmo-an00,89,Qualcomm 695,7164.95,Qualcomm 695,ARM Mali / Adreno (待确认),Android OEM(待确认),Android OEM(待确认),2022-01~2025-01(估算),"150~900(USD,估算)",主流级
Android,koz-al00,68,,7153.05,移动SoC(待确认),ARM Mali / Adreno (待确认),Android OEM(待确认),Android OEM(待确认),2022-01~2025-01(估算),"150~900(USD,估算)",基础级/待淘汰
Windows,HNL-WXX9,94,AMD Ryzen 7 4800H with Radeon Graphics         ,7149.166667,AMD Ryzen 7 4800H with Radeon Graphics,Intel Iris Xe/集成显卡(待确认),PC OEM(待确认),PC OEM(待确认),待确认,待确认,高端级
Windows,OptiPlex 7020,77,Intel(R) Core(TM) i5-4590 CPU @ 3.30GHz,7136.85,Intel(R) Core(TM) i5-4590 CPU @ 3.30GHz,Intel Iris Xe/集成显卡(待确认),PC OEM(待确认),PC OEM(待确认),待确认,待确认,入门级
Android,moa-al00,75,helio p35,7130.583333,MediaTek Helio P35,PowerVR GE8320,Android OEM(待确认),Android OEM(待确认),2022-01~2025-01(估算),"150~900(USD,估算)",入门级
Android,220233l2c,73,helio g25,7120.033333,helio g25,ARM Mali / Adreno (待确认),Android OEM(待确认),Android OEM(待确认),2022-01~2025-01(估算),"150~900(USD,估算)",入门级
Android,pa2553,79,,7108.333333,移动SoC(待确认),ARM Mali / Adreno (待确认),Android OEM(待确认),Android OEM(待确认),2022-01~2025-01(估算),"150~900(USD,估算)",入门级
Windows,HN-WX9X,70,AMD Ryzen 5 3500U with Radeon Vega Mobile Gfx  ,7105.566667,AMD Ryzen 5 3500U with Radeon Vega Mobile Gfx,Intel Iris Xe/集成显卡(待确认),PC OEM(待确认),PC OEM(待确认),待确认,待确认,入门级
Android,pclm10,89,,7103.583333,移动SoC(待确认),ARM Mali / Adreno (待确认),Android OEM(待确认),Android OEM(待确认),2022-01~2025-01(估算),"150~900(USD,估算)",主流级
Android,v2278a,75,,7088.916667,移动SoC(待确认),ARM Mali / Adreno (待确认),Android OEM(待确认),Android OEM(待确认),2022-01~2025-01(估算),"150~900(USD,估算)",入门级
Android,2509fpn0bc,95,qti sm8850  qcom,7088.65,qti sm8850  qcom,ARM Mali / Adreno (待确认),Android OEM(待确认),Android OEM(待确认),2022-01~2025-01(估算),"150~900(USD,估算)",旗舰级
Windows,System Product Name,97,Intel(R) Core(TM) i7-14700K,7073.966667,Intel(R) Core(TM) i7-14700K,Intel Iris Xe/集成显卡(待确认),PC OEM(待确认),PC OEM(待确认),待确认,待确认,旗舰级
Android,sm-n9700,87,samsung exynos 9825  exynos9825,7071.9,samsung exynos 9825  exynos9825,ARM Mali / Adreno (待确认),Samsung,Samsung,2022-01~2025-01(估算),"150~900(USD,估算)",主流级
Android,mix 2,84,qualcomm 835,7066.766667,qualcomm 835,ARM Mali / Adreno (待确认),Android OEM(待确认),Android OEM(待确认),2022-01~2025-01(估算),"150~900(USD,估算)",主流级
Android,pgw110,89,,7066.716667,移动SoC(待确认),ARM Mali / Adreno (待确认),Android OEM(待确认),Android OEM(待确认),2022-01~2025-01(估算),"150~900(USD,估算)",主流级
Android,22101316c,75,,7065.9,移动SoC(待确认),ARM Mali / Adreno (待确认),Android OEM(待确认),Android OEM(待确认),2022-01~2025-01(估算),"150~900(USD,估算)",入门级
Android,pkt110,79,,7064.916667,移动SoC(待确认),ARM Mali / Adreno (待确认),Android OEM(待确认),Android OEM(待确认),2022-01~2025-01(估算),"150~900(USD,估算)",入门级
Windows,81WB,70,Intel(R) Core(TM) i5-10210U CPU @ 1.60GHz,7059.016667,Intel(R) Core(TM) i5-10210U CPU @ 1.60GHz,Intel Iris Xe/集成显卡(待确认),Lenovo,Lenovo,2022-01~2023-01,699,入门级
Android,2206122sc,94,qualcomm 8+ gen 1,7056.016667,qualcomm 8+ gen 1,ARM Mali / Adreno (待确认),Android OEM(待确认),Android OEM(待确认),2022-01~2025-01(估算),"150~900(USD,估算)",高端级
Android,sm-n9860,69,,7055.433333,移动SoC(待确认),ARM Mali / Adreno (待确认),Samsung,Samsung,2022-01~2025-01(估算),"150~900(USD,估算)",基础级/待淘汰
Android,ebg-an00,-1,,7053.966667,移动SoC(待确认),ARM Mali / Adreno (待确认),Android OEM(待确认),Android OEM(待确认),2022-01~2025-01(估算),"150~900(USD,估算)",待确认配置
Android,25019pnf3c,93,qti sm8750  qcom,7053.766667,qti sm8750  qcom,ARM Mali / Adreno (待确认),Android OEM(待确认),Android OEM(待确认),2022-01~2025-01(估算),"150~900(USD,估算)",高端级
Android,noh-an01,88,Kirin 9000,7050.933333,Kirin 9000,ARM Mali / Adreno (待确认),Android OEM(待确认),Android OEM(待确认),2022-01~2025-01(估算),"150~900(USD,估算)",主流级
Android,pla-al10,86,hisilicon kirin  kirin9020,7036.083333,hisilicon kirin  kirin9020,ARM Mali / Adreno (待确认),Android OEM(待确认),Android OEM(待确认),2022-01~2025-01(估算),"150~900(USD,估算)",主流级
Android,p30_6771_u254_v1_8183_wifi_hd_k419,69,"MT8183, mt8183",7034.05,"MT8183, mt8183",ARM Mali / Adreno (待确认),Android OEM(待确认),Android OEM(待确认),2022-01~2025-01(估算),"150~900(USD,估算)",基础级/待淘汰
Android,oxf-an00,84,,7032.683333,移动SoC(待确认),ARM Mali / Adreno (待确认),Android OEM(待确认),Android OEM(待确认),2022-01~2025-01(估算),"150~900(USD,估算)",主流级
Android,2505drp06g,75,,7026.65,移动SoC(待确认),ARM Mali / Adreno (待确认),Android OEM(待确认),Android OEM(待确认),2022-01~2025-01(估算),"150~900(USD,估算)",入门级
Android,bzi-w20,77,,7022.283333,移动SoC(待确认),ARM Mali / Adreno (待确认),Android OEM(待确认),Android OEM(待确认),2022-01~2025-01(估算),"150~900(USD,估算)",入门级
Windows,GLO-NX6,93,AMD Ryzen 5 6600H with Radeon Graphics         ,7019.55,AMD Ryzen 5 6600H with Radeon Graphics,Intel Iris Xe/集成显卡(待确认),PC OEM(待确认),PC OEM(待确认),待确认,待确认,高端级
Android,m2007j3sc,89,qualcomm 865,7015.05,qualcomm 865,ARM Mali / Adreno (待确认),Android OEM(待确认),Android OEM(待确认),2022-01~2025-01(估算),"150~900(USD,估算)",主流级
Android,rky-an00,75,,7002.933333,移动SoC(待确认),ARM Mali / Adreno (待确认),Android OEM(待确认),Android OEM(待确认),2022-01~2025-01(估算),"150~900(USD,估算)",入门级
Android,v2168a,76,helio p60,6998.916667,helio p60,ARM Mali / Adreno (待确认),Android OEM(待确认),Android OEM(待确认),2022-01~2025-01(估算),"150~900(USD,估算)",入门级
Android,p30_5g,89,,6994.816667,移动SoC(待确认),ARM Mali / Adreno (待确认),Android OEM(待确认),Android OEM(待确认),2022-01~2025-01(估算),"150~900(USD,估算)",主流级
Android,readboy_c12,82,,6983.266667,移动SoC(待确认),ARM Mali / Adreno (待确认),Android OEM(待确认),Android OEM(待确认),2022-01~2025-01(估算),"150~900(USD,估算)",主流级
Windows,OptiPlex Micro 7010,76,13th Gen Intel(R) Core(TM) i5-13500T,6982.266667,13th Gen Intel(R) Core(TM) i5-13500T,Intel Iris Xe/集成显卡(待确认),PC OEM(待确认),PC OEM(待确认),待确认,待确认,入门级
Android,16s pro,89,,6979.366667,移动SoC(待确认),ARM Mali / Adreno (待确认),Android OEM(待确认),Android OEM(待确认),2022-01~2025-01(估算),"150~900(USD,估算)",主流级
Android,v2164a,75,,6976.066667,移动SoC(待确认),ARM Mali / Adreno (待确认),Android OEM(待确认),Android OEM(待确认),2022-01~2025-01(估算),"150~900(USD,估算)",入门级
Android,p108,72,,6974.916667,移动SoC(待确认),ARM Mali / Adreno (待确认),Android OEM(待确认),Android OEM(待确认),2022-01~2025-01(估算),"150~900(USD,估算)",入门级
Android,2211133c,93,", qcom",6970.4,", qcom",ARM Mali / Adreno (待确认),Android OEM(待确认),Android OEM(待确认),2022-01~2025-01(估算),"150~900(USD,估算)",高端级
Android,v2243a,93,,6964.05,移动SoC(待确认),ARM Mali / Adreno (待确认),Android OEM(待确认),Android OEM(待确认),2022-01~2025-01(估算),"150~900(USD,估算)",高端级
Android,2411drn47c,89,", qcom",6949.4,", qcom",ARM Mali / Adreno (待确认),Android OEM(待确认),Android OEM(待确认),2022-01~2025-01(估算),"150~900(USD,估算)",主流级
Android,tet-an50,88,,6945.55,移动SoC(待确认),ARM Mali / Adreno (待确认),Android OEM(待确认),Android OEM(待确认),2022-01~2025-01(估算),"150~900(USD,估算)",主流级
Android,bne-al00,83,qualcomm 680,6938.766667,qualcomm 680,ARM Mali / Adreno (待确认),Android OEM(待确认),Android OEM(待确认),2022-01~2025-01(估算),"150~900(USD,估算)",主流级
Android,jer-an10,86,kirin 985,6936.033333,kirin 985,ARM Mali / Adreno (待确认),Android OEM(待确认),Android OEM(待确认),2022-01~2025-01(估算),"150~900(USD,估算)",主流级
Android,bah-al00,82,Qualcomm 435,6926.966667,Qualcomm 435,ARM Mali / Adreno (待确认),Android OEM(待确认),Android OEM(待确认),2022-01~2025-01(估算),"150~900(USD,估算)",主流级
Android,perm10,89,,6914.783333,移动SoC(待确认),ARM Mali / Adreno (待确认),Android OEM(待确认),Android OEM(待确认),2022-01~2025-01(估算),"150~900(USD,估算)",主流级
Android,pkc110,79,,6910.616667,移动SoC(待确认),ARM Mali / Adreno (待确认),Android OEM(待确认),Android OEM(待确认),2022-01~2025-01(估算),"150~900(USD,估算)",入门级
Android,mha-al00,82,kirin 960,6905.033333,kirin 960,ARM Mali / Adreno (待确认),Android OEM(待确认),Android OEM(待确认),2022-01~2025-01(估算),"150~900(USD,估算)",主流级
Android,v2166a,75,,6898.3,移动SoC(待确认),ARM Mali / Adreno (待确认),Android OEM(待确认),Android OEM(待确认),2022-01~2025-01(估算),"150~900(USD,估算)",入门级
Windows,81M5,70,Intel(R) Core(TM) i5-10210U CPU @ 1.60GHz,6896.083333,Intel(R) Core(TM) i5-10210U CPU @ 1.60GHz,Intel Iris Xe/集成显卡(待确认),Lenovo,Lenovo,2022-01~2023-01,699,入门级
Android,yal-al00,86,kirin 980,6892.1,kirin 980,ARM Mali / Adreno (待确认),Android OEM(待确认),Android OEM(待确认),2022-01~2025-01(估算),"150~900(USD,估算)",主流级
Android,ags3k-al20,77,,6888.766667,移动SoC(待确认),ARM Mali / Adreno (待确认),Android OEM(待确认),Android OEM(待确认),2022-01~2025-01(估算),"150~900(USD,估算)",入门级
Android,pcdm10,77,helio p90,6883.183333,helio p90,ARM Mali / Adreno (待确认),Android OEM(待确认),Android OEM(待确认),2022-01~2025-01(估算),"150~900(USD,估算)",入门级
Windows,21EV,97,AMD Ryzen 7 6800H with Radeon Graphics         ,6881.85,AMD Ryzen 7 6800H with Radeon Graphics,Intel Iris Xe/集成显卡(待确认),Lenovo,Lenovo,2022-01~2023-01,699,旗舰级
Android,phv110,79,,6872.05,移动SoC(待确认),ARM Mali / Adreno (待确认),Android OEM(待确认),Android OEM(待确认),2022-01~2025-01(估算),"150~900(USD,估算)",入门级
Android,p771,72,,6858.216667,移动SoC(待确认),ARM Mali / Adreno (待确认),Android OEM(待确认),Android OEM(待确认),2022-01~2025-01(估算),"150~900(USD,估算)",入门级
Android,ady-al10,71,", Kirin9010E",6848.433333,", Kirin9010E",ARM Mali / Adreno (待确认),Android OEM(待确认),Android OEM(待确认),2022-01~2025-01(估算),"150~900(USD,估算)",入门级
Android,bal-al60,85,qualcomm 778g,6846.783333,qualcomm 778g,ARM Mali / Adreno (待确认),Android OEM(待确认),Android OEM(待确认),2022-01~2025-01(估算),"150~900(USD,估算)",主流级
Android,jef-an00,84,", kirin985",6846.383333,", kirin985",ARM Mali / Adreno (待确认),Android OEM(待确认),Android OEM(待确认),2022-01~2025-01(估算),"150~900(USD,估算)",主流级
Android,elz-an10,89,,6843.283333,移动SoC(待确认),ARM Mali / Adreno (待确认),Android OEM(待确认),Android OEM(待确认),2022-01~2025-01(估算),"150~900(USD,估算)",主流级
Android,hjc-lx9,75,helio p65,6839.766667,MediaTek Helio P65,ARM Mali-G52,Android OEM(待确认),Android OEM(待确认),2022-01~2025-01(估算),"150~900(USD,估算)",入门级
Android,aln-al10,90,kirin 9000S,6837.8,kirin 9000S,ARM Mali / Adreno (待确认),Android OEM(待确认),Android OEM(待确认),2022-01~2025-01(估算),"150~900(USD,估算)",高端级
Android,aln-al00,84,,6823.783333,移动SoC(待确认),ARM Mali / Adreno (待确认),Android OEM(待确认),Android OEM(待确认),2022-01~2025-01(估算),"150~900(USD,估算)",主流级
Android,ec-pad01 se,71,,6815.6,移动SoC(待确认),ARM Mali / Adreno (待确认),Android OEM(待确认),Android OEM(待确认),2022-01~2025-01(估算),"150~900(USD,估算)",入门级
Android,mi 8,89,,6791.416667,移动SoC(待确认),ARM Mali / Adreno (待确认),Android OEM(待确认),Android OEM(待确认),2022-01~2025-01(估算),"150~900(USD,估算)",主流级
Android,miz-bd00,85,qualcomm 778g,6785.233333,qualcomm 778g,ARM Mali / Adreno (待确认),Android OEM(待确认),Android OEM(待确认),2022-01~2025-01(估算),"150~900(USD,估算)",主流级
Windows,REDMI Book 16 2025(2.5K),88,Intel(R) Core(TM) 5 220H,6783.366667,Intel(R) Core(TM) 5 220H,Intel Iris Xe/集成显卡(待确认),PC OEM(待确认),PC OEM(待确认),待确认,待确认,主流级
Android,pls120,75,", mt6835",6775.166667,MediaTek Dimensity 6100+,ARM Mali GPU,Android OEM(待确认),Android OEM(待确认),2022-01~2025-01(估算),"150~900(USD,估算)",入门级
Android,btkz-al00,89,,6766.75,移动SoC(待确认),ARM Mali / Adreno (待确认),Huawei,Huawei,2022-01~2025-01(估算),"150~900(USD,估算)",主流级
Android,v2301a,92,qualcomm 8+ gen 1,6750.983333,qualcomm 8+ gen 1,ARM Mali / Adreno (待确认),Android OEM(待确认),Android OEM(待确认),2022-01~2025-01(估算),"150~900(USD,估算)",高端级
Android,v2506a,75,,6749.5,移动SoC(待确认),ARM Mali / Adreno (待确认),Android OEM(待确认),Android OEM(待确认),2022-01~2025-01(估算),"150~900(USD,估算)",入门级
Android,24031pn0dc,96,qualcomm 8 Gen 3,6747.866667,Qualcomm Snapdragon 8 Gen 3,Adreno GPU,Android OEM(待确认),Android OEM(待确认),2022-01~2025-01(估算),"150~900(USD,估算)",旗舰级
Android,v2334a,75,,6744.45,移动SoC(待确认),ARM Mali / Adreno (待确认),Android OEM(待确认),Android OEM(待确认),2022-01~2025-01(估算),"150~900(USD,估算)",入门级
iOS,"iPad8,6",88,,6744.2,Apple A/M系列芯片(待细化),Apple 自研GPU,Apple,Apple,待确认,待确认,主流级
Windows,82RG,97,AMD Ryzen 7 6800H with Radeon Graphics         ,6734.85,AMD Ryzen 7 6800H with Radeon Graphics,Intel Iris Xe/集成显卡(待确认),Lenovo,Lenovo,2022-01~2023-01,699,旗舰级
Windows,ENZH-XX,76,Intel(R) Core(TM) Ultra 7 155H,6734.133333,Intel(R) Core(TM) Ultra 7 155H,Intel Iris Xe/集成显卡(待确认),PC OEM(待确认),PC OEM(待确认),待确认,待确认,入门级
Android,v2415a,79,", mt6991",6727.433333,", mt6991",ARM Mali / Adreno (待确认),Android OEM(待确认),Android OEM(待确认),2022-01~2025-01(估算),"150~900(USD,估算)",入门级
Windows,82FF,76,11th Gen Intel(R) Core(TM) i5-1155G7 @ 2.50GHz,6726.733333,11th Gen Intel(R) Core(TM) i5-1155G7 @ 2.50GHz,Intel Iris Xe/集成显卡(待确认),Lenovo,Lenovo,2022-01~2023-01,699,入门级
Windows,"NHx0DB,DE",84,Intel(R) Core(TM) i7-10750H CPU @ 2.60GHz,6721.55,Intel(R) Core(TM) i7-10750H CPU @ 2.60GHz,Intel Iris Xe/集成显卡(待确认),PC OEM(待确认),PC OEM(待确认),待确认,待确认,主流级
Android,redmi note 9 pro,83,qualcomm 720g,6718.05,qualcomm 720g,ARM Mali / Adreno (待确认),Android OEM(待确认),Android OEM(待确认),2022-01~2025-01(估算),"150~900(USD,估算)",主流级
Windows,MS-7C10,78,Intel(R) Core(TM) i5-9400 CPU @ 2.90GHz,6717.45,Intel(R) Core(TM) i5-9400 CPU @ 2.90GHz,Intel Iris Xe/集成显卡(待确认),PC OEM(待确认),PC OEM(待确认),待确认,待确认,入门级
Android,lenovo tb-j607z,89,,6715.716667,移动SoC(待确认),ARM Mali / Adreno (待确认),Android OEM(待确认),Android OEM(待确认),2022-01~2025-01(估算),"150~900(USD,估算)",主流级
Windows,82L7,76,AMD Ryzen 7 5800U with Radeon Graphics         ,6705.333333,AMD Ryzen 7 5800U with Radeon Graphics,Intel Iris Xe/集成显卡(待确认),Lenovo,Lenovo,2022-01~2023-01,699,入门级
Android,pfem10,89,,6700.2,移动SoC(待确认),ARM Mali / Adreno (待确认),Android OEM(待确认),Android OEM(待确认),2022-01~2025-01(估算),"150~900(USD,估算)",主流级
Android,shr-an00,83,qualcomm 4 Gen 2,6684.616667,qualcomm 4 Gen 2,ARM Mali / Adreno (待确认),Android OEM(待确认),Android OEM(待确认),2022-01~2025-01(估算),"150~900(USD,估算)",主流级
Android,gla-al00,85,qualcomm 778g,6664.783333,qualcomm 778g,ARM Mali / Adreno (待确认),Android OEM(待确认),Android OEM(待确认),2022-01~2025-01(估算),"150~900(USD,估算)",主流级
Android,max-2.0,71,,6664.366667,移动SoC(待确认),ARM Mali / Adreno (待确认),Android OEM(待确认),Android OEM(待确认),2022-01~2025-01(估算),"150~900(USD,估算)",入门级
Android,hebe-bd00,89,,6651.083333,移动SoC(待确认),ARM Mali / Adreno (待确认),Android OEM(待确认),Android OEM(待确认),2022-01~2025-01(估算),"150~900(USD,估算)",主流级
Android,24018rpacg,93,,6648.466667,移动SoC(待确认),ARM Mali / Adreno (待确认),Android OEM(待确认),Android OEM(待确认),2022-01~2025-01(估算),"150~900(USD,估算)",高端级
Android,chl-an00,76,mediatek 700,6645.233333,mediatek 700,ARM Mali / Adreno (待确认),Android OEM(待确认),Android OEM(待确认),2022-01~2025-01(估算),"150~900(USD,估算)",入门级
Android,pdvm00,85,,6643.15,移动SoC(待确认),ARM Mali / Adreno (待确认),Android OEM(待确认),Android OEM(待确认),2022-01~2025-01(估算),"150~900(USD,估算)",主流级
Android,v2465a,92,mediatek 9300,6639.033333,mediatek 9300,ARM Mali / Adreno (待确认),Android OEM(待确认),Android OEM(待确认),2022-01~2025-01(估算),"150~900(USD,估算)",高端级
Android,v2166a,75,"MT6833V/ZA, mt6833",6636.883333,"MT6833V/ZA, mt6833",ARM Mali / Adreno (待确认),Android OEM(待确认),Android OEM(待确认),2022-01~2025-01(估算),"150~900(USD,估算)",入门级
Android,v2020ca,89,,6636.85,移动SoC(待确认),ARM Mali / Adreno (待确认),Android OEM(待确认),Android OEM(待确认),2022-01~2025-01(估算),"150~900(USD,估算)",主流级
Android,v2405a,86,mediatek mt6991  mt6991,6619.883333,mediatek mt6991  mt6991,ARM Mali / Adreno (待确认),Android OEM(待确认),Android OEM(待确认),2022-01~2025-01(估算),"150~900(USD,估算)",主流级
Android,x90,76,,6583.3,移动SoC(待确认),ARM Mali / Adreno (待确认),Android OEM(待确认),Android OEM(待确认),2022-01~2025-01(估算),"150~900(USD,估算)",入门级
Windows,ROG Strix G18 G814JIR_G814JIR,82,Intel(R) Core(TM) i9-14900HX,6567.983333,Intel(R) Core(TM) i9-14900HX,Intel Iris Xe/集成显卡(待确认),PC OEM(待确认),PC OEM(待确认),待确认,待确认,主流级
Android,v2502a,82,,6562.566667,移动SoC(待确认),ARM Mali / Adreno (待确认),Android OEM(待确认),Android OEM(待确认),2022-01~2025-01(估算),"150~900(USD,估算)",主流级
Android,v2410a,89,", qcom",6557.933333,", qcom",ARM Mali / Adreno (待确认),Android OEM(待确认),Android OEM(待确认),2022-01~2025-01(估算),"150~900(USD,估算)",主流级
Android,flc-an00,93,,6552.333333,移动SoC(待确认),ARM Mali / Adreno (待确认),Android OEM(待确认),Android OEM(待确认),2022-01~2025-01(估算),"150~900(USD,估算)",高端级
Android,readboy_c12pro,85,,6533.6,移动SoC(待确认),ARM Mali / Adreno (待确认),Android OEM(待确认),Android OEM(待确认),2022-01~2025-01(估算),"150~900(USD,估算)",主流级
Android,pkv110,75,,6523.8,移动SoC(待确认),ARM Mali / Adreno (待确认),Android OEM(待确认),Android OEM(待确认),2022-01~2025-01(估算),"150~900(USD,估算)",入门级
iOS,"iPad8,12",88,,6517.033333,Apple A/M系列芯片(待细化),Apple 自研GPU,Apple,Apple,待确认,待确认,主流级
Android,22011211c,87,mediatek 9000,6516.216667,mediatek 9000,ARM Mali / Adreno (待确认),Android OEM(待确认),Android OEM(待确认),2022-01~2025-01(估算),"150~900(USD,估算)",主流级
Android,pbem00,85,Qualcomm 670,6510.833333,Qualcomm 670,ARM Mali / Adreno (待确认),Android OEM(待确认),Android OEM(待确认),2022-01~2025-01(估算),"150~900(USD,估算)",主流级
Android,v1838a,85,Qualcomm 675,6509.9,Qualcomm 675,ARM Mali / Adreno (待确认),Android OEM(待确认),Android OEM(待确认),2022-01~2025-01(估算),"150~900(USD,估算)",主流级
Android,v2072a,75,"null, mt6893",6507.583333,"null, mt6893",ARM Mali / Adreno (待确认),Android OEM(待确认),Android OEM(待确认),2022-01~2025-01(估算),"150~900(USD,估算)",入门级
Windows,HP ZHAN 99 Pro G1 MT,78,Intel(R) Core(TM) i5-9500 CPU @ 3.00GHz,6481.416667,Intel(R) Core(TM) i5-9500 CPU @ 3.00GHz,Intel Iris Xe/集成显卡(待确认),HP,HP,2023-01,650,入门级
Windows,,78,13th Gen Intel(R) Core(TM) i5-13420H,6475.45,13th Gen Intel(R) Core(TM) i5-13420H,Intel Iris Xe/集成显卡(待确认),PC OEM(待确认),PC OEM(待确认),待确认,待确认,入门级
Android,pjf110,90,qualcomm 7+ Gen 3,6472.266667,qualcomm 7+ Gen 3,ARM Mali / Adreno (待确认),Android OEM(待确认),Android OEM(待确认),2022-01~2025-01(估算),"150~900(USD,估算)",高端级
Android,m2012k11ac,93,Qualcomm 865,6458.2,Qualcomm 865,ARM Mali / Adreno (待确认),Android OEM(待确认),Android OEM(待确认),2022-01~2025-01(估算),"150~900(USD,估算)",高端级
Windows,21E30076CD,76,12th Gen Intel(R) Core(TM) i5-1240P,6455.616667,12th Gen Intel(R) Core(TM) i5-1240P,Intel Iris Xe/集成显卡(待确认),Lenovo,Lenovo,2022-01~2023-01,699,入门级
Android,v2314a,79,,6454.233333,移动SoC(待确认),ARM Mali / Adreno (待确认),Android OEM(待确认),Android OEM(待确认),2022-01~2025-01(估算),"150~900(USD,估算)",入门级
Android,noh-al10,91,kirin 9000,6449.133333,kirin 9000,ARM Mali / Adreno (待确认),Android OEM(待确认),Android OEM(待确认),2022-01~2025-01(估算),"150~900(USD,估算)",高端级
Android,p759,75,,6445.933333,移动SoC(待确认),ARM Mali / Adreno (待确认),Android OEM(待确认),Android OEM(待确认),2022-01~2025-01(估算),"150~900(USD,估算)",入门级
Android,pehm00,85,"null, qcom",6435.9,"null, qcom",ARM Mali / Adreno (待确认),Android OEM(待确认),Android OEM(待确认),2022-01~2025-01(估算),"150~900(USD,估算)",主流级
Android,rky-an10,78,mediatek 6020,6418.15,mediatek 6020,ARM Mali / Adreno (待确认),Android OEM(待确认),Android OEM(待确认),2022-01~2025-01(估算),"150~900(USD,估算)",入门级
Android,hdn-l09,68,,6413.4,移动SoC(待确认),ARM Mali / Adreno (待确认),Android OEM(待确认),Android OEM(待确认),2022-01~2025-01(估算),"150~900(USD,估算)",基础级/待淘汰
Android,pfzm10,75,,6407.716667,移动SoC(待确认),ARM Mali / Adreno (待确认),Android OEM(待确认),Android OEM(待确认),2022-01~2025-01(估算),"150~900(USD,估算)",入门级
MAC,"MacBookPro15,2",62,,6401.833333,待确认,待确认,待确认,待确认,待确认,待确认,基础级/待淘汰
Android,24053py09c,92,qualcomm 8s Gen 3,6401.8,qualcomm 8s Gen 3,ARM Mali / Adreno (待确认),Android OEM(待确认),Android OEM(待确认),2022-01~2025-01(估算),"150~900(USD,估算)",高端级
Windows,DRA-XX,76,Intel(R) Core(TM) Ultra 5 125H,6400.266667,Intel(R) Core(TM) Ultra 5 125H,Intel Iris Xe/集成显卡(待确认),PC OEM(待确认),PC OEM(待确认),待确认,待确认,入门级
Android,dmg-w00,91,kirin 9000,6398.85,kirin 9000,ARM Mali / Adreno (待确认),Android OEM(待确认),Android OEM(待确认),2022-01~2025-01(估算),"150~900(USD,估算)",高端级
Android,tfy-an00,75,,6393.916667,移动SoC(待确认),ARM Mali / Adreno (待确认),Android OEM(待确认),Android OEM(待确认),2022-01~2025-01(估算),"150~900(USD,估算)",入门级
Android,plg110,88,mediatek mt6993  mt6993,6392.716667,mediatek mt6993  mt6993,ARM Mali / Adreno (待确认),Android OEM(待确认),Android OEM(待确认),2022-01~2025-01(估算),"150~900(USD,估算)",主流级
Windows,Dell G15 5530,82,13th Gen Intel(R) Core(TM) i5-13450HX,6373.816667,13th Gen Intel(R) Core(TM) i5-13450HX,Intel Iris Xe/集成显卡(待确认),PC OEM(待确认),PC OEM(待确认),待确认,待确认,主流级
Android,v2417a,79,,6373.166667,移动SoC(待确认),ARM Mali / Adreno (待确认),Android OEM(待确认),Android OEM(待确认),2022-01~2025-01(估算),"150~900(USD,估算)",入门级
Android,m2007j1sc,89,qualcomm 865,6363.233333,qualcomm 865,ARM Mali / Adreno (待确认),Android OEM(待确认),Android OEM(待确认),2022-01~2025-01(估算),"150~900(USD,估算)",主流级
Android,v2359a,92,mediatek 9300,6361.283333,mediatek 9300,ARM Mali / Adreno (待确认),Android OEM(待确认),Android OEM(待确认),2022-01~2025-01(估算),"150~900(USD,估算)",高端级
Android,pjw110,90,mediatek 9200,6360.5,mediatek 9200,ARM Mali / Adreno (待确认),Android OEM(待确认),Android OEM(待确认),2022-01~2025-01(估算),"150~900(USD,估算)",高端级
Android,v2073a,89,,6352.75,移动SoC(待确认),ARM Mali / Adreno (待确认),Android OEM(待确认),Android OEM(待确认),2022-01~2025-01(估算),"150~900(USD,估算)",主流级
Windows,System Product Name,77,Intel(R) Core(TM) i3-9100F CPU @ 3.60GHz,6344.716667,Intel(R) Core(TM) i3-9100F CPU @ 3.60GHz,Intel Iris Xe/集成显卡(待确认),PC OEM(待确认),PC OEM(待确认),待确认,待确认,入门级
Android,yxp u-2410a,72,,6339.316667,移动SoC(待确认),ARM Mali / Adreno (待确认),Android OEM(待确认),Android OEM(待确认),2022-01~2025-01(估算),"150~900(USD,估算)",入门级
Android,cmr-w19,68,,6332.666667,移动SoC(待确认),ARM Mali / Adreno (待确认),Android OEM(待确认),Android OEM(待确认),2022-01~2025-01(估算),"150~900(USD,估算)",基础级/待淘汰
Android,icl-al20,86,hisilicon kirin  kirin9020,6331.533333,hisilicon kirin  kirin9020,ARM Mali / Adreno (待确认),Android OEM(待确认),Android OEM(待确认),2022-01~2025-01(估算),"150~900(USD,估算)",主流级
Android,sm-t733,86,,6323.85,移动SoC(待确认),ARM Mali / Adreno (待确认),Samsung,Samsung,2022-01~2025-01(估算),"150~900(USD,估算)",主流级
Android,v1938ct,84,,6305.966667,移动SoC(待确认),ARM Mali / Adreno (待确认),Android OEM(待确认),Android OEM(待确认),2022-01~2025-01(估算),"150~900(USD,估算)",主流级
Android,foa-al00,89,Qualcomm 778G,6302.1,Qualcomm 778G,ARM Mali / Adreno (待确认),Android OEM(待确认),Android OEM(待确认),2022-01~2025-01(估算),"150~900(USD,估算)",主流级
Android,s43,71,,6289.133333,移动SoC(待确认),ARM Mali / Adreno (待确认),Android OEM(待确认),Android OEM(待确认),2022-01~2025-01(估算),"150~900(USD,估算)",入门级
Android,pjg110,75,"MT6877V/TTZA, mt6877",6276,"MT6877V/TTZA, mt6877",ARM Mali / Adreno (待确认),Android OEM(待确认),Android OEM(待确认),2022-01~2025-01(估算),"150~900(USD,估算)",入门级
Android,v2002a,80,Exynos 880,6274.066667,Exynos 880,ARM Mali / Adreno (待确认),Android OEM(待确认),Android OEM(待确认),2022-01~2025-01(估算),"150~900(USD,估算)",主流级
Android,hlk-al10,84,,6272.133333,移动SoC(待确认),ARM Mali / Adreno (待确认),Android OEM(待确认),Android OEM(待确认),2022-01~2025-01(估算),"150~900(USD,估算)",主流级
Android,25113pn0ec,95,qti sm8850  qcom,6264.816667,qti sm8850  qcom,ARM Mali / Adreno (待确认),Android OEM(待确认),Android OEM(待确认),2022-01~2025-01(估算),"150~900(USD,估算)",旗舰级
Windows,20T2A000CD,70,Intel(R) Core(TM) i5-10210U CPU @ 1.60GHz,6258.533333,Intel(R) Core(TM) i5-10210U CPU @ 1.60GHz,Intel Iris Xe/集成显卡(待确认),Lenovo,Lenovo,2022-01~2023-01,699,入门级
Android,x6a,71,,6257.733333,移动SoC(待确认),ARM Mali / Adreno (待确认),Android OEM(待确认),Android OEM(待确认),2022-01~2025-01(估算),"150~900(USD,估算)",入门级
Android,m2011k2c,89,qualcomm 888,6251.05,qualcomm 888,ARM Mali / Adreno (待确认),Android OEM(待确认),Android OEM(待确认),2022-01~2025-01(估算),"150~900(USD,估算)",主流级
Android,pgcm10,75,,6245.416667,移动SoC(待确认),ARM Mali / Adreno (待确认),Android OEM(待确认),Android OEM(待确认),2022-01~2025-01(估算),"150~900(USD,估算)",入门级
Windows,S40-53,76,11th Gen Intel(R) Core(TM) i5-1135G7 @ 2.40GHz,6241.3,11th Gen Intel(R) Core(TM) i5-1135G7 @ 2.40GHz,Intel Iris Xe/集成显卡(待确认),PC OEM(待确认),PC OEM(待确认),待确认,待确认,入门级
Android,m2012k10c,86,mediatek 1300,6240.05,mediatek 1300,ARM Mali / Adreno (待确认),Android OEM(待确认),Android OEM(待确认),2022-01~2025-01(估算),"150~900(USD,估算)",主流级
Android,rmx3995,81,mediatek mt6835  mt6835,6236.15,MediaTek Dimensity 6100+,ARM Mali GPU,Android OEM(待确认),Android OEM(待确认),2022-01~2025-01(估算),"150~900(USD,估算)",主流级
Android,21051182c,89,qualcomm 855,6235.05,qualcomm 855,ARM Mali / Adreno (待确认),Android OEM(待确认),Android OEM(待确认),2022-01~2025-01(估算),"150~900(USD,估算)",主流级
Android,m2012k10c,75,,6228.7,移动SoC(待确认),ARM Mali / Adreno (待确认),Android OEM(待确认),Android OEM(待确认),2022-01~2025-01(估算),"150~900(USD,估算)",入门级
Android,readboy_c25,89,,6220.016667,移动SoC(待确认),ARM Mali / Adreno (待确认),Android OEM(待确认),Android OEM(待确认),2022-01~2025-01(估算),"150~900(USD,估算)",主流级
Android,v2203a,89,qualcomm 865,6209.683333,qualcomm 865,ARM Mali / Adreno (待确认),Android OEM(待确认),Android OEM(待确认),2022-01~2025-01(估算),"150~900(USD,估算)",主流级
Android,v2048a,82,mediatek 820,6205.033333,mediatek 820,ARM Mali / Adreno (待确认),Android OEM(待确认),Android OEM(待确认),2022-01~2025-01(估算),"150~900(USD,估算)",主流级
Windows,OptiPlex 7080,93,Intel(R) Core(TM) i5-10500 CPU @ 3.10GHz,6199.333333,Intel(R) Core(TM) i5-10500 CPU @ 3.10GHz,Intel Iris Xe/集成显卡(待确认),PC OEM(待确认),PC OEM(待确认),待确认,待确认,高端级
Android,sm-x205c,65,,6197,移动SoC(待确认),ARM Mali / Adreno (待确认),Samsung,Samsung,2022-01~2025-01(估算),"150~900(USD,估算)",基础级/待淘汰
Android,m2007j17c,89,Qualcomm 750G,6191.933333,Qualcomm 750G,ARM Mali / Adreno (待确认),Android OEM(待确认),Android OEM(待确认),2022-01~2025-01(估算),"150~900(USD,估算)",主流级
Android,v2285a,75,,6181.1,移动SoC(待确认),ARM Mali / Adreno (待确认),Android OEM(待确认),Android OEM(待确认),2022-01~2025-01(估算),"150~900(USD,估算)",入门级
Android,mar-al00,84,,6172.816667,移动SoC(待确认),ARM Mali / Adreno (待确认),Android OEM(待确认),Android OEM(待确认),2022-01~2025-01(估算),"150~900(USD,估算)",主流级
Android,pjf110,89,,6169.366667,移动SoC(待确认),ARM Mali / Adreno (待确认),Android OEM(待确认),Android OEM(待确认),2022-01~2025-01(估算),"150~900(USD,估算)",主流级
MAC,"MacBookAir9,1",50,,6163.183333,待确认,待确认,待确认,待确认,待确认,待确认,基础级/待淘汰
Android,phy110,93,,6140.5,移动SoC(待确认),ARM Mali / Adreno (待确认),Android OEM(待确认),Android OEM(待确认),2022-01~2025-01(估算),"150~900(USD,估算)",高端级
Android,ver-an00,92,qualcomm 8+ gen 1,6136.566667,qualcomm 8+ gen 1,ARM Mali / Adreno (待确认),Android OEM(待确认),Android OEM(待确认),2022-01~2025-01(估算),"150~900(USD,估算)",高端级
Android,talih-bkl,72,,6135.433333,移动SoC(待确认),ARM Mali / Adreno (待确认),Huawei,Huawei,2022-01~2025-01(估算),"150~900(USD,估算)",入门级
Android,jsc-al50,79,kirin 710,6133.583333,kirin 710,ARM Mali / Adreno (待确认),Android OEM(待确认),Android OEM(待确认),2022-01~2025-01(估算),"150~900(USD,估算)",入门级
Android,sm-s9380,97,,6127.766667,移动SoC(待确认),ARM Mali / Adreno (待确认),Samsung,Samsung,2022-01~2025-01(估算),"150~900(USD,估算)",旗舰级
Android,v2284a,79,,6117.433333,移动SoC(待确认),ARM Mali / Adreno (待确认),Android OEM(待确认),Android OEM(待确认),2022-01~2025-01(估算),"150~900(USD,估算)",入门级
Android,nx609j,89,Qualcomm 835,6113.233333,Qualcomm 835,ARM Mali / Adreno (待确认),Android OEM(待确认),Android OEM(待确认),2022-01~2025-01(估算),"150~900(USD,估算)",主流级
Android,pdsm00,82,mediatek 1000+,6098.016667,mediatek 1000+,ARM Mali / Adreno (待确认),Android OEM(待确认),Android OEM(待确认),2022-01~2025-01(估算),"150~900(USD,估算)",主流级
Windows,20KNA004CD,64,Intel(R) Core(TM) i5-8250U CPU @ 1.60GHz,6097.783333,Intel(R) Core(TM) i5-8250U CPU @ 1.60GHz,Intel Iris Xe/集成显卡(待确认),Lenovo,Lenovo,2022-01~2023-01,699,基础级/待淘汰
Android,jad-al00,89,qualcomm 888,6093.066667,qualcomm 888,ARM Mali / Adreno (待确认),Android OEM(待确认),Android OEM(待确认),2022-01~2025-01(估算),"150~900(USD,估算)",主流级
Android,p800,68,,6078.75,移动SoC(待确认),ARM Mali / Adreno (待确认),Android OEM(待确认),Android OEM(待确认),2022-01~2025-01(估算),"150~900(USD,估算)",基础级/待淘汰
Android,pffm10,89,,6078.383333,移动SoC(待确认),ARM Mali / Adreno (待确认),Android OEM(待确认),Android OEM(待确认),2022-01~2025-01(估算),"150~900(USD,估算)",主流级
Android,v2002a,80,,6070.5,移动SoC(待确认),ARM Mali / Adreno (待确认),Android OEM(待确认),Android OEM(待确认),2022-01~2025-01(估算),"150~900(USD,估算)",主流级
Windows,82UT,88,12th Gen Intel(R) Core(TM) i5-12500H,6068.133333,12th Gen Intel(R) Core(TM) i5-12500H,Intel Iris Xe/集成显卡(待确认),Lenovo,Lenovo,2022-01~2023-01,699,主流级
Android,sm-f7210,93,", qcom",6063.666667,", qcom",ARM Mali / Adreno (待确认),Samsung,Samsung,2022-01~2025-01(估算),"150~900(USD,估算)",高端级
Android,pgp110,93,,6060.966667,移动SoC(待确认),ARM Mali / Adreno (待确认),Android OEM(待确认),Android OEM(待确认),2022-01~2025-01(估算),"150~900(USD,估算)",高端级
Windows,21M7A002CD,76,Intel(R) Core(TM) Ultra 5 125H,6060.15,Intel(R) Core(TM) Ultra 5 125H,Intel Iris Xe/集成显卡(待确认),Lenovo,Lenovo,2022-01~2023-01,699,入门级
Android,m2101k9c,89,,6057.733333,移动SoC(待确认),ARM Mali / Adreno (待确认),Android OEM(待确认),Android OEM(待确认),2022-01~2025-01(估算),"150~900(USD,估算)",主流级
iOS,"iPad13,4",-1,,6056.55,M1,Apple GPU (8-core),Apple,Apple,2021-05,799,待确认配置
Android,v2353a,89,,6055.733333,移动SoC(待确认),ARM Mali / Adreno (待确认),Android OEM(待确认),Android OEM(待确认),2022-01~2025-01(估算),"150~900(USD,估算)",主流级
Android,jsn-al00a,80,kirin 710,6055.233333,kirin 710,ARM Mali / Adreno (待确认),Android OEM(待确认),Android OEM(待确认),2022-01~2025-01(估算),"150~900(USD,估算)",主流级
Android,cma-an00,75,"MT6833V/ZA, mt6833",6053.616667,"MT6833V/ZA, mt6833",ARM Mali / Adreno (待确认),Android OEM(待确认),Android OEM(待确认),2022-01~2025-01(估算),"150~900(USD,估算)",入门级
Android,2409brn2ca,72,", mt6768",6051.9,", mt6768",ARM Mali / Adreno (待确认),Android OEM(待确认),Android OEM(待确认),2022-01~2025-01(估算),"150~900(USD,估算)",入门级
Android,x200 pro,81,spreadtrum t620 unisoc t620 ums9230_1h10,6047.633333,UNISOC T615,ARM Mali-G57,Android OEM(待确认),Android OEM(待确认),2022-01~2025-01(估算),"150~900(USD,估算)",主流级
Android,v2207a,75,,6037.8,移动SoC(待确认),ARM Mali / Adreno (待确认),Android OEM(待确认),Android OEM(待确认),2022-01~2025-01(估算),"150~900(USD,估算)",入门级
Android,25067pye3c,89,qti sm8735  qcom,6037.466667,qti sm8735  qcom,ARM Mali / Adreno (待确认),Android OEM(待确认),Android OEM(待确认),2022-01~2025-01(估算),"150~900(USD,估算)",主流级
MAC,"Mac15,6",-1,,6036.2,待确认,待确认,待确认,待确认,待确认,待确认,待确认配置
iOS,"iPhone18,3",66,,6025.583333,Apple A系列芯片(待细化),Apple 自研GPU,Apple,Apple,待确认,待确认,基础级/待淘汰
Android,sht-al09,68,,6025.483333,移动SoC(待确认),ARM Mali / Adreno (待确认),Android OEM(待确认),Android OEM(待确认),2022-01~2025-01(估算),"150~900(USD,估算)",基础级/待淘汰
Android,oppo r11,80,qualcomm 660,6024.183333,qualcomm 660,ARM Mali / Adreno (待确认),Android OEM(待确认),Android OEM(待确认),2022-01~2025-01(估算),"150~900(USD,估算)",主流级
Android,pjd110,93,,6018.716667,移动SoC(待确认),ARM Mali / Adreno (待确认),Android OEM(待确认),Android OEM(待确认),2022-01~2025-01(估算),"150~900(USD,估算)",高端级
Android,pkz110,79,", mt6899",6018.633333,", mt6899",ARM Mali / Adreno (待确认),Android OEM(待确认),Android OEM(待确认),2022-01~2025-01(估算),"150~900(USD,估算)",入门级
Android,tb351fu,75,,6018.2,移动SoC(待确认),ARM Mali / Adreno (待确认),Android OEM(待确认),Android OEM(待确认),2022-01~2025-01(估算),"150~900(USD,估算)",入门级
Android,rk3588_s,85,rockchip rk3588  rk30board,6016.233333,rockchip rk3588  rk30board,ARM Mali / Adreno (待确认),Android OEM(待确认),Android OEM(待确认),2022-01~2025-01(估算),"150~900(USD,估算)",主流级
Android,24117rk2cc,93,", qcom",6013.1,", qcom",ARM Mali / Adreno (待确认),Android OEM(待确认),Android OEM(待确认),2022-01~2025-01(估算),"150~900(USD,估算)",高端级
Windows,82L7,78,AMD Ryzen 5 5600U with Radeon Graphics         ,6006.683333,AMD Ryzen 5 5600U with Radeon Graphics,Intel Iris Xe/集成显卡(待确认),Lenovo,Lenovo,2022-01~2023-01,699,入门级
Android,pesm10,89,Qualcomm 680,6006.5,Qualcomm 680,ARM Mali / Adreno (待确认),Android OEM(待确认),Android OEM(待确认),2022-01~2025-01(估算),"150~900(USD,估算)",主流级
Android,hed-al00,71,"HUAWEI Kirin9010S, Kirin9010S",5997.6,"HUAWEI Kirin9010S, Kirin9010S",ARM Mali / Adreno (待确认),Android OEM(待确认),Android OEM(待确认),2022-01~2025-01(估算),"150~900(USD,估算)",入门级
Android,v2337a,93,,5997.55,移动SoC(待确认),ARM Mali / Adreno (待确认),Android OEM(待确认),Android OEM(待确认),2022-01~2025-01(估算),"150~900(USD,估算)",高端级
Windows,EMD-WXX,85,11th Gen Intel(R) Core(TM) i5-11300H @ 3.10GHz,5993.066667,11th Gen Intel(R) Core(TM) i5-11300H @ 3.10GHz,Intel Iris Xe/集成显卡(待确认),PC OEM(待确认),PC OEM(待确认),待确认,待确认,主流级
Android,mix 3,87,qualcomm 845,5990.8,qualcomm 845,ARM Mali / Adreno (待确认),Android OEM(待确认),Android OEM(待确认),2022-01~2025-01(估算),"150~900(USD,估算)",主流级
Android,redmi note 7 pro,80,qualcomm 675,5983.6,qualcomm 675,ARM Mali / Adreno (待确认),Android OEM(待确认),Android OEM(待确认),2022-01~2025-01(估算),"150~900(USD,估算)",主流级
Android,sdy-an00,75,"MT6895Z/CZA, mt6895",5980.166667,"MT6895Z/CZA, mt6895",ARM Mali / Adreno (待确认),Android OEM(待确认),Android OEM(待确认),2022-01~2025-01(估算),"150~900(USD,估算)",入门级
Android,zte 7541n,75,Unisoc T760,5964.966667,Unisoc T760,ARM Mali / Adreno (待确认),Android OEM(待确认),Android OEM(待确认),2022-01~2025-01(估算),"150~900(USD,估算)",入门级
Android,v2343a,89,,5959.2,移动SoC(待确认),ARM Mali / Adreno (待确认),Android OEM(待确认),Android OEM(待确认),2022-01~2025-01(估算),"150~900(USD,估算)",主流级
Android,v2352a,89,", qcom",5956.25,", qcom",ARM Mali / Adreno (待确认),Android OEM(待确认),Android OEM(待确认),2022-01~2025-01(估算),"150~900(USD,估算)",主流级
Windows,ASUS Adolbook 14 M5406UA_ADOL14UA,97,AMD Ryzen 9 8945H w/ Radeon 780M Graphics,5955.883333,AMD Ryzen 9 8945H w/ Radeon 780M Graphics,Intel Iris Xe/集成显卡(待确认),PC OEM(待确认),PC OEM(待确认),待确认,待确认,旗舰级
Android,blk-al00,71,,5955.466667,移动SoC(待确认),ARM Mali / Adreno (待确认),Android OEM(待确认),Android OEM(待确认),2022-01~2025-01(估算),"150~900(USD,估算)",入门级
Android,9081x,69,,5950.783333,移动SoC(待确认),ARM Mali / Adreno (待确认),Android OEM(待确认),Android OEM(待确认),2022-01~2025-01(估算),"150~900(USD,估算)",基础级/待淘汰
Windows,Surface Pro 8,82,11th Gen Intel(R) Core(TM) i7-1185G7 @ 3.00GHz,5950.55,11th Gen Intel(R) Core(TM) i7-1185G7 @ 3.00GHz,Intel Iris Xe/集成显卡(待确认),PC OEM(待确认),PC OEM(待确认),待确认,待确认,主流级
Android,pkl110,75,", mt6835",5942.833333,MediaTek Dimensity 6100+,ARM Mali GPU,Android OEM(待确认),Android OEM(待确认),2022-01~2025-01(估算),"150~900(USD,估算)",入门级
Android,2201123c,89,,5940.216667,移动SoC(待确认),ARM Mali / Adreno (待确认),Android OEM(待确认),Android OEM(待确认),2022-01~2025-01(估算),"150~900(USD,估算)",主流级
Android,pju110,75,"MT6833, mt6833",5937.316667,"MT6833, mt6833",ARM Mali / Adreno (待确认),Android OEM(待确认),Android OEM(待确认),2022-01~2025-01(估算),"150~900(USD,估算)",入门级
Android,tet-an00,88,,5935.75,移动SoC(待确认),ARM Mali / Adreno (待确认),Android OEM(待确认),Android OEM(待确认),2022-01~2025-01(估算),"150~900(USD,估算)",主流级
Android,aqm-al10,85,vendor kirin810 kirin810,5922.8,vendor kirin810 kirin810,ARM Mali / Adreno (待确认),Android OEM(待确认),Android OEM(待确认),2022-01~2025-01(估算),"150~900(USD,估算)",主流级
Android,pjg110,82,mediatek 1080,5916.966667,mediatek 1080,ARM Mali / Adreno (待确认),Android OEM(待确认),Android OEM(待确认),2022-01~2025-01(估算),"150~900(USD,估算)",主流级
Android,tdt-ma01,75,,5903.933333,移动SoC(待确认),ARM Mali / Adreno (待确认),Android OEM(待确认),Android OEM(待确认),2022-01~2025-01(估算),"150~900(USD,估算)",入门级
Android,pkw110,75,,5899.516667,移动SoC(待确认),ARM Mali / Adreno (待确认),Android OEM(待确认),Android OEM(待确认),2022-01~2025-01(估算),"150~900(USD,估算)",入门级
Android,jsn-al00,81,kirin 710,5898,kirin 710,ARM Mali / Adreno (待确认),Android OEM(待确认),Android OEM(待确认),2022-01~2025-01(估算),"150~900(USD,估算)",主流级
Windows,NDZ-WXX9,76,11th Gen Intel(R) Core(TM) i5-1135G7 @ 2.40GHz,5897.616667,11th Gen Intel(R) Core(TM) i5-1135G7 @ 2.40GHz,Intel Iris Xe/集成显卡(待确认),PC OEM(待确认),PC OEM(待确认),待确认,待确认,入门级
Android,v2323a,89,", qcom",5894.466667,", qcom",ARM Mali / Adreno (待确认),Android OEM(待确认),Android OEM(待确认),2022-01~2025-01(估算),"150~900(USD,估算)",主流级
Android,pfdm00,75,,5894.2,移动SoC(待确认),ARM Mali / Adreno (待确认),Android OEM(待确认),Android OEM(待确认),2022-01~2025-01(估算),"150~900(USD,估算)",入门级
Android,2201122c,89,,5885.783333,移动SoC(待确认),ARM Mali / Adreno (待确认),Android OEM(待确认),Android OEM(待确认),2022-01~2025-01(估算),"150~900(USD,估算)",主流级
Android,pdam10,85,"Qualcomm Technologies, Inc SDM665, qcom",5876.116667,"Qualcomm Technologies, Inc SDM665, qcom",ARM Mali / Adreno (待确认),Android OEM(待确认),Android OEM(待确认),2022-01~2025-01(估算),"150~900(USD,估算)",主流级
Android,psd-al00,71,,5874.366667,移动SoC(待确认),ARM Mali / Adreno (待确认),Android OEM(待确认),Android OEM(待确认),2022-01~2025-01(估算),"150~900(USD,估算)",入门级
Windows,System Product Name,97,Intel(R) Core(TM) i5-14600KF,5870.833333,Intel(R) Core(TM) i5-14600KF,Intel Iris Xe/集成显卡(待确认),PC OEM(待确认),PC OEM(待确认),待确认,待确认,旗舰级
Android,pdsm00,75,,5863.866667,移动SoC(待确认),ARM Mali / Adreno (待确认),Android OEM(待确认),Android OEM(待确认),2022-01~2025-01(估算),"150~900(USD,估算)",入门级
Windows,Alienware x16 R1,88,13th Gen Intel(R) Core(TM) i9-13900HK,5863.15,13th Gen Intel(R) Core(TM) i9-13900HK,Intel Iris Xe/集成显卡(待确认),PC OEM(待确认),PC OEM(待确认),待确认,待确认,主流级
Android,brp-an80,89,,5862.516667,移动SoC(待确认),ARM Mali / Adreno (待确认),Android OEM(待确认),Android OEM(待确认),2022-01~2025-01(估算),"150~900(USD,估算)",主流级
Android,m2004j7ac,75,"MT6875, mt6873",5855.416667,"MT6875, mt6873",ARM Mali / Adreno (待确认),Android OEM(待确认),Android OEM(待确认),2022-01~2025-01(估算),"150~900(USD,估算)",入门级
Android,mi pad 4,80,qualcomm 660,5852.95,qualcomm 660,ARM Mali / Adreno (待确认),Android OEM(待确认),Android OEM(待确认),2022-01~2025-01(估算),"150~900(USD,估算)",主流级
Android,23078rkd5c,90,mediatek 9200,5851.866667,mediatek 9200,ARM Mali / Adreno (待确认),Android OEM(待确认),Android OEM(待确认),2022-01~2025-01(估算),"150~900(USD,估算)",高端级
Android,24075rp89g,77,mediatek mt8786v/n  mt8786,5844.416667,mediatek mt8786v/n  mt8786,ARM Mali / Adreno (待确认),Android OEM(待确认),Android OEM(待确认),2022-01~2025-01(估算),"150~900(USD,估算)",入门级
Android,22011211c,75,,5839.783333,移动SoC(待确认),ARM Mali / Adreno (待确认),Android OEM(待确认),Android OEM(待确认),2022-01~2025-01(估算),"150~900(USD,估算)",入门级
Android,tb321fu,93,,5836.75,移动SoC(待确认),ARM Mali / Adreno (待确认),Android OEM(待确认),Android OEM(待确认),2022-01~2025-01(估算),"150~900(USD,估算)",高端级
Windows,HP Laptop 15s-du1xxx,70,Intel(R) Core(TM) i7-10510U CPU @ 1.80GHz,5830.583333,Intel(R) Core(TM) i7-10510U CPU @ 1.80GHz,Intel Iris Xe/集成显卡(待确认),HP,HP,2023-01,650,入门级
Android,hma-al00,84,Kirin 980,5830.266667,Kirin 980,ARM Mali / Adreno (待确认),Android OEM(待确认),Android OEM(待确认),2022-01~2025-01(估算),"150~900(USD,估算)",主流级
Android,v2279a,75,", mt6833",5827.033333,", mt6833",ARM Mali / Adreno (待确认),Android OEM(待确认),Android OEM(待确认),2022-01~2025-01(估算),"150~900(USD,估算)",入门级
Android,pcam00,89,,5808.35,移动SoC(待确认),ARM Mali / Adreno (待确认),Android OEM(待确认),Android OEM(待确认),2022-01~2025-01(估算),"150~900(USD,估算)",主流级
Android,m2101k9c,85,qualcomm 780g,5807.45,qualcomm 780g,ARM Mali / Adreno (待确认),Android OEM(待确认),Android OEM(待确认),2022-01~2025-01(估算),"150~900(USD,估算)",主流级
Android,mis-al00,86,kirin 8000,5805.45,kirin 8000,ARM Mali / Adreno (待确认),Android OEM(待确认),Android OEM(待确认),2022-01~2025-01(估算),"150~900(USD,估算)",主流级
Android,plb110,86,mediatek mt6991  mt6991,5802.683333,mediatek mt6991  mt6991,ARM Mali / Adreno (待确认),Android OEM(待确认),Android OEM(待确认),2022-01~2025-01(估算),"150~900(USD,估算)",主流级
Android,pacm00,75,helio p60,5801.883333,helio p60,ARM Mali / Adreno (待确认),Android OEM(待确认),Android OEM(待确认),2022-01~2025-01(估算),"150~900(USD,估算)",入门级
Android,v2054a,85,Qualcomm 480,5797.766667,Qualcomm 480,ARM Mali / Adreno (待确认),Android OEM(待确认),Android OEM(待确认),2022-01~2025-01(估算),"150~900(USD,估算)",主流级
Android,p600,74,,5795.15,移动SoC(待确认),ARM Mali / Adreno (待确认),Android OEM(待确认),Android OEM(待确认),2022-01~2025-01(估算),"150~900(USD,估算)",入门级
Android,dvd-an00,88,qualcomm 7 Gen 3,5780.333333,qualcomm 7 Gen 3,ARM Mali / Adreno (待确认),Android OEM(待确认),Android OEM(待确认),2022-01~2025-01(估算),"150~900(USD,估算)",主流级
Android,23049rad8c,89,", qcom",5779.833333,", qcom",ARM Mali / Adreno (待确认),Android OEM(待确认),Android OEM(待确认),2022-01~2025-01(估算),"150~900(USD,估算)",主流级
Android,pdpm00,89,,5771.916667,移动SoC(待确认),ARM Mali / Adreno (待确认),Android OEM(待确认),Android OEM(待确认),2022-01~2025-01(估算),"150~900(USD,估算)",主流级
Windows,GL553VD,68,Intel(R) Core(TM) i5-7300HQ CPU @ 2.50GHz,5771.833333,Intel(R) Core(TM) i5-7300HQ CPU @ 2.50GHz,Intel Iris Xe/集成显卡(待确认),PC OEM(待确认),PC OEM(待确认),待确认,待确认,基础级/待淘汰
Android,tfy-an40,80,mediatek 810,5758.766667,mediatek 810,ARM Mali / Adreno (待确认),Android OEM(待确认),Android OEM(待确认),2022-01~2025-01(估算),"150~900(USD,估算)",主流级
Android,v2417a,92,mediatek 9300,5757.916667,mediatek 9300,ARM Mali / Adreno (待确认),Android OEM(待确认),Android OEM(待确认),2022-01~2025-01(估算),"150~900(USD,估算)",高端级
Android,pedm00,89,qualcomm 865,5754.733333,qualcomm 865,ARM Mali / Adreno (待确认),Android OEM(待确认),Android OEM(待确认),2022-01~2025-01(估算),"150~900(USD,估算)",主流级
MAC,"MacBookAir9,1",56,,5754.166667,待确认,待确认,待确认,待确认,待确认,待确认,基础级/待淘汰
Windows,To be filled by O.E.M.,85,Intel(R) Core(TM) i7-6700 CPU @ 3.40GHz,5747.35,Intel(R) Core(TM) i7-6700 CPU @ 3.40GHz,Intel Iris Xe/集成显卡(待确认),PC OEM(待确认),PC OEM(待确认),待确认,待确认,主流级
Android,iplay40,68,,5745.733333,移动SoC(待确认),ARM Mali / Adreno (待确认),Android OEM(待确认),Android OEM(待确认),2022-01~2025-01(估算),"150~900(USD,估算)",基础级/待淘汰
Android,p717,75,,5726.433333,移动SoC(待确认),ARM Mali / Adreno (待确认),Android OEM(待确认),Android OEM(待确认),2022-01~2025-01(估算),"150~900(USD,估算)",入门级
Android,mao-al00,89,,5718.55,移动SoC(待确认),ARM Mali / Adreno (待确认),Android OEM(待确认),Android OEM(待确认),2022-01~2025-01(估算),"150~900(USD,估算)",主流级
Android,v2199a,89,qualcomm 865,5718.233333,qualcomm 865,ARM Mali / Adreno (待确认),Android OEM(待确认),Android OEM(待确认),2022-01~2025-01(估算),"150~900(USD,估算)",主流级
Android,hjc-an90,77,mediatek 800u,5715.966667,mediatek 800u,ARM Mali / Adreno (待确认),Android OEM(待确认),Android OEM(待确认),2022-01~2025-01(估算),"150~900(USD,估算)",入门级
Android,pgp110,93,", qcom",5715.916667,", qcom",ARM Mali / Adreno (待确认),Android OEM(待确认),Android OEM(待确认),2022-01~2025-01(估算),"150~900(USD,估算)",高端级
Windows,83HM,70,Intel(R) Core(TM) Ultra 7 258V,5714.566667,Intel(R) Core(TM) Ultra 7 258V,Intel Iris Xe/集成显卡(待确认),Lenovo,Lenovo,2022-01~2023-01,699,入门级
Android,22041216c,75,,5705.083333,移动SoC(待确认),ARM Mali / Adreno (待确认),Android OEM(待确认),Android OEM(待确认),2022-01~2025-01(估算),"150~900(USD,估算)",入门级
Android,lna-al00,89,", qcom",5701.733333,", qcom",ARM Mali / Adreno (待确认),Android OEM(待确认),Android OEM(待确认),2022-01~2025-01(估算),"150~900(USD,估算)",主流级
Windows,Redmi Book 16 2024 (Gen13 CPU FHD),78,13th Gen Intel(R) Core(TM) i5-13420H,5700.1,13th Gen Intel(R) Core(TM) i5-13420H,Intel Iris Xe/集成显卡(待确认),PC OEM(待确认),PC OEM(待确认),待确认,待确认,入门级
Android,v2509a,82,,5699.833333,移动SoC(待确认),ARM Mali / Adreno (待确认),Android OEM(待确认),Android OEM(待确认),2022-01~2025-01(估算),"150~900(USD,估算)",主流级
Windows,Inspiron 7590,84,Intel(R) Core(TM) i7-9750H CPU @ 2.60GHz,5698.266667,Intel(R) Core(TM) i7-9750H CPU @ 2.60GHz,Intel Iris Xe/集成显卡(待确认),PC OEM(待确认),PC OEM(待确认),待确认,待确认,主流级
Android,rmx3888,93,,5688.933333,移动SoC(待确认),ARM Mali / Adreno (待确认),Android OEM(待确认),Android OEM(待确认),2022-01~2025-01(估算),"150~900(USD,估算)",高端级
Android,pdkm00,72,,5687.233333,移动SoC(待确认),ARM Mali / Adreno (待确认),Android OEM(待确认),Android OEM(待确认),2022-01~2025-01(估算),"150~900(USD,估算)",入门级
Windows,KLVF-XX,82,12th Gen Intel(R) Core(TM) i7-1260P,5687,12th Gen Intel(R) Core(TM) i7-1260P,Intel Iris Xe/集成显卡(待确认),PC OEM(待确认),PC OEM(待确认),待确认,待确认,主流级
