os	device_type	device_score	device_cpu	ip_domain	 Native视频发流切片时长 
iOS	"iPhone15,4"	96		East_Asia	3598505.4
iOS	"iPhone12,1"	90		China_Mainland	3564966.267
Android	dt15pa	72		China_Mainland	3048538.75
iOS	"iPhone17,3"	100		East_Asia	2568081.267
iOS	"iPad7,11"	84		China_Mainland	2481153.633
iOS	"iPad11,6"	88		China_Mainland	2451345.65
Windows	HP 240R 14 inch G9 Notebook PC	50	13th Gen Intel(R) Core(TM) i5-1335U	China_Mainland	2401052.25
iOS	"iPhone14,7"	94		East_Asia	2323788.35
iOS	"iPad12,1"	90		China_Mainland	2104240.033
Android	dby-w09	89		China_Mainland	2082455.633
Android	btk-w00	89		China_Mainland	1956559.05
Android	sm-s156v	78	mediatek mt6835  mt6835	North_America	1954277.833
iOS	"iPad7,5"	84		China_Mainland	1918728.017
iOS	"iPhone14,5"	94		East_Asia	1879626.05
iOS	"iPhone13,2"	92		China_Mainland	1795404.6
Android	talih-pd1	72		China_Mainland	1786472.367
iOS	"iPhone17,1"	100		East_Asia	1765456.667
Android	talih-pd2	75		China_Mainland	1656057.933
Android	moto g22	75	helio p35	Europe	1585361.917
iOS	"iPhone14,5"	94		North_America	1529952.817
iOS	"iPhone12,1"	90		South_America	1524596.25
iOS	"iPhone14,5"	94		China_Mainland	1484651.35
Android	talih-pd2p	75		China_Mainland	1386856.217
Android	xtw31	71		China_Mainland	1356445.467
iOS	"iPhone12,1"	90		North_America	1337678.833
Windows	21JKA01MCD	76	13th Gen Intel(R) Core(TM) i5-1340P	China_Mainland	1307711.367
Android	tgr-w10	71		China_Mainland	1299955.467
iOS	"iPhone16,1"	98		East_Asia	1286823.5
iOS	"iPhone14,5"	94		South_America	1220263.967
iOS	"iPhone16,2"	98		North_America	1200704.383
iOS	"iPhone14,7"	94		North_America	1106968.05
iOS	"iPad11,3"	88		China_Mainland	1070337.6
iOS	"iPhone13,2"	92		East_Asia	1038169.533
iOS	"iPhone15,4"	96		North_America	979348.8167
iOS	"iPhone15,2"	96		East_Asia	971957.1
iOS	"iPhone14,3"	94		North_America	959747.7167
Android	2211133c	87	"qualcomm technologies, inc kona-iot qcom"	China_Mainland	943599.8
iOS	"iPhone12,1"	90		East_Asia	916080.6333
iOS	"iPhone11,8"	88		China_Mainland	906715.1333
iOS	"iPhone17,2"	100		North_America	899911.3333
Android	moto g - 2025	79	mediatek mt6835  mt6835	North_America	877659.3
iOS	"iPhone18,3"	-1		East_Asia	857381.0833
iOS	"iPhone17,2"	100		East_Asia	855552.1167
Android	btkr-w00	71		China_Mainland	819874.9167
Android	talih-pd3u	75		China_Mainland	813885.5333
iOS	"iPad13,16"	92		China_Mainland	804557.4667
iOS	"iPhone15,3"	96		North_America	802884.3333
iOS	"iPhone16,2"	98		East_Asia	798819.5833
Android	dbr-w10	93		China_Mainland	790093.45
iOS	"iPhone18,1"	-1		East_Asia	761619.1833
Android	tc02a	69		China_Mainland	744045.55
Windows	15U50P-KP50ML	76	11th Gen Intel(R) Core(TM) i5-1135G7 @ 2.40GHz	East_Asia	740058.4833
Android	dby2-w00	89		China_Mainland	729470.2667
Windows	83CH	50	12th Gen Intel(R) Core(TM) i5-1235U	China_Mainland	720836.7333
iOS	"iPhone17,5"	100		East_Asia	718448.5667
Android	scm-w09	81		China_Mainland	705065.1333
Android	bah3-w59	84		China_Mainland	704383.25
Android	cph2467	83	qualcomm 695	India	701892.5333
iOS	"iPhone17,4"	100		North_America	699293.7333
Android	mrr-w29	93		China_Mainland	698533.4833
Android	v2111	73	"MT6765V/CB, mt6765"	South_Asia	685296.7333
Android	cph2269	73	"MT6765G, mt6765"	South_Asia	668110.7667
iOS	"iPhone17,3"	100		North_America	666038.5833
Android	talih-pd2a	75		China_Mainland	660080.4667
Android	s6	89		China_Mainland	650130.0167
iOS	"iPad13,4"	92		China_Mainland	642235.6333
Android	ags6-w00	89		China_Mainland	641653.6167
Android	cph2381	83	qualcomm 695	India	635071.0333
iOS	"iPhone13,2"	92		North_America	628406.8667
Android	21051182c	89		China_Mainland	624719.2
Android	scmr-w09	84		China_Mainland	624419.35
Android	moto g play - 2024	82	qualcomm 680	North_America	606037.05
iOS	"iPhone12,1"	90		South_Asia	601829.4
iOS	"iPhone14,2"	94		East_Asia	600930.9167
Windows	950XGK	76	Intel(R) Core(TM) Ultra 5 125H	East_Asia	592565.2833
iOS	"iPad11,1"	88		China_Mainland	587653.55
Android	mro-w00	71		China_Mainland	586282.45
Android	infinix x6525	71	unisoc t606	South_Asia	583423.5167
iOS	"iPad8,9"	88		China_Mainland	578809.4
Android	bky-w20	71		China_Mainland	577423.8333
Android	v2111	75	helio p35	South_Asia	576403.1
Android	rk3588s_su30pro_native	71		China_Mainland	575787.65
iOS	"iPhone13,3"	92		East_Asia	559254.3167
Android	dmg-w00	69		China_Mainland	558689.7333
Android	rmx3834	73	unisoc t612	South_Asia	555507.4667
iOS	"iPhone15,2"	96		North_America	540386.1667
iOS	"iPhone17,2"	100		South_America	536684.35
iOS	"iPhone18,2"	-1		North_America	521772.1667
Android	ctg3	71		China_Mainland	517415.3
Android	cph2667	81	mediatek mt6835  mt6835	India	515610.9667
iOS	"iPhone10,2"	86		China_Mainland	507954.0333
Android	xd-sdb21-2201	75		China_Mainland	502891.7833
iOS	"iPhone15,3"	96		South_America	502537.8167
iOS	"iPhone12,8"	90		East_Asia	500622.1167
Android	sm-s135dl	75	helio p35	North_America	499536.9
Android	v2420	81	mediatek mt6835  mt6835	India	497367.5333
MAC	"MacBookPro18,1"	89		East_Asia	495920.6833
Android	21a900	72		China_Mainland	495697.0833
iOS	"iPhone11,6"	88		China_Mainland	494714.7
Android	tecno kl4	76	spreadtrum t615  ums9230_kl4_go	South_Asia	491424.55
Android	vivo 1906	76	qualcomm 439	South_Asia	475888.3333
Android	2409brn2ca	75	helio p65	South_Asia	474879.4167
Android	rmx3760	74	unisoc t612	South_Asia	473608.5
iOS	"iPhone13,4"	92		North_America	468185.5667
iOS	"iPhone17,1"	100		North_America	466152.3667
Android	ags5-w00	89		China_Mainland	463672.7833
Android	cph2591	74	helio p65	South_Asia	463096.9667
Android	cph2269	75	helio p35	South_Asia	462936.6167
iOS	"iPhone14,5"	94		South_Asia	459542.05
Android	mrx-w09	84		China_Mainland	458789.3
iOS	"iPhone14,3"	94		South_America	454210.1333
iOS	"iPad6,11"	82		China_Mainland	453700.4833
Android	xd-sdd15-2201	75		China_Mainland	453547.7667
iOS	"iPhone15,5"	96		North_America	452482.3833
iOS	"iPhone14,6"	94		East_Asia	449503.2333
iOS	"iPhone14,3"	94		East_Asia	448881.3333
Android	cph2269	73		South_Asia	440978.1333
iOS	"iPhone14,2"	94		China_Mainland	438293.4
Android	moto g15	74	helio p65	South_America	437301.9833
Android	b2	71	", rk30board"	China_Mainland	437110.9
Android	v2437	82	mediatek mt6878  mt6878	India	435958.9833
iOS	"iPhone13,2"	92		South_America	435011.8333
iOS	"iPad13,1"	92		China_Mainland	434587.5
Windows	HP ProBook 440 G8 Notebook PC	76	11th Gen Intel(R) Core(TM) i5-1135G7 @ 2.40GHz	China_Mainland	434454.7
Android	tecno bg6	71	unisoc t606	South_America	430285
Android	tecno bg6	65		South_America	429905.0667
Android	23073rpbfc	89		China_Mainland	426991.8833
iOS	"iPhone14,7"	94		South_America	426847.1
Android	bah3-w59	81		China_Mainland	426332.9
iOS	"iPhone16,2"	98		South_America	424360.75
Android	xta11	72		China_Mainland	424245.1333
Android	infinix x688b	73	"MT6765G, mt6765"	South_Asia	423686.3167
Android	mrx-w29	84		China_Mainland	421243.8333
iOS	"iPhone10,3"	86		China_Mainland	410902.1667
Android	b2	85	rockchip rk3588  rk30board	China_Mainland	410505.5167
Android	cph2665	81	mediatek mt6835  mt6835	India	407275.6
iOS	"iPhone11,8"	88		North_America	404709.0167
iOS	"iPhone15,4"	96		India	403514.1833
Android	t1	89		China_Mainland	403210.6333
Android	cph2641	86		South_Asia	402664.2
iOS	"iPad14,3"	94		China_Mainland	401153.6333
iOS	"iPhone16,2"	98		China_Mainland	398324.45
Android	2409brn2cl	74	helio p65	South_America	397216.8167
Android	tecno km4	76	spreadtrum ums9230e  ums9230_km4_go	South_Asia	395955.3833
Android	n159v	82	qualcomm 680	North_America	393784.1833
iOS	"iPhone13,4"	92		China_Mainland	393764.5667
Android	sm-a156u	78	mediatek mt6835  mt6835	North_America	393395.15
Android	infinix x6532	74	helio p65	South_Asia	392685.0333
Android	tecno bg6	71	unisoc t606	South_Asia	390962.5
Android	cph2641	79	qualcomm 662	South_Asia	390403.4167
Android	25028rn03a	76	spreadtrum ums9230e  serenity	South_Asia	387193.95
Android	sm-a156e	81	mediatek mt6835  mt6835	India	384911.5167
Android	xdh-25-b3	73		China_Mainland	384449.75
Android	v2120	73	"MT6765V/CB, mt6765"	South_Asia	384437.9833
Android	v2043	73	"MT6765V/CB, mt6765"	South_Asia	384249.4333
Android	xpt21	72		China_Mainland	380822.0833
iOS	"iPhone15,3"	96		East_Asia	378193.2167
Android	talih-bk1	75		China_Mainland	377991.4667
Android	xpt11	72		China_Mainland	376341.5
Android	v2430	73	unisoc t612	South_Asia	374075.5667
iOS	"iPad5,3"	70		China_Mainland	371641.5667
iOS	"iPhone14,8"	94		North_America	369446.8833
Android	sm-s928n	96	qualcomm 8 Gen 3	East_Asia	364810.9833
Android	cph2681	79	mediatek mt6835  mt6835	India	364712.55
iOS	"iPhone12,1"	90		Europe	363356.3833
iOS	"iPhone16,1"	98		North_America	363192.25
iOS	"iPhone13,1"	92		East_Asia	362407.0333
Android	ums9620_se50_s30pro	71		China_Mainland	362231.3667
Android	rmx3998	81	mediatek mt6835  mt6835	India	358068.8167
Android	motorola edge 50 fusion	85	qualcomm 7s Gen 2	India	355209.1167
Android	v2403	82	mediatek mt6878  mt6878	India	353198.9
Android	sm-s938n	94	qti sm8750  qcom	East_Asia	352439.6833
Android	v2427	88	qualcomm 7 Gen 3	India	351511.5
iOS	"iPhone14,5"	94		India	350058.7
iOS	"iPhone17,5"	100		North_America	349981.25
Android	wgr-w09	88		China_Mainland	347587.8
Android	infinix x6725	76	spreadtrum ums9230e  ums9230_x6725_go	South_Asia	345749.1
iOS	"iPhone14,5"	94		Europe	345507.9667
Android	v2310	75	helio p65	South_Asia	345045.3
Android	bky-w10	71		China_Mainland	344057.9833
Android	m2105k81ac	93		China_Mainland	342912.0333
Android	sm-e156b	81	mediatek mt6835  mt6835	India	341009.45
Android	sm-s928b	96	qualcomm 8 Gen 3	India	340946.1167
Android	a127cs	72		China_Mainland	339294.8
Android	2405crpfdc	89		China_Mainland	339231.6833
Android	hey-w09	89		China_Mainland	338093.1333
Android	talih-pd3s	75		China_Mainland	337895.3
Android	rmx3710	75	helio p65	South_Asia	335432.2667
Android	got-w09	89		China_Mainland	334513.2167
iOS	"iPad13,19"	92		North_America	334451.3833
Android	tecno kl4	65	", ums9230_KL4_go"	South_Asia	333789.5667
Android	cph2695	81	mediatek mt6835  mt6835	India	332088.0833
Android	vivo 1906	82	Qualcomm 439	South_Asia	331925.2667
iOS	"iPhone13,4"	92		South_America	331336.65
Android	cph2467	89	Qualcomm 695	India	330019.55
Android	sm-a065m	74	helio p65	South_America	327958.8167
Android	v2416	83	qualcomm 4 Gen 2	India	326531.3667
Android	tecno ki7	80	mediatek mt6769h mt6769h mt6769	South_America	325289.3167
Android	v2434	81	qualcomm 680	South_Asia	324636.9
Android	infinix x6525	65		South_Asia	322835.7
Android	2409brn2ca	72	", mt6768"	South_Asia	321641.1
iOS	"iPhone15,4"	-1		East_Asia	321197.9167
Android	moto g stylus 5g - 2024	83	qualcomm 6 Gen 1	North_America	320482.2833
iOS	"iPhone18,2"	-1		East_Asia	318531.1167
Android	bah3-w09	84		China_Mainland	318194.0333
Android	moto g85 5g	83	qualcomm 695	India	318120.8667
Android	cph2773	86		South_Asia	317856.8667
Android	sm-g781w	89	qualcomm 865	North_America	317031.5333
Android	v2338	83	qualcomm 6 Gen 1	India	315333.9667
Android	cph2495	76	mediatek 700	India	312614.5333
iOS	"iPhone16,2"	98		Europe	312522.4833
iOS	"iPhone13,4"	92		East_Asia	308832.9333
Android	24117rn76g	78	helio g99	South_Asia	308808.1
Android	pce-w30	84		China_Mainland	308399.8667
Android	23076rn4bi	83	qualcomm 4 Gen 2	India	306425.7667
Android	cph2591	69		South_Asia	306158.6833
Android	v2336	83	qualcomm 4 Gen 2	India	303390.4833
iOS	"iPhone11,8"	88		South_America	303324.25
iOS	"iPhone11,8"	88		East_Asia	303005.7833
Android	2406ern9ci	83	qualcomm 4 Gen 2	India	301841
iOS	"iPhone15,2"	96		China_Mainland	301119.4833
iOS	"iPhone14,3"	94		Europe	300856.0333
iOS	"iPhone14,7"	-1		East_Asia	300186.8
Android	v2204	75	helio p35	South_Asia	298935.1167
iOS	"iPhone12,3"	90		East_Asia	298739.8833
iOS	"iPhone15,4"	96		South_America	297181.4167
Android	infinix x6525	71	unisoc t606	South_America	297103.1167
Android	2404arn45a	72	", mt6768"	South_Asia	296890.7333
Android	v2315	76	mediatek 700	India	296200.35
Android	v2443	83	qualcomm 4 Gen 2	India	294870.7
Windows	20TAA023CD	76	11th Gen Intel(R) Core(TM) i5-1135G7 @ 2.40GHz	China_Mainland	294848.7333
Android	23046rp50c	93		China_Mainland	294422.65
iOS	"iPhone14,7"	94		China_Mainland	293882.4333
iOS	"iPhone14,6"	94		North_America	293446.8833
iOS	"iPhone12,5"	90		South_America	292496.2167
iOS	"iPhone11,8"	88		Africa	292321.9
iOS	"iPhone13,4"	92		South_Asia	292242.6667
Android	v2344	73	unisoc t612	South_Asia	291779.1333
Android	sm-a356e	85	exynos 1380	India	291531.3333
iOS	"iPhone14,2"	94		North_America	291488.1833
Android	hey2-w19	89		China_Mainland	291264.9
Android	cb-ctg2.0	68		China_Mainland	291026.9833
Android	2404arn45a	75	helio p65	South_Asia	289526.6167
Android	talih-pd3p	72		China_Mainland	288696.2167
Android	cph2753	81	mediatek mt6835  mt6835	India	288124.1667
Android	cph2643	82	mediatek 900	India	287126.4167
Android	23043rp34c	93		China_Mainland	286805.4833
Android	21a901	72		China_Mainland	285246.7667
Android	infinix x6525	65		South_America	285189.2
Android	25028rn03a	65	", serenity"	South_Asia	284813.7167
Android	sm-s928b	96	qualcomm 8 Gen 3	Middle_East	284739.2667
Android	cph2477	73	"MT6765G, mt6765"	South_Asia	284549.1
Android	xpv21	72		China_Mainland	283772.4333
Android	cph2613	88	qualcomm 7 Gen 3	India	283227.0667
Android	v2430	65	", ums9230_6h10"	South_Asia	283170.85
iOS	"iPhone15,3"	96		China_Mainland	283121.3167
Android	23129ra5fl	81	qualcomm 680	South_America	282714.55
Android	cph2487	92	qualcomm 8+ gen 1	India	282055.0667
Android	23129raa4g	81	qualcomm 680	South_Asia	281932.3167
Android	23053rn02a	75	helio p65	South_Asia	279121.3
Android	25028rn03l	76	spreadtrum ums9230e  serenity	South_America	278994.5833
Android	eln-w09	89		China_Mainland	277304.9667
iOS	"iPhone15,3"	96		Europe	276235.4667
Android	23106rn0da	75	helio p65	South_Asia	276091.4
iOS	"iPad8,1"	88		China_Mainland	275141.6833
Android	sm-t585	74	samsungexynos7870	Europe	274691.65
iOS	"iPhone13,4"	92		Europe	274184.9167
iOS	"iPhone13,3"	92		North_America	274096.45
Android	infinix x6525	65		Middle_East	273834.9333
Android	sm-a155m	78	helio g99	South_America	273264.9
iOS	"iPhone12,5"	90		North_America	272670.8833
Android	v2439	82	mediatek mt6878  mt6878	India	272315.8667
Android	cph2619	83	qualcomm 695	India	271103.25
Android	xyao-w00	84		China_Mainland	270758.2833
Android	slg-w10	71		China_Mainland	270210.25
Android	cph2083	75	helio p35	South_Asia	268672.5667
Android	r29p	-1		North_America	268614.6333
Android	web-w00	71		China_Mainland	268045.6333
Android	moto g 5g - 2024	80	qualcomm 4 Gen 1	North_America	267370.8
Windows	82F8	76	11th Gen Intel(R) Core(TM) i5-1135G7 @ 2.40GHz	China_Mainland	266823.1667
iOS	"iPhone15,2"	96		South_America	266256.2
Android	23124rn87i	81	mediatek mt6835  mt6835	India	264753.8333
Android	23124rn87i	78	mediatek mt6835  mt6835	India	262277.5333
Android	dbr-w00	89		China_Mainland	261689.6333
Windows	21E3A01HCD	76	12th Gen Intel(R) Core(TM) i5-1240P	China_Mainland	261107.15
Android	rod-w09	75		China_Mainland	260787.95
Android	rmx3933	73	unisoc t612	South_Asia	260268.7333
Android	tecno bf7	67		South_America	260189.4333
Android	sm-a165f	77	helio g99	Africa	259968.45
Android	u380aa	69	helio a20	North_America	259957.65
Android	cph2693	81	mediatek mt6835  mt6835	India	259943.0667
iOS	"iPhone17,2"	100		Europe	258687.1167
iOS	"iPhone14,5"	94		Middle_East	258571
Android	v2225	76	mediatek 700	India	258400.5667
Android	v2428	82	mediatek mt6878  mt6878	India	257794.7833
Android	infinix x688b	75	helio p35	South_Asia	257658.35
Android	23076rn4bi	89	", qcom"	India	257391.7833
Android	s8	71		China_Mainland	256209.5167
Android	rmx3997	81	mediatek mt6835  mt6835	India	256111.7167
iOS	"iPhone14,7"	94		Europe	254977.95
Android	motorola edge 60 fusion	82	mediatek mt6878  mt6878	India	254127
iOS	"iPhone14,2"	94		South_America	254014.3167
Windows	950XED	76	12th Gen Intel(R) Core(TM) i5-1240P	East_Asia	253826
Android	v2352	75	helio p65	South_Asia	253278.8333
Android	p15a	72		China_Mainland	253194.6333
Android	rmx3195	69	"MT6769V/CZ, mt6768"	South_Asia	252180.1833
Android	v2312	78	mediatek 6020	India	252048.5
Android	hey2-w09	89		China_Mainland	251957.4833
Android	v2303	83	qualcomm 695	India	251143.9667
Android	24117rn76l	78	helio g99	South_America	249111.7667
Windows	21E3A098CD	76	12th Gen Intel(R) Core(TM) i5-1240P	China_Mainland	248616.1833
Android	v2310	72	", mt6768"	South_Asia	247782.1333
Android	tecno kl4	65		South_America	247613.2667
Android	sm-s918n	95	qualcomm 8 Gen 2	East_Asia	246190.1
iOS	"iPhone15,3"	96		South_Asia	246109.3333
iOS	"iPhone15,4"	96		China_Mainland	245948.2333
iOS	"iPhone15,5"	96		East_Asia	245839.6
Android	rmx3940	81	mediatek mt6835  mt6835	India	245577.7167
iOS	"iPhone10,1"	86		East_Asia	244906.1167
Android	sm-a166p	81	mediatek mt6835  mt6835	India	244374.2833
Windows	21JK00BRCD	88	13th Gen Intel(R) Core(TM) i5-13500H	China_Mainland	244073.9
iOS	"iPhone17,3"	100		India	243822.05
Android	agm3-w09hn	69		China_Mainland	242543.5667
Android	v2419	74	unisoc t612	South_Asia	242251.5833
Android	v2204	73	"MT6765V/CB, mt6765"	South_Asia	241526.9833
iOS	"iPhone11,8"	88		South_Asia	241118.4333
Android	rmx3830	73	unisoc t612	South_Asia	240786.7167
iOS	"iPhone14,7"	94		India	240010.4167
Android	mrx-al09	84		China_Mainland	239994.6833
iOS	"iPhone14,3"	94		China_Mainland	239686.3333
Android	v2204	75	helio p35	India	239561.2667
Android	v2333	75	helio p65	South_Asia	239323.3833
Android	rmx3834	69	Unisoc T612	South_Asia	239211.7667
Android	sm-s928u	96	qualcomm 8 Gen 3	North_America	237977.85
Android	s5	86		China_Mainland	237785.7333
iOS	"iPhone12,8"	90		North_America	237576.05
Android	sm-s928b	96	qualcomm 8 Gen 3	South_America	235933.0167
Android	rmx5303	79	spreadtrum ums9230e  ums9230_dhaka	South_Asia	234913.0167
Android	tecno km4	65	", ums9230_KM4_go"	South_Asia	234517.3333
Android	cph2477	75	helio p35	South_Asia	234009.3
Android	zpd1201	72		China_Mainland	233717.1667
Android	2410crp4cc	89		China_Mainland	232600.2167
iOS	"iPhone12,5"	90		South_Asia	232481.75
iOS	"iPhone12,1"	90		Middle_East	232214.3667
Android	23053rn02a	75	helio p65	Middle_East	232028.0833
Android	tgr-w00	69		China_Mainland	231546.3667
Android	ud710_ctg30air_native	68		China_Mainland	230356.55
iOS	"iPhone15,4"	96		Europe	229773.0333
Android	cph2637	81	mediatek mt6835  mt6835	India	229739.8
Android	23129rn51x	73	", mt6765"	South_Asia	229648.1
Android	v2307	81	qualcomm 695	India	228749.8167
Android	cph2641	86	", qcom"	South_Asia	228259.6667
Android	s7	89		China_Mainland	228184.3333
Android	23117ra68g	78	helio g99	South_America	228063.5167
iOS	"iPhone14,5"	-1		East_Asia	227891.4
iOS	"iPhone17,4"	100		East_Asia	227871.1
Android	rmx3930	74	unisoc t612	South_Asia	226809
Android	ags6-w10	80		China_Mainland	226525.8167
Android	cph2721	83	qualcomm 6 Gen 1	India	225075.0167
Android	v2355	83	qualcomm 4 Gen 2	India	224912.2167
Android	pixel 2 xl	83	qualcomm 835	China_Mainland	224866.8167
Android	v2348	88	qualcomm 7 Gen 3	India	224785.6333
Android	v2351	81	mediatek mt6835  mt6835	India	224649.2333
Android	rmx3938	73	unisoc t612	South_Asia	224200.4
Android	v2511	87	qti sm7750  qcom	India	224187.5833
Android	sm-a556e	88	exynos 1480	South_America	223593.95
Android	moto g(20)	73	unisoc t700	South_America	223104.5167
Android	rmx3195	74	helio p65	South_Asia	222641.0333
Android	23100rn82l	74	helio p65	South_America	222251.0833
Android	sm-s928b	96	qualcomm 8 Gen 3	Europe	221949.9333
MAC	"Mac16,12"	89		China_Mainland	221681.4167
Android	v2043	75	helio p35	South_Asia	221680.3333
Android	2409brn2ca	75	helio p65	Middle_East	221533.1
Windows	82RV	50	12th Gen Intel(R) Core(TM) i5-1235U	China_Mainland	221489.1667
Android	220333qag	82	qualcomm 680	South_Asia	220922.1833
Android	rmx3261	69	Unisoc T610	South_Asia	220692.9667
iOS	"iPhone17,3"	-1		East_Asia	220498.25
iOS	"iPhone18,3"	-1		North_America	220415.9
Android	25028rn03a	76	spreadtrum ums9230e  serenity	Middle_East	220281.6
iOS	"iPhone14,4"	94		East_Asia	220276.3167
Android	brt-w09	75		China_Mainland	219825.3333
Android	sm-s938u	94	qti sm8750  qcom	North_America	219042.7833
Windows	950XFG	76	13th Gen Intel(R) Core(TM) i5-1340P	East_Asia	218915.45
Android	2404arn45a	75	helio p65	Middle_East	218718.2667
Android	22081281ac	93		China_Mainland	218301.1167
iOS	"iPhone14,8"	94		East_Asia	218264.2167
Android	v2344	65	", ums9230_6h10"	South_Asia	217508.2833
Android	220333qag	86	Qualcomm 680	South_Asia	217422.9333
Android	24117rn76g	78	helio g99	Middle_East	216572.65
iOS	"iPhone14,8"	94		Europe	216337.45
Android	moto g stylus (2022)	74	helio p65	North_America	216180.0167
Android	v2310	74	helio p65	South_Asia	216064.95
Android	sm-a155m	77	helio g99	South_America	214731.5667
Android	got-w29	93		China_Mainland	212678.4167
Android	cph2471	75	helio p35	South_Asia	212489.4333
Android	tecno kl4	76	spreadtrum t615  ums9230_kl4_go	South_America	212337.2167
iOS	"iPhone14,5"	94		Africa	211983.6333
Android	v2434	89		South_Asia	211794.95
Android	v2420	79	mediatek mt6835  mt6835	India	211575.8833
Android	b1	71	", rk30board"	China_Mainland	211030.3167
Android	infinix x6728	75	helio p65	South_Asia	210951.4167
Android	sm-a146b	84	exynos 1330	India	210932.5333
Android	pixel 3a xl	79	qualcomm 670	China_Mainland	209238.5333
Android	sm-a225m	74	helio g70	South_America	208944.2667
Android	24091rpadc	89		China_Mainland	207961.9167
Android	cph2179	73	"MT6765V/CB, mt6765"	South_Asia	207873.85
Android	sm-s918b	95	qualcomm 8 Gen 2	India	207701.6333
Android	v2120	73		South_Asia	207513.75
Android	cph2381	89	Qualcomm 695	India	207158.85
Android	tecno kl4	65		Middle_East	206981.2833
iOS	"iPad12,1"	90		North_America	206246.1167
Android	vivo 1820	64		South_Asia	206206.8167
Android	rmx3785	81	mediatek mt6835  mt6835	India	205803.15
iOS	"iPhone13,3"	92		South_America	205060.9833
Android	rmx3834	65		South_Asia	204353.4167
Android	sm-a325m	74	helio g70	South_America	203518.7167
Android	k69v1_64_k419	72	"MT6769, mt6768"	China_Mainland	203239.35
Android	cph2179	75	helio p35	India	202325.5
iOS	"iPhone17,2"	100		India	201711.3333
Android	cph2631	83	qualcomm 680	South_Asia	201524.3667
Android	infinix x6528	72	unisoc t606	South_Asia	200880.7167
Android	24117rn76g	75	", mt6789"	South_Asia	200863.0333
Android	v2432	79	mediatek mt6835  mt6835	India	200671.8667
iOS	"iPhone16,2"	98		Middle_East	200520.4
Android	sm-a165f	78	helio g99	Middle_East	199446.95
Android	sm-a065f	74	helio p65	Middle_East	199299.5333
Android	v2437	75	", mt6878"	India	199213.8167
Android	sm-a055m	74	helio p65	South_America	199052.8
Android	v2026	75	helio p35	South_Asia	198832.9167
Android	moto g64 5g	81	mediatek 7020	India	198583.9833
iOS	"iPhone17,3"	100		South_America	198471.1
Android	cph2585	94	qualcomm 8 Gen 2	India	198415.2333
Android	v2352	72		South_Asia	198200.8833
Android	v2334	84	mediatek 7200	India	198110.7
Android	v2111	75	helio p35	India	197812.6333
MAC	"MacBookAir10,1"	85		China_Mainland	197507.85
Android	cph2185	73	"MT6765V/CB, mt6765"	South_Asia	197409.3833
iOS	"iPhone16,1"	98		China_Mainland	197049.0833
Android	sm-a155f	78	helio g99	Middle_East	196869.3333
Android	sm-a176b	84	exynos 1330	India	195450.35
Android	sm-s938b	94	qti sm8750  qcom	India	195266.15
Android	sm-s921b	96	exynos 2400	India	195210.4167
Android	cph2603	82	mediatek 900	India	194700.3667
Android	tecno bg6	69	Unisoc T606	South_Asia	194622.1
MAC	"Mac16,8"	93		East_Asia	194308.95
iOS	"iPhone10,1"	86		China_Mainland	194069.1333
Android	23129raa4g	89	", qcom"	South_Asia	193519.6
Android	cph1909	75	helio p35	South_Asia	193133.2
iOS	"iPhone17,1"	100		China_Mainland	193006.8667
Android	moto g54 5g	79	mediatek 930	South_America	192986.3
Android	pixel 8a	83	google tensor g3  akita	East_Asia	192763.2
Android	23129rn51x	74	helio p35	South_Asia	192683.8
Android	v2130	81	mediatek 1080	India	192420
Android	tecno kl5	75	helio p65	South_Asia	191909.4833
iOS	"iPhone14,3"	94		South_Asia	191857.6833
iOS	"iPhone9,2"	84		China_Mainland	191747.8167
Android	v2311	76	mediatek 700	India	190874.4667
iOS	"iPad13,18"	92		China_Mainland	190430.9
iOS	"iPhone17,2"	100		Middle_East	190312.65
Android	moto g45 5g	83	qualcomm 695	India	189471.15
Android	v2333	72	", mt6768"	South_Asia	188489.5167
Android	sm-s911b	95	qualcomm 8 Gen 2	India	188113.2833
Android	v2507	74	unisoc t612	South_Asia	188016.0833
Android	v2026	73		South_Asia	187691.2167
iOS	"iPhone14,3"	94		Middle_East	187647.4667
iOS	"iPad13,9"	92		North_America	187633.65
Android	cph2553	78	mediatek 6020	India	187551.9667
Android	v2141	83	qualcomm 695	India	187550.3833
Android	sm-a165m	77	helio g99	South_America	187418.6667
Android	infinix x6532	69	", mt6768"	South_Asia	187356.2333
Android	tecno kl5	72	", mt6768"	South_Asia	186861.1
Android	23106rn0da	75	helio p65	Middle_East	186454.45
Android	funbook c1	69		China_Mainland	185970.9
Windows	21E3A0BHCD	76	12th Gen Intel(R) Core(TM) i5-1240P	China_Mainland	185776.0167
Android	vivo 1904	69		South_Asia	185361.2
Android	cph2751	81	mediatek mt6835  mt6835	India	185062.6667
Android	wgrr-w19	88		China_Mainland	184890.15
iOS	"iPhone15,3"	96		Middle_East	184664.35
Android	cph2401	86	mediatek 1300	India	183968.65
iOS	"iPhone17,2"	100		China_Mainland	183946.5333
Android	cph1909	73	"MT6765, mt6765"	South_Asia	183870.0667
iOS	"iPad13,18"	92		North_America	183619.1667
Android	sm-a166u	83	exynos 1330	North_America	183251.4
Android	tecno km5	75	helio p65	South_Asia	183118.4833
Android	infinix x6528	72	unisoc t606	South_America	183081.5167
iOS	"iPhone16,1"	98		Europe	182531.05
Android	kjr-w09	84		China_Mainland	181445.6833
Android	23100rn82l	75	helio p65	South_America	181416.2
Android	v2026	73	"MT6765V/CB, mt6765"	South_Asia	181225.05
Android	vivo y17	73	"MT6765V/CB, mt6765"	South_Asia	180913.6167
Android	rmx3511	74	unisoc t616	South_Asia	180699.4833
iOS	"iPad15,7"	66		China_Mainland	180196.2333
Android	m2006c3mii	73	"MT6765G, mt6765"	South_Asia	180053.65
Android	c210cs	72		China_Mainland	179623.55
Android	sm-s931n	94	qti sm8750  qcom	East_Asia	179135.75
Android	bah4-w39	80		China_Mainland	178643.4833
Android	cph2477	73		South_Asia	178407.55
Android	v2250	85	qualcomm 778g	India	177143.7167
iOS	"iPhone13,2"	92		Europe	176922.2333
Android	cph2185	75	helio p35	South_Asia	176794.1667
Android	rmx3760	74	unisoc t612	Middle_East	176620.3333
Windows	550XDA	82	11th Gen Intel(R) Core(TM) i7-1165G7 @ 2.80GHz	East_Asia	176437.8667
Android	sm-a065f	69		South_Asia	176234.9833
Android	cph2617	77	mediatek 6020	India	176152.0833
Android	22011211c	75	"MT8395AV/ZA, mt8395"	China_Mainland	174462.2667
Android	infinix x6833b	78	helio g99	South_Asia	174165.85
Android	v2506	83	qualcomm 4 Gen 2	India	173943.8
Android	v2318	88	qualcomm 7 Gen 3	India	173745.05
Android	wgrr-w09	88		China_Mainland	173509.4167
iOS	"iPhone14,3"	94		Africa	172982.85
Android	cph2617	78	mediatek 6020	India	172855.1833
Android	sm-a346e	82	mediatek 900	India	172525.4333
Android	infinix x6525	71	unisoc t606	Middle_East	172514.6
Android	lenovo tb-j606f	85		China_Mainland	171792
Android	2312draabi	80	mediatek 6020	India	171031.3333
Android	sm-a065m	69		South_America	170712.6167
Android	rmx3870	82	mediatek 1080	India	170394.65
iOS	"iPhone11,2"	88		China_Mainland	170140.1667
MAC	"Mac16,7"	93		East_Asia	170129.55
Android	bah2-w09	80	kirin 659	China_Mainland	169218.8
Android	infinix x6880	78	helio g99	South_Asia	169015.3167
Android	v2419	65		South_Asia	168917.1833
Android	talih-pd3u2	75		China_Mainland	168599
Android	cph2579	75	helio p65	South_Asia	168544.7667
Android	sm-s901u	92	qualcomm 8 gen 1	North_America	168485.9333
iOS	"iPhone12,3"	90		South_America	167521.4333
iOS	"iPhone17,1"	-1		East_Asia	167056.7
Android	v2339	83	qualcomm 6 Gen 1	India	167012.7
Android	v2102	82	Qualcomm 439	South_Asia	166912.85
Android	infinix x6531	75	helio p65	South_Asia	166600.65
Android	24094rad4i	81	mediatek 7020	India	166310.35
Android	sm-g781u	89	qualcomm 865	North_America	166191.7667
Android	ud710_ck10air_native	68		China_Mainland	165743.0833
Android	cph2127	82		South_Asia	165691.8167
Android	sm-a366e	86	qti sm6475  qcom	South_America	165647.6167
Android	brp-nx1	83	qualcomm 6 Gen 1	Middle_East	165087.8333
Android	v2509	81	mediatek mt6835  mt6835	India	164968.75
Android	sm-a055f	74	helio p65	South_Asia	164852.55
iOS	"iPhone17,3"	100		China_Mainland	164666.05
MAC	"Mac15,7"	93		East_Asia	164616.4333
Android	cph2423	84	mediatek 8100	India	164417.1
iOS	"iPhone12,5"	90		China_Mainland	164106.2
Android	tecno ki5k	68		South_America	163985.4333
Android	tecno ki5k	72	unisoc t606	South_America	163838.8167
Android	cph2471	73		South_Asia	163672.3
Android	zpd1272	72		China_Mainland	163375.3667
Android	sm-a566e	88	samsung s5e8855  s5e8855	South_America	162901.3
Android	sm-a166m	84	exynos 1330	South_America	162855.6667
Android	cph2737	89	mediatek 8300	India	162741.55
Android	24116raccg	78	helio g99	Middle_East	162489.7167
Android	bah4-w29	80		China_Mainland	162317.8333
Android	sm-a127f	81	samsung exynos 850  exynos850	South_Asia	162253.95
Android	sm-a047f	81	samsung exynos 850 samsung a04s eur open rev03c board based on exynos850 exynos850	Africa	162229.0833
Android	tecno kl4	65		South_Asia	162220.1833
iOS	"iPad16,1"	98		North_America	162212.6333
iOS	"iPhone18,1"	-1		North_America	161954.65
Android	gdi-w09	89		China_Mainland	161900.4833
iOS	"iPhone13,4"	92		Africa	161805.4667
Android	cph2471	73	"MT6765G, mt6765"	South_Asia	161749.1667
Android	v2102	76	qualcomm 439	South_Asia	161519.8
Android	24094rad4c	81	mediatek 7020	China_Mainland	161117.6333
Android	iv2201	80	mediatek 1080	India	161032.0667
Android	cph1803	82		South_Asia	160879.6833
Android	sm-s721b	95	exynos 2400	Europe	160875.75
Windows	15U50S-GP50ML	72	Intel(R) Core(TM) Ultra 5 125U	East_Asia	160590.2833
Android	rmx3780	81	mediatek mt6835  mt6835	India	160568.3333
Android	v2352	72	", mt6768"	South_Asia	160464.0167
Android	v2120	75	helio p35	South_Asia	160421.5167
Android	24018rpacc	93		China_Mainland	160311.2333
Android	25028rn03a	65		Middle_East	160239.55
Android	v2507	68	", ums9230_6h10"	South_Asia	159905.5
Android	sm-s918b	95	qualcomm 8 Gen 2	Middle_East	159757.5
Android	ums9620_ck10_native	71		China_Mainland	159115.5167
Android	v2434	89	", qcom"	South_Asia	159049.8333
Android	rmx3261	73	unisoc t610	South_Asia	159009.7
Android	sm-a546e	85	exynos 1380	South_America	158691.0833
Android	tecno km5	72	", mt6768"	South_Asia	158618.1667
Android	v2332	69		South_Asia	158454.2167
Android	cph2631	89		South_Asia	158422.3333
Android	cph2569	87	qualcomm 782g	India	158003.1833
Android	sm-a166p	81	mediatek mt6835  mt6835	South_Asia	157548.3333
Windows	83GX	78	Intel(R) Core(TM) 5 210H	China_Mainland	157446.35
Android	vog-l29	86	kirin 980	Europe	157109.35
Android	v2430	72	ums9230_6h10	South_Asia	157091.8333
Android	rmx3201	73	"MT6765G, mt6765"	South_Asia	157072.9333
Android	infinix x669	71	unisoc t606	South_America	156783.3333
iOS	"iPhone13,3"	92		Africa	156654.0333
Android	rmx5303	68	", ums9230_dhaka"	South_Asia	156541.85
Android	rmx3782	81	mediatek mt6835  mt6835	India	156379.8833
Android	infinix x6725	65		South_Asia	156373.3167
Android	25078ra3ea	75	helio p65	South_Asia	156163.1167
Android	ags3-w00e	77		China_Mainland	155926.6
Android	25028rn03l	65		South_America	155720.55
Android	22101317c	85	", qcom"	South_Asia	155555.25
Android	rmx3938	65		South_Asia	155279.3333
Android	cph2387	73		South_Asia	155003.35
Android	ud710_sa30pro_native	68		China_Mainland	154775.95
Android	infinix x669c	75		South_Asia	154621.1
Android	23021raaeg	81	qualcomm 680	South_Asia	154605.9667
Android	sm-e156b	78	mediatek mt6835  mt6835	India	154097.4667
Android	pixel 3a xl	65	Qualcomm 670	China_Mainland	153636.2
Android	rmx3771	82	mediatek 1080	India	153452
iOS	"iPhone15,2"	96		Europe	152997.8833
Android	infinix x6532c	74	helio p35	South_Asia	152993.9667
Android	infinix x6885	78	helio g99	South_Asia	152515.8
Android	sm-a065f	74	helio p65	South_Asia	152180.4833
Android	zpd1202	72		China_Mainland	152173.95
Android	m2006c3mg	73		South_Asia	152173.9167
Android	sm-a366e	86	qti sm6475  qcom	India	152125.1333
iOS	"iPhone14,2"	94		Europe	151710.7667
Android	23090ra98i	84	mediatek 7200	India	151696.5167
Android	cph1909	73		South_Asia	151599.3667
iOS	"iPhone17,3"	100		Europe	151406.1333
Android	sm-s921n	96	exynos 2400	East_Asia	150839.6667
Android	rmx3939	74	unisoc t612	South_Asia	150389.1333
Android	xd-sdb21-2301	68		China_Mainland	150347.6333
Android	sm-a556e	88	exynos 1480	South_Asia	150328.4167
Android	v2246	84	mediatek 7200	India	150134.6167
Android	sm-s711b	90	exynos 2200	India	149902.3
Android	a127ch	72		China_Mainland	149762.3167
Android	m2004j19c	74	helio p65	South_America	148989.4167
Android	sm-a145m	77	exynos 850	South_America	148829.55
Android	cph2577	75	helio p65	South_Asia	148479.3333
Android	tecno km5	74	helio p65	Africa	148293.0833
Android	cph2781	81	mediatek mt6835  mt6835	India	148012.05
Android	24116pcc1i	82	qti sm4635  qcom	India	147926.75
Android	rmx3938	65	", ums9230_latte"	South_Asia	147562.0667
iOS	"iPhone13,2"	92		South_Asia	147382.1667
Android	sm-a325f	75	helio g70	Middle_East	147196.3833
Android	sm-a055f	74	helio p65	Africa	147192.8167
Android	cph1803	76		South_Asia	147159.1333
Android	aln-al00	90		China_Mainland	147148.4833
Android	sm-f721n	94	qualcomm 8+ gen 1	East_Asia	147120.5833
iOS	"iPhone13,4"	92		Middle_East	146191.9833
Android	ud710_sa30_native	68		China_Mainland	146135.7333
Android	24116raccg	78	helio g99	South_America	145766.1333
iOS	"iPhone12,8"	90		China_Mainland	145405.1333
Android	rmx3760	68		South_Asia	145178.95
Android	rmx3760	72	Unisoc T612	South_Asia	144698.15
Windows	20TAA00FCD	76	11th Gen Intel(R) Core(TM) i5-1135G7 @ 2.40GHz	China_Mainland	144651.4167
Android	2409brn2ca	74	helio p65	Africa	144291.5833
Android	23053rn02a	72		Middle_East	144200.1167
Android	23129ra5fl	89		South_America	144126.4167
Android	cph2689	89	mediatek 8300	India	144074.5833
Android	cph2705	82	mediatek mt6878  mt6878	India	143942.1667
Android	v2039	82		South_Asia	143900.3333
iOS	"iPhone17,2"	100		South_Asia	143708.8833
Android	b127ch	72		China_Mainland	143546.1
Android	sm-a065f	74	helio p65	Africa	143369.35
Android	sm-a127f	77	", exynos850"	South_Asia	143058.25
Android	2409brn2cl	69		South_America	143013.9833
Android	rmx2030	81	"qualcomm technologies, inc sdm665 qcom"	South_Asia	142874.3833
Android	sm-s938b	94	qti sm8750  qcom	Europe	142801.9333
iOS	"iPhone13,2"	-1		East_Asia	142591.25
Android	sm-s931u	94	qti sm8750  qcom	North_America	141846.9667
Android	2404arn45a	72		Middle_East	141617.0333
Android	cph2725	79	qualcomm 662	South_Asia	141497.5833
Android	cph2387	75	helio p35	South_Asia	141429.35
Android	infinix x669	65		South_America	141389.0667
Android	v2027	82	"Qualcomm Technologies, Inc BENGAL, qcom"	South_Asia	141309.45
Android	infinix x6532	74	helio p65	Middle_East	141241.4667
Android	cph2707	92	qualcomm 8s Gen 3	India	140868.4
Android	krj-w09	84		China_Mainland	140700.4333
Android	sm-s926n	96	exynos 2400	East_Asia	140613.3333
Android	cph2083	73		South_Asia	140501.7
iOS	"iPad8,11"	88		China_Mainland	140485.6
Android	sm-a556e	88	exynos 1480	India	140233.6333
Android	sm-a356e	85	exynos 1380	South_America	139754.4667
Android	ali-nx1	83	qualcomm 6 Gen 1	Middle_East	139484.1833
iOS	"iPhone10,5"	86		North_America	139417.5667
Android	sm-a135m	81	samsung exynos 850 samsung a13 eur open rev02b board based on exynos850 exynos850	South_America	139374.4833
Android	sm-s911n	95	qualcomm 8 Gen 2	East_Asia	139345.05
Android	rmx3710	72	", mt6768"	South_Asia	139105.6167
Android	infinix x6528	68		South_America	138974.7833
Android	pixel 6 pro	83	google tensor  raven	Europe	138926.6167
Android	infinix x6728	72	", mt6768"	South_Asia	138814.5667
Android	v2356	81	mediatek mt6835  mt6835	India	138516.4833
Android	moto g84 5g	83	qualcomm 695	South_America	138040.1167
Android	rmx3950	81	mediatek mt6835  mt6835	India	138013
Android	2406ern9ci	89	", qcom"	India	138002.7333
iOS	"iPad13,8"	92		China_Mainland	137985.9167
Android	v2420	75	", mt6835"	India	137942.05
Android	sm-s918b	95	qualcomm 8 Gen 2	Europe	137813.05
Android	24116rnc1i	82	qti sm4635  qcom	India	137722.5833
Android	v2332	74	helio p65	South_Asia	137556.4
Android	cph2185	73		South_Asia	137354.45
Android	cph2733	79	mediatek mt6835  mt6835	India	137108.2667
iOS	"iPhone15,2"	-1		East_Asia	137094.8167
iOS	"iPhone12,5"	90		East_Asia	137044.3333
Android	tecno kl4	76	spreadtrum t615  ums9230_kl4_go	Middle_East	136951.0667
Android	cph2239	75	helio p35	South_Asia	136927.55
iOS	"iPhone14,2"	-1		East_Asia	136776.6333
Android	cph2667	75	", mt6835"	India	136329.9333
Android	21121119sg	72	"MT6769H, mt6768"	South_Asia	136271.3
Android	moto g34 5g	83	qualcomm 695	South_America	136261.35
Android	motorola edge 50 pro	88	qualcomm 7 Gen 3	India	136139.1
Android	b127cm	72		China_Mainland	136127.1333
iOS	"iPad15,7"	96		North_America	135772.4167
Android	tb331fc	89		China_Mainland	135666.2333
Android	sm-a037f	75	helio p35	South_Asia	135391.6333
Android	x3	68		China_Mainland	135340.75
Android	m2004j19c	74	helio p65	South_Asia	135303.3833
Android	infinix x6532	69		Middle_East	135032.1167
Android	cph2239	73		South_Asia	134964.45
Android	c3_pro	71	unisoc t606	North_America	134612.0833
iOS	"iPhone12,1"	-1		East_Asia	134596.7667
Android	scm-al09	81		China_Mainland	134245.1
Android	23117ra68g	78	helio g99	Middle_East	134083.6667
Android	2409brn2cl	75	helio p65	South_America	134074.3
Android	sm-a166p	75	", mt6835"	India	133962.35
Android	vivo 1901	70	helio a25	South_Asia	133919.8833
Android	v2111	73		South_Asia	133643.9833
Android	nokia 5.3	78	qualcomm 665	Europe	133550.8
Android	v2321	84	mediatek 7200	India	133504.4667
Android	v2521	83	qualcomm 4 Gen 2	India	133464.8333
Android	sm-s938u1	94	qti sm8750  qcom	North_America	133321
Android	rmx3660	83	qualcomm 695	India	133270.2833
Android	cph2591	69	", mt6768"	South_Asia	133142.1833
iOS	"iPad12,2"	90		East_Asia	132835.2
iOS	"iPhone13,3"	92		China_Mainland	132723.2667
Android	cph2729	85	qti sm6650  qcom	India	132674.6167
Android	sm-a325f	75	helio g70	South_Asia	132116.3833
Android	sm-a566b	71		South_Asia	131947.6167
Android	v2109	75	helio p65	South_Asia	131770.6833
Android	cph2579	72	", mt6768"	South_Asia	131686.15
Android	21091116ac	80	mediatek 6020	China_Mainland	131657.75
Android	cph2491	87	mediatek 9000	India	131612.0167
Android	ndl-w09	89		China_Mainland	131372.0167
Android	cph2179	75	helio p35	South_Asia	131264
Android	sm-a045f	75	helio p35	South_Asia	130831.0833
Android	rmx3933	65	", ums9230_latte"	South_Asia	130785.1667
Android	moto g04s	71	unisoc t606	South_America	130752.8667
Android	v2027	80	"qualcomm sm4250 qualcomm technologies, inc bengal qcom"	South_Asia	130717.3833
Windows	HP Laptop 14s-cr2xxx	70	Intel(R) Core(TM) i7-10510U CPU @ 1.80GHz	China_Mainland	130354.8
Android	m2105k81ac	75		China_Mainland	130094.0167
iOS	"iPad5,1"	70		China_Mainland	130061.4667
Android	rmx3944	82	mediatek mt6835  mt6835	India	129970.7
Android	sm-a035f	65		South_Asia	129961.3667
iOS	"iPad6,3"	82		China_Mainland	129675.05
Android	rod2-w09	89		China_Mainland	129671.9167
Android	sm-s908n	92	qualcomm 8 gen 1	East_Asia	129622.0833
Android	innova30	75	unisoc t616	South_Asia	129448.0333
Android	u572ac	74	helio p35	North_America	129079.9333
Android	sm-t580	74	samsungexynos7870	Europe	128999.6167
Android	25028rn03a	76	spreadtrum ums9230e  serenity	Africa	128651.65
Android	sm-a556e	71		South_Asia	128575.4333
Android	sm-g892a	83	qualcomm 835	North_America	128278.7833
Android	2411drn47i	82	qualcomm 4 Gen 2	India	128189.1
Android	sm-a155f	75		South_Asia	128085.5667
iOS	"iPhone12,1"	90		Africa	127723.4167
iOS	"iPad15,3"	66		China_Mainland	127616.9167
MAC	"Mac15,12"	85		China_Mainland	127579.9167
Android	22081283c	75		China_Mainland	127361.4167
Android	sm-s901n	92	qualcomm 8 gen 1	East_Asia	127349.1667
Android	23124rn87i	75	", mt6835"	India	127347.4667
Android	rmx3834	72	Unisoc T612	South_Asia	127133.4333
Android	moto g24	74	helio p65	South_America	126779.2667
iOS	"iPhone11,6"	88		South_Asia	126622.5333
Android	rmx3941	75	helio p65	South_Asia	126592.2167
iOS	"iPhone16,1"	-1		East_Asia	126523.3
Android	infinix x6725b	76	spreadtrum ums9230e  ums9230_x6725b	South_Asia	126504.3333
Android	sm-a156e	75	", mt6835"	India	126265.5833
Android	sm-s911b	95	qualcomm 8 Gen 2	Europe	126046.8333
Android	sm-a037f	73	"MT6765V/WB, mt6765"	South_Asia	125699.4333
Android	2312crnccl	74	helio p35	South_America	125682.7
Android	rmx3710	75	helio p65	India	125187.1833
Android	rmx3930	68	", ums9230_latte"	South_Asia	125178.2833
Android	sm-a546e	85	exynos 1380	India	125135.4667
Android	sm-a055f	69	"null, mt6768"	Africa	125065.2333
Android	v2513	82	mediatek mt6878  mt6878	India	124955.25
Android	rmx3830	73	unisoc t612	Middle_East	124778.8
Android	lrt-w30	71		China_Mainland	124720.2167
Android	cph2577	72		South_Asia	124533.4167
Android	v2310	69		South_Asia	124488.3333
Android	rmx3834	73	unisoc t612	Middle_East	124438.8667
Android	cph2695	75	", mt6835"	India	124413.3
Android	2201117tg	89	Qualcomm 680	South_Asia	124347.1
iOS	"iPhone17,1"	100		Europe	124333.3333
Android	redmi note 8	81	"qualcomm technologies, inc trinket qcom"	South_Asia	124064.2333
Android	infinix x688b	73		South_Asia	123807.9
Android	sm-a346m	82	mediatek 900	South_America	123739.5667
Android	infinix x6837	78	helio g99	South_Asia	123720.8833
Android	22101316i	82	mediatek 1080	India	123595.95
Android	ztab10	69	helio a20	North_America	123559.5833
Android	moto g22	75	helio p35	South_America	123405.45
Android	redmi 5 plus	82		Africa	123386.3
iOS	"iPhone12,5"	90		Africa	123305.7167
Android	sm-s911w	95	qualcomm 8 Gen 2	North_America	123043.2667
Android	sm-g960u	86	qualcomm 845	North_America	122618.65
Android	tecno ki7	72	"MT6769H, mt6769"	South_Asia	122361.15
Android	tecno bf7	69	helio a20	South_America	122332.4
Android	v2502	86	qti sm7635  qcom	India	122242.5667
Android	23129rn51x	73		South_Asia	122234.7833
Android	23053rn02i	75	helio p65	South_Asia	122233.15
Android	tecno bg7	74	helio p35	South_America	121976.2
Android	infinix x6833b	75		South_Asia	121739.6167
Android	cph2487	89	", qcom"	India	121501.65
Android	infinix x6858	78	helio g99	South_Asia	121442
Android	brp-nx3	83	qualcomm 6 Gen 1	South_America	121350.75
Android	sm-g781b	89	qualcomm 865	India	121075.6667
Android	2312draabi	75	", mt6833"	India	120894.4
Android	sm-a315n	74	helio p65	East_Asia	120858.7
Android	sm-a135f	81	samsung exynos 850 samsung a13 eur open rev02b board based on exynos850 exynos850	South_Asia	120662.5833
Android	sm-a307fn	80	exynos7904	Europe	120604.9833
iOS	"iPhone11,2"	88		East_Asia	120588.8167
Android	sm-m356b	85	exynos 1380	India	120443.6833
Android	ele-al00	86	kirin 980	China_Mainland	120364.45
Android	moto g(20)	65		South_America	120244.9
Android	sm-a566e	88	samsung s5e8855  s5e8855	India	120107.7333
Android	m2101k7bi	77	helio g90t	India	120022.0167
Android	sm-a125f	75	helio p35	South_Asia	119887.5833
Android	infinix x6532c	73	", mt6765"	South_Asia	119749.8667
Android	xd-sdb21-2302	71		China_Mainland	119447.6667
Android	v2344	72	ums9230_6h10	South_Asia	119390.5167
Android	infinix x6532c	73		South_Asia	119354.75
Android	sm-s938b	94	qti sm8750  qcom	Middle_East	119326.55
Android	a142	84	mediatek 7200	India	118881.4833
Android	2409brn2ca	75	mt6768	South_Asia	118849.3667
Android	tecno bg6	65		Middle_East	118750.2333
iOS	"iPhone11,6"	88		North_America	118239.9333
Android	23053rn02a	72		South_Asia	118012.25
Android	24117rn76g	75		Middle_East	117918.35
Android	moto g24 power	75	helio p65	Europe	117808.4667
Android	sm-a165m	78	helio g99	South_America	117745.2667
Android	gfy-lx3	73		South_America	117523.55
Android	nic-lx2	75	helio p65	Middle_East	117353.65
Android	2312crnccl	73		South_America	117305.0167
Android	sm-a125f	75	helio p35	Middle_East	117049.55
Android	rmx2195	82	"Qualcomm Technologies, Inc SDM460, qcom"	South_Asia	117044.9667
Android	primo s7 pro	75	"MT6771V/CT, mt6771"	South_Asia	117021.1167
Android	y1	89		China_Mainland	117016.4333
Android	tecno ki7	72		South_America	116830.3167
Android	rmx3930	68		South_Asia	116445.5667
Android	tecno km7	78	helio g99	Africa	116368.6833
Android	v2254	73	"MT6765V/CB, mt6765"	South_Asia	116353.0833
Android	v2312	77	mediatek 6020	India	116251.75
Android	a7	68		China_Mainland	116181.3833
Android	alt-al10	84		China_Mainland	116113.75
Android	sm-a556e	88	exynos 1480	Middle_East	115728.0167
Android	gfy-lx3	74	helio p35	South_America	115607.2833
Android	cph2083	73	"MT6765V/CB, mt6765"	South_Asia	115511.1
Android	infinix x6515	67		South_Asia	115347.7333
iOS	"iPhone17,2"	-1		North_America	115215.25
Android	infinix x6532	69		South_Asia	115151.0667
Android	v2205	83	qualcomm 680	India	115127.05
Android	sm-g991n	88	samsung exynos 2100  exynos2100	East_Asia	115104.6333
iOS	"iPad6,7"	82		China_Mainland	114722.45
Android	hey3-w10	89		China_Mainland	114692.1333
Android	rmx3430	74	helio p65	India	114523.15
Android	sm-a155f	77	helio g99	Middle_East	114404.6667
Android	jdy-lx2	75	helio p65	South_Asia	114318.1833
Android	sm-a042f	75	helio p35	India	114209.9333
Android	cph2619	89	", qcom"	India	114144.5667
Android	rmx3933	65		South_Asia	114061.95
Android	infinix x6886	78	helio g99	South_Asia	114026.5
Android	2404arn45a	75	mt6768	South_Asia	113906.8833
Android	m2004j19c	74	helio p65	China_Mainland	113903.35
Android	sm-a165f	77	helio g99	Middle_East	113805.4667
Android	moto g45 5g	89	"null, qcom"	India	113777.9667
Android	motorola edge 50 fusion	83	qualcomm 6 Gen 1	South_America	113740.1833
Android	moto g85 5g	89	", qcom"	India	113729.4167
Android	cph2239	76	helio p35	South_Asia	113407.6
Android	v2310	72		South_Asia	113371.5333
Android	24090ra29i	82	mediatek mt6878  mt6878	India	113332.8333
Android	sm-a146b	83	exynos 1330	India	113287.9833
Android	23021raaeg	81	qualcomm 680	Middle_East	113280.75
Android	sm-f731n	95	qualcomm 8 Gen 2	East_Asia	113141.9667
Android	2409brn2ca	75	helio p65	Africa	113113.9
Android	cph2455	83	qualcomm 695	India	113043.1833
iOS	"iPhone15,3"	96		Africa	112966.9
Android	cph2527	83	qualcomm 695	India	112872.8333
Android	sm-a266m	84	exynos 1280	South_America	112815.1
Android	vivo y17	75	helio p35	South_Asia	112752.9667
Android	rmx3231	74	octa core rmx3231	South_Asia	112706.9667
Android	23028ra60l	80	qualcomm 680	South_America	112288.5167
Android	cph2473	83	qualcomm 680	South_Asia	112256.2
Windows	B365M D2V	78	Intel(R) Core(TM) i5-9400 CPU @ 2.90GHz	China_Mainland	112227.0833
Android	redmi note 8 pro	77	helio g90t	India	112225.3167
Android	cph2629	82	mediatek mt6878  mt6878	India	112062.4167
Android	bah4-w19	89		China_Mainland	111962.6667
Android	cph2387	73	"MT6765G, mt6765"	South_Asia	111918.7167
Android	sm-s721w	95	exynos 2400	North_America	111912.7167
Android	sm-a137f	74	helio p65	Middle_East	111825.5
Android	v2029	85		South_Asia	111721.7833
Android	zpd1203	72		China_Mainland	111500.3
Android	xpv11	72		China_Mainland	111428.5833
Android	sm-a057f	89		South_Asia	111365.2333
Android	sm-s908u	92	qualcomm 8 gen 1	North_America	111315.5333
Android	25028rn03a	65		South_Asia	111199.6
Android	2409brn2ca	72		Middle_East	110972.75
Android	rmx3933	73	unisoc t612	India	110831.1833
Android	v2236	73		South_Asia	110816.8833
Android	b1	85	rockchip rk3588  rk30board	China_Mainland	110799.8833
Android	tecno kj5	75	helio p65	South_America	110664.1833
Android	itel a665l	71	unisoc t603	South_Asia	110554.0333
Android	cph2711	80	qualcomm 662	South_Asia	110501.1
Android	sm-a256e	84	exynos 1280	South_America	110486.6
Android	sm-s911u	95	qualcomm 8 Gen 2	North_America	110286.5667
Android	sm-a356e	71	", s5e8835"	India	110258.8333
Android	v2404	88	qualcomm 7 Gen 3	India	110196.15
Android	sm-a146u	77	mediatek 6020	North_America	110129.2667
Android	v2419	68	", ums9230_6h10"	South_Asia	110111.1667
iOS	"iPad7,12"	84		China_Mainland	110055.4
Android	tecno cm6	78	helio g99	South_Asia	109945.6
Android	sm-a156e	75		South_Asia	109705.0667
Android	infinix x669c	73	"MT6765H, mt6765"	South_Asia	109585.3167
Android	rmx3867	82	mediatek 1080	India	109453.1667
Android	23106rn0da	75	helio p65	Africa	109448.4167
Android	sm-a137f	69		Middle_East	109268.1
Android	22120rn86g	74	helio p65	South_Asia	109197.7167
Android	dn2101	86	mediatek 1300	India	109179.6833
Android	22101317c	81	qualcomm 4 Gen 1	South_Asia	109109.1833
Android	cph2591	74	helio p65	India	109059.7333
Android	cb-x2	65		China_Mainland	109026.2833
Android	220333qbi	82	qualcomm 680	India	108993
Android	bky-w00	71		China_Mainland	108973.0833
Android	v2520	74	unisoc t612	South_Asia	108927.3167
Android	220233l2g	73	helio g25	South_Asia	108880.9
iOS	"iPad12,1"	90		East_Asia	108867.2833
Android	infinix x6882	75		South_Asia	108770.85
Android	v2507	74	ums9230_6h10	South_Asia	108769.95
Android	sm-a155f	78	helio g99	South_Asia	108713.3333
Android	d1	75		China_Mainland	108613.5833
Android	sm-a035m	74	unisoc t616	South_America	108545.2167
Android	25028rn03y	76	spreadtrum ums9230e  serenity	Europe	108308.2
Android	cph2725	86	", qcom"	South_Asia	108168.8333
Android	infinix x6525	65		Africa	108156.2167
Android	m2003j15sc	69	"MT6769Z, mt6768"	South_Asia	108098.55
Android	m2007j22c	76	mediatek 720	China_Mainland	107971.85
Android	v2419	73	unisoc t612	South_Asia	107932.3333
Android	sm-s928b	93		Middle_East	107803.7667
Android	sm-s918u	95	qualcomm 8 Gen 2	North_America	107692.1833
Android	sm-f741n	96	qualcomm 8 Gen 3	East_Asia	107273.8833
Android	motorola edge 60 pro	89	mediatek 8300	India	107236.9167
iOS	"iPhone16,2"	-1		North_America	107168.0333
Android	cph2579	74	helio p65	India	107071.4
Android	sm-a546e	85	exynos 1380	Middle_East	107047.3
Android	sm-a145m	65		South_America	106755.1667
iOS	"iPhone17,1"	100		South_America	106637.65
Android	21091116ai	80	mediatek 6020	India	106553.2333
Android	2201117tg	83	qualcomm 680	South_Asia	106529.0667
Android	sm-a055f	69		South_Asia	106502.7833
Android	rmx2195	80	"qualcomm technologies, inc sdm460 qcom"	South_Asia	106501.0667
Android	vivo 1820	68	helio a25	South_Asia	106476.0333
Android	v2310	69	", mt6768"	South_Asia	106349.3
Android	redmi note 8	82	"Qualcomm Technologies, Inc TRINKET, qcom"	South_Asia	106298.7167
Android	tecno bf7	69	helio a20	South_Asia	106201
Android	vivo 1906	81	Qualcomm 439	South_Asia	106010.4667
iOS	"iPad14,1"	94		North_America	105861
Android	v2534	82	mediatek mt6878  mt6878	India	105846.9667
Android	v2351	79	mediatek mt6835  mt6835	India	105609.65
Android	rmx3933	68		South_Asia	105569.3833
Android	redmi k20 pro	88	qualcomm 855	India	105468.9667
Android	23053rn02a	72	", mt6768"	South_Asia	105466.3333
Android	tecno ki5k	71	unisoc t606	South_Asia	105376.7833
Android	sm-g9730	84	Exynos 9820	China_Mainland	105294.4167
Android	2411drn47i	83	qualcomm 4 Gen 2	India	105288.4833
Android	sm-a705fn	80	qualcomm 675	Middle_East	105193.8333
Android	sm-e556b	85	qualcomm 7 gen 1	India	105075.8333
Android	m2006c3lg	64		South_America	104638.0833
Android	rmx3710	72		South_Asia	104473.8833
Android	moto g96 5g	85	qualcomm 7s Gen 2	India	104338.75
Android	v2102	81	Qualcomm 439	South_Asia	104251.9833
Android	opd2301	75		China_Mainland	104227.4667
Android	24049rn28l	75	helio p65	South_America	104205.7667
Android	sm-a217m	81	samsung exynos 850  exynos850	South_America	104180.5
Android	sm-a235m	82	qualcomm 680	South_America	104152.85
Android	22111317i	81	qualcomm 4 Gen 1	India	104095.55
Android	sm-a125f	73	"MT6765V/CB, mt6765"	South_Asia	104009.5167
Android	moto g35 5g	77	unisoc t760	South_America	103893.2833
Android	tecno kl4	65		Africa	103815.3167
Android	cph2591	74	helio p65	Middle_East	103768.6667
Android	tecno bf7	67	"MT6761V/WBB, mt6761"	South_Asia	103671.95
Android	cph2531	82	mediatek 1080	India	103592.55
Android	infinix x6532c	74	helio p35	South_America	103574.5833
Android	cph2015	73		South_Asia	103552.05
Android	sm-a146b	71	", s5e8535"	India	103492.2
Android	24066pc95i	83	qualcomm 4 Gen 2	India	103145.15
Android	itel s665l	72	Unisoc T606	South_Asia	103128.8833
Android	pixel 8a	83	google tensor g3  akita	North_America	103033.4167
Android	sm-a236e	83	qualcomm 695	India	102907.7167
Android	m2003j15sc	74	helio p65	South_Asia	102868.35
Android	v2207	74	helio p65	India	102804.0167
Android	v2059	77	helio g90t	India	102756.7667
Android	v2307	85	Qualcomm 695	India	102654.9333
Windows	FLMH-XX	76	Intel(R) Core(TM) Ultra 5 125H	China_Mainland	102616.7833
Android	cph2387	75	helio p35	India	102562.4667
Android	v2234	73	"MT6765V/CB, mt6765"	South_Asia	102547.9333
iOS	"iPhone14,5"	-1		China_Mainland	102487.0667
Android	sm-a075f	73		South_Asia	102403.8333
Android	infinix x6515	69	helio a20	South_Asia	102270.7
Android	i2403	82	mediatek mt6878  mt6878	India	102059.0167
Android	22127rk46c	81	xiaomi 22127rk46c  rk30board	China_Mainland	101997.5333
Android	redmi note 8	81	"qualcomm technologies, inc trinket qcom"	South_America	101873.7
Android	23128pc33i	78	mediatek mt6835  mt6835	India	101801
Android	moto g54 5g	79	mediatek 930	India	101768.8833
Android	v2207	75	helio p65	India	101425.8
Android	scg33	78	mediatek mt6835  mt6835	East_Asia	101372.7333
Android	itel s665l	69	Unisoc T606	South_Asia	101370.6667
Android	infinix x6725	76	spreadtrum ums9230e  ums9230_x6725_go	South_America	101362.2167
Android	t434d	74	helio p35	North_America	101301.8
Android	v2254	75	helio p35	South_Asia	101269.9
Android	jdy-lx3p	75	helio p65	South_America	101145.4167
iOS	"iPhone13,1"	92		North_America	101106.9
Android	motorola edge 40 neo	81	mediatek 1050	India	101060.6
Android	moto g pure	73	helio g25	South_Asia	101043.55
Android	itel a665l	65		South_Asia	101021.4667
Android	rmx2185	68		South_Asia	100834.3333
Android	v2109	72	"MT6769V/CU, mt6768"	South_Asia	100697.4333
Android	24117rn76l	75		South_America	100664.95
Android	cph2333	89		South_Asia	100623.1
Android	tecno bg7	74	helio p35	South_Asia	100613.1
Android	sm-a315g	74	helio p65	South_America	100589.4333
Android	moto g45 5g	89	", qcom"	India	100431.9667
Android	sm-x216b	83	qualcomm 695	India	99917.33333
Android	alt-lx3	81	qualcomm 680	South_America	99828.18333
Android	rmx3830	69	Unisoc T612	South_Asia	99738.48333
iOS	"iPhone17,2"	100		Africa	99710.46667
Android	a059	86	qti sm7635  qcom	India	99643.45
Android	cph2641	82	qcom	South_Asia	99624.66667
Android	21121119sg	74	helio p65	South_Asia	99558.48333
Android	s5 pro	86		China_Mainland	99530.7
Android	v2310	75	mt6768	South_Asia	99501.95
Android	v2222	83	qualcomm 695	India	99471.46667
Android	sm-a055m	69		South_America	99422.38333
Android	v2344	65		South_Asia	99377.76667
Android	23090ra98g	84	mediatek 7200	South_America	99284.46667
Android	24117rn76o	75		South_Asia	99224.08333
Android	23053rn02l	75	helio p65	South_America	99199.68333
Android	cph2711	89	", qcom"	South_Asia	99183.43333
Android	sm-a055f	74	helio p65	Middle_East	99163.01667
iOS	"iPhone15,4"	96		South_Asia	99156.26667
Android	v2055	76	mediatek 700	India	99132.81667
Android	cph2495	75	", mt6833"	India	99120.98333
iOS	"iPhone14,3"	94		India	99060.16667
Android	redmi note 9 pro	82	qualcomm 720g	India	99027.86667
Android	22120rn86g	72	"MT6769V/CZ, mt6768"	South_Asia	98907.23333
Android	v2037	72	"MT6769V/CU, mt6768"	South_Asia	98853.53333
Android	rmx5313	76	spreadtrum ums9230e  ums9230_dhaka	South_Asia	98826.5
Android	m2004j19c	69	"MT6769T, mt6768"	South_Asia	98674.08333
iOS	"iPhone11,8"	88		Europe	98613.06667
Android	cph2665	75	", mt6835"	India	98515.26667
iOS	"iPad7,3"	84		China_Mainland	98438.56667
iOS	"iPhone14,7"	94		South_Asia	98435.2
Android	infinix x6525	69	Unisoc T606	South_Asia	98341.36667
Android	rmx3941	72	", mt6768"	South_Asia	98307.08333
Android	23108rn04y	72		South_Asia	98260.86667
Android	tecno bg6	71	unisoc t606	Middle_East	98155.83333
Android	cph2599	82	mediatek 1080	India	98126.51667
Android	220333ql	86		South_America	98097.41667
Android	moto g05	74	helio p65	South_America	97990.4
Android	v2204	73		South_Asia	97974.73333
Android	rmo-nx3	83	qualcomm 695	South_America	97899.35
Android	v2407	79	mediatek mt6835  mt6835	India	97849.06667
MAC	"Mac14,2"	85		China_Mainland	97815.4
Android	infinix x6870	82	mediatek mt6878  mt6878	India	97748.38333
Android	2409brn2ca	69		Middle_East	97640.96667
Android	sm-a135m	77		South_America	97542.5
Android	sm-a165f	77	helio g99	Europe	97485.5
Android	sm-a165f	75		Middle_East	97478.06667
Android	zpd1321	72		China_Mainland	97378.26667
Android	v2531	65		South_Asia	97232.68333
Android	rmx3741	82	mediatek 1080	India	97181.16667
iOS	"iPhone12,1"	90		India	97092.01667
iOS	"iPhone13,2"	92		India	97077.96667
Android	opd2101	93		China_Mainland	96930.05
Android	cph1803	74	qualcomm 450	South_Asia	96861.6
Android	motorola edge 50 fusion	89	", qcom"	India	96798.1
iOS	"iPad11,6"	88		East_Asia	96755.26667
Android	2312dra50i	85	qualcomm 7s Gen 2	India	96753.38333
Android	tecno kl5	69		South_America	96581.83333
Android	v2240	83	qualcomm 695	India	96529.53333
iOS	"iPhone18,2"	-1		Europe	96245.43333
Android	v2322	89		South_Asia	96217.41667
Android	tb375fc	79		China_Mainland	96208.11667
Android	rmx3834	73	unisoc t612	South_America	96080.18333
iOS	"iPhone18,2"	-1		South_America	96001.95
Android	hey-w09	86		China_Mainland	96001.23333
Android	cph2477	75	helio p35	India	95991.03333
Android	v2503	92	mediatek 9300	India	95985.61667
Android	sm-g781v	89	qualcomm 865	North_America	95763.58333
Android	sm-a035f	74	unisoc t616	South_Asia	95707.61667
Android	24094rad4i	75	", mt6855"	India	95671.13333
Android	sm-a245m	77	helio g99	South_America	95598.41667
Android	23129raa4g	87	qcom	South_Asia	95596.78333
iOS	"iPhone18,2"	-1		China_Mainland	95510.88333
Android	v2253	78	mediatek 6020	India	95153.26667
Android	21121119sg	69	"MT6769H, mt6768"	South_Asia	95038.2
Android	sm-a066b	79	mediatek mt6835  mt6835	India	95027.98333
Android	25078ra3ea	72	", mt6768"	South_Asia	94913.61667
iOS	"iPhone12,3"	90		Europe	94812.38333
iOS	"iPhone9,1"	84		China_Mainland	94670.7
Android	sm-a135f	81	samsung exynos 850 samsung a13 eur open rev02b board based on exynos850 exynos850	India	94566.01667
iOS	"iPhone10,3"	86		North_America	94374.8
Android	rmx3710	75	helio p65	Middle_East	94362.68333
Android	23028rn4dg	73		South_Asia	94350.68333
Android	sm-a042m	75	helio p35	South_America	94307.8
Android	sm-a165f	78	helio g99	South_Asia	94306.78333
Android	sm-a155f	73		Middle_East	94304.55
Android	rmx3085	75	"MT6785V/CD, mt6785"	South_Asia	94300.33333
Android	moto g04s	65		South_America	94252.51667
Android	infinix x6833b	75	", mt6789"	South_Asia	94250.83333
Android	ali-an00	83	qualcomm 6 Gen 1	China_Mainland	94183.03333
Android	ta431a	71		China_Mainland	94030.91667
Android	v2333	75	mt6768	South_Asia	93989.83333
Android	sm-a156m	81	mediatek mt6835  mt6835	South_America	93892.95
Android	2312dra50g	85	qualcomm 7s Gen 2	South_America	93743.9
Android	sm-a045f	75	helio p35	Middle_East	93671.81667
Android	lly-lx3	83	qualcomm 680	South_America	93358.56667
Android	2307brpdcc	93		China_Mainland	93356.08333
iOS	"iPhone16,1"	98		South_America	93324.31667
Android	tb305fu	77	mediatek mt8786v/n  mt8786	North_America	93227.08333
iOS	"iPhone13,3"	92		South_Asia	93217.43333
Android	24117rn76g	76	mt6789	South_Asia	93136.03333
Android	m2006c3mii	75	helio p35	India	92872.06667
Android	cph2643	75	", mt6877"	India	92870.63333
Android	zpd1273	72		China_Mainland	92870.08333
Android	hbn-al00	71		China_Mainland	92791.88333
Android	v2312	75	"MT6833, mt6833"	India	92783.36667
Android	23129rn51x	74	helio p35	Middle_East	92760.93333
Android	v2520	68	", ums9230_6h10"	South_Asia	92731.15
Android	itel a665l	65		Africa	92616.5
Android	23106rn0da	72		Middle_East	92574.76667
Android	v2315	75	mediatek 700	India	92508.53333
Android	25028rn03a	68	", serenity"	South_Asia	92381.05
Android	moto g play - 2023	75	helio p35	South_Asia	91990.25
Android	moto g power (2022)	75	helio p35	North_America	91983.75
Android	v2050	77	mediatek 800u	India	91901.86667
Android	mi 10	89	", qcom"	China_Mainland	91882.96667
Android	cph2667	75	"null, mt6835"	India	91863.93333
Android	23106rn0da	72	", mt6768"	South_Asia	91831.95
Android	cph2661	90	qualcomm 7+ Gen 3	India	91629.56667
Android	cph2239	75		South_Asia	91627.08333
Android	infinix x6528	72	Unisoc T606	South_Asia	91509.65
iOS	"iPhone12,5"	90		Middle_East	91470.5
iOS	"iPhone13,3"	-1		East_Asia	91428.65
Android	rmx3933	72	ums9230_latte	South_Asia	91400.26667
Android	moto g(30)	78	qualcomm 662	South_America	91311.05
Android	tb128fu	89		China_Mainland	91280.3
Android	2201117tl	82	qualcomm 680	South_America	91093.98333
Android	tecno ki7	80	mediatek mt6769h mt6769h mt6769	Middle_East	90887.76667
Android	sm-s936n	94	qti sm8750  qcom	East_Asia	90804.88333
Android	rmx3910	75	helio p65	South_Asia	90779.8
Android	cph2473	89	Qualcomm 680	South_Asia	90658
Android	v2037	74	helio p65	India	90528.63333
Android	m2006c3lg	64		South_Asia	90488.21667
Android	sm-a155f	77	helio g99	Europe	90457.53333
Android	tecno kl5	75	helio p65	South_America	90374.73333
Android	v2333	69		South_Asia	90283.21667
Android	sm-a146m	83	exynos 1330	South_America	90240.28333
Android	rmx3939	68	", ums9230_latte"	South_Asia	90161.61667
Android	220233l2g	69	"MT6762G, mt6762"	South_Asia	90096.3
Android	23129rn51x	73		Middle_East	89987.05
Android	mrx-an19	84		China_Mainland	89885.35
Android	moto g24	69		South_America	89870.66667
Android	2201116si	83	qualcomm 695	India	89832.9
Android	redmi note 9 pro max	83	qualcomm 720g	India	89775.26667
Android	v2228	80	mediatek 1080	India	89646.95
Android	23106rn0da	74	helio p65	Africa	89628.35
Android	23129raa4g	89		Middle_East	89522.63333
Android	24044rn32l	65		South_America	89517.23333
Android	sm-s931b	94	qti sm8750  qcom	India	89454.58333
Android	rmx3710	72	"MT6769H, mt6768"	South_Asia	89306.3
Android	24117rn76o	78	helio g99	South_Asia	89163.78333
Android	cph2773	79	qualcomm 662	South_Asia	89094.76667
Android	tecno bf6	60		South_America	89066.41667
Android	nic-lx2	75	helio p65	South_Asia	89066.1
iOS	"iPad15,7"	96		East_Asia	88892.73333
Android	eln2-w09	89		China_Mainland	88890.26667
Android	2411drn47i	89	", qcom"	India	88873.85
Android	sm-a256b	84	exynos 1280	Europe	88655.2
Android	23129raa4g	81	qualcomm 680	Middle_East	88633.75
Android	sm-m017f	69	"MT6762V/WB, mt6762"	South_Asia	88611.4
iOS	"iPad14,5"	94		China_Mainland	88570.53333
Android	rmx3760	68		Middle_East	88488.73333
iOS	"iPhone11,2"	88		South_Asia	88444.86667
Android	cph2239	75	"MT6765G, mt6765"	South_Asia	88415.45
iOS	"iPhone18,1"	66		East_Asia	88322.95
Android	sm-s908b	90	exynos 2200	Europe	88195.15
Android	v2347	90	mediatek 9200	India	88094.05
Android	cph2669	80	qualcomm 662	South_Asia	87995.23333
iOS	"iPhone12,3"	90		South_Asia	87898.78333
iOS	"iPhone12,3"	90		China_Mainland	87875.58333
Android	tecno kl4	76	spreadtrum t615  ums9230_kl4_go	Africa	87464.38333
Android	21121119sg	75	helio p65	South_Asia	87372.41667
Android	sm-a217m	77		South_America	87361.9
Android	vivo 1901	70	helio a25	India	87311.96667
Android	v2332	69	", mt6768"	South_Asia	87301.5
Android	sm-a032f	67	unisoc sc9863a	South_Asia	87290.05
iOS	"iPhone17,3"	100		Africa	87156.06667
Android	crt-lx3	75	helio p65	South_America	87149.65
Android	infinix x669c	76	helio p35	South_Asia	86975.5
Android	rmx2020	74	helio p65	South_Asia	86852.01667
Android	v2249	75	helio p65	South_Asia	86850.88333
Android	sm-s721b	95	exynos 2400	India	86807.91667
Android	vivo y17	73		South_Asia	86773
Android	cph2159	89		South_Asia	86772.68333
Android	cph2691	96	qualcomm 8 Gen 3	India	86663.71667
Android	cph2447	94	qualcomm 8 Gen 2	India	86638.93333
Android	24116rnc1i	86	", qcom"	India	86574.28333
Android	tmrv07p5g	83	qualcomm 6 Gen 1	North_America	86520.96667
Android	rmx2185	68	"MT6765G, mt6765"	South_Asia	86499.73333
Android	v2338	89	", qcom"	India	86419.76667
Android	noh-an00	88		China_Mainland	86234.03333
Android	le2101	89	qualcomm 865	India	86175.31667
Android	2303era42l	77	helio g96	South_America	86104.78333
Android	infinix x6525b	73		Middle_East	85999.8
Android	a6	68		China_Mainland	85895.33333
Android	eb2101	82	qualcomm 750g	India	85885
Android	sm-a145r	74	helio p65	Europe	85831.55
Android	tecno kj7	75	"null, mt6789"	Africa	85823.66667
iOS	"iPhone15,5"	96		India	85741.43333
Android	tecno ki7	80	mediatek mt6769h mt6769h mt6769	South_Asia	85696.78333
Android	sm-a042f	73		Middle_East	85675.03333
Android	rmx3624	73	unisoc t612	South_Asia	85610.55
Android	rmx3782	75	", mt6835"	India	85604.9
Android	vivo 1904	70	helio a25	South_Asia	85572.6
Android	23028ra60l	86		South_America	85476.56667
Android	cph2613	89	", qcom"	India	85461.73333
Android	innova10	73	"G35, mt6765"	South_Asia	85451.76667
Android	infinix x669	71	unisoc t606	South_Asia	85449.73333
Android	m2003j15sc	74	helio p65	South_America	85434.93333
Android	v2126	80	mediatek 810	India	85157.58333
Android	ums9620_ca30pro_native	71		China_Mainland	85021.91667
Android	cph2579	74	helio p65	South_Asia	84960.8
Android	tas-an00	88	kirin 990	China_Mainland	84890.06667
Android	xd-sdd15-2201	73		China_Mainland	84743.8
Android	sm-g998u	89	qualcomm 888	North_America	84659.8
Android	cph2375	89		South_Asia	84640.71667
Android	sm-a165f	75	"null, mt6789"	Africa	84627.26667
Android	moto g32	82	qualcomm 680	South_America	84626.08333
Android	cph2727	89	", qcom"	South_Asia	84547.45
Android	talih-pde1	72		China_Mainland	84377.4
Android	25028rn03a	79	spreadtrum ums9230e  serenity	South_Asia	84374.01667
Android	sm-a042f	73		South_Asia	84326.83333
Android	rmx3201	75	helio p35	South_Asia	84300.46667
Android	itel s665l	71	unisoc t606	South_Asia	84242.18333
Android	vivo 1920	79	qualcomm 665	India	84235.68333
Android	rmx3830	65		South_Asia	84208.4
Android	cph2381	89		India	84056.08333
Android	sm-m115f	74	qualcomm 450	India	84021.4
Android	cph2569	89	"Qualcomm Technologies, Inc SDM782G, qcom"	India	84004.76667
iOS	"iPhone13,1"	-1		East_Asia	83972.78333
Android	infinix x665b	67	"MT6761V/WBB, mt6761"	South_Asia	83911.65
Android	sm-s921u	96	qualcomm 8 Gen 3	North_America	83889.81667
Android	sm-f966n	94	qti sm8750  qcom	East_Asia	83870.55
Android	sm-m356b	71	", s5e8835"	India	83724.4
Android	tas-an00	84		China_Mainland	83685.95
Android	23108rn04y	75	helio p65	South_Asia	83596.76667
Android	redmi note 8	82		Middle_East	83594.3
Android	sm-g990b2	89	qualcomm 888	Europe	83539.3
Android	infinix x6531	74	helio p65	South_America	83483.61667
Android	itel c671l	79	spreadtrum ums9230e  ums9230_c671l	South_Asia	83374.81667
Android	zpd1401	72		China_Mainland	83329.7
Android	vivo 1901	69		South_Asia	83267.73333
Android	s9	71		China_Mainland	83253.23333
Android	v2441	81	qualcomm 680	South_Asia	83183.53333
Android	sm-a356e	85	exynos 1380	South_Asia	83120.65
Android	redmi 8	76	qualcomm 439	South_Asia	83005.13333
Android	25078ra3ea	74	helio p65	Africa	82850.91667
iOS	"iPhone16,2"	98		India	82811.23333
Android	22127rk46c	71	", rk30board"	China_Mainland	82735.63333
Android	infinix x6855	78	helio g99	South_Asia	82679.13333
Android	rmx3910	72	", mt6768"	South_Asia	82651.88333
Android	cph2473	89		South_Asia	82598.28333
Android	rmx3521	83	qualcomm 680	India	82587.36667
Android	24116raccg	75		Middle_East	82513.15
Android	cph2179	73		South_Asia	82476.28333
Android	rmx3945	79	mediatek mt6835  mt6835	India	82466.06667
Android	23021raaeg	89	", qcom"	South_Asia	82428.03333
Android	sm-a032m	67	unisoc sc9863a	South_America	82413.31667
Android	v2207	69		South_Asia	82410.26667
Android	cph2641	79	qualcomm 662	Middle_East	82391.71667
Android	sm-a135f	77		South_Asia	82296.7
Android	infinix x6725b	65	", ums9230_X6725B"	South_Asia	82178.71667
iOS	"iPhone12,3"	90		North_America	82104.71667
Android	vivo 1906	76	qualcomm 439	India	82063.05
Android	cph2239	75	helio p35	India	82029.03333
Android	cph2209	75		South_Asia	82009.71667
Android	moto g34 5g	83	qualcomm 695	India	81982.73333
Android	i2219	83	qualcomm 6 Gen 1	India	81964.5
Android	cph2113	89		South_Asia	81900.41667
iOS	"iPhone10,3"	86		East_Asia	81863.58333
Android	cph2579	75	mt6768	South_Asia	81833.96667
Android	sm-a356b	85	exynos 1380	Europe	81783.01667
Android	25078ra3ea	75	helio p65	Africa	81768.85
Android	moto g(9) play	81	"qualcomm technologies, inc bengal qcom"	South_America	81757.61667
Android	sm-a235f	83	qualcomm 680	South_Asia	81649.31667
Android	a015	82	mediatek mt6878  mt6878	India	81640.21667
Android	sm-a032f	60		Middle_East	81635.93333
Android	m2006c3mg	73		Middle_East	81631.83333
Windows	10TYS1T000	78	Intel(R) Core(TM) i5-8500 CPU @ 3.00GHz	East_Asia	81568.85
Android	cph2015	75	helio p35	South_Asia	81525.41667
Android	symphony z60	69	Unisoc T606	South_Asia	81482.98333
Android	sm-n981n	91	qualcomm 865	East_Asia	81362.55
Android	infinix x6831	80	mediatek mt6769h mt6769h mt6769	South_Asia	81319.98333
Android	cph2573	96	qualcomm 8 Gen 3	India	81152.4
Android	infinix x6881	78	helio g99	South_Asia	81101.88333
Android	infinix x6516	60		Middle_East	81036.53333
Android	redmi 8	76	qualcomm 439	India	81033.1
Android	22120rn86g	75	helio p65	South_Asia	80984.01667
iOS	"iPhone10,5"	86		South_America	80958.73333
Android	innova30	72	Unisoc T616	South_Asia	80948.95
iOS	"iPhone16,1"	98		India	80939.93333
Android	infinix x6532	74	helio p65	South_America	80924.8
Android	v2249	72		South_Asia	80711.96667
Android	24115ra8ei	86	qti sm7635  qcom	India	80505.68333
Android	sm-a256e	84	exynos 1280	Middle_East	80491.48333
Android	infinix x6882	78	helio g99	South_America	80354.25
iOS	"iPhone14,2"	94		Middle_East	80322.98333
Android	lrt-w20	71		China_Mainland	80279.73333
Android	2201117tl	86		South_America	80250.91667
iOS	"iPhone12,1"	-1		South_Asia	80162.73333
Android	sm-a127m	81	samsung exynos 850  exynos850	South_America	80127.01667
Android	rod-w19	75		China_Mainland	79951.2
Android	redmi k30 5g	86	"qti sm7250 qualcomm technologies, inc sm7250 qcom"	China_Mainland	79945.6
Android	sm-s918b	95	qualcomm 8 Gen 2	South_America	79856.71667
Android	sm-m315f	85	samsung exynos 9611  exynos9611	India	79842.61667
Android	infinix x6882	78	helio g99	South_Asia	79794.33333
Android	sm-a165f	75		South_Asia	79789.9
Android	rmx3263	73	unisoc t610	South_Asia	79747.11667
iOS	"iPhone10,2"	86		South_America	79690.76667
Android	tecno ck6n	75	helio p65	South_Asia	79678.16667
Android	sm-s266v	85	exynos 1380	North_America	79500.53333
Android	bah3-al00	84		China_Mainland	79379.5
Android	cph2591	72	mt6768	South_Asia	79328.83333
Android	rmx3782	78	mediatek mt6835  mt6835	India	79311.85
Android	sm-a057m	83	qualcomm 680	South_America	79288.95
Android	24117rn76g	78	helio g99	Africa	79202.25
Android	tecno kl5	74	helio p65	South_America	79148.61667
iOS	"iPhone16,2"	98		South_Asia	79075.01667
iOS	"iPad14,8"	94		China_Mainland	78944.13333
Android	tecno km4k	74	helio p65	South_Asia	78940.33333
iOS	"iPad14,1"	94		China_Mainland	78893.55
Android	tecno ki5k	71	unisoc t606	South_America	78871.93333
Windows	83CK	84	13th Gen Intel(R) Core(TM) i5-13420H	China_Mainland	78827.43333
Android	cph1909	75	helio p35	India	78759.45
Android	infinix x6532	72	mt6768	South_Asia	78729.46667
Android	sm-a325f	72		Middle_East	78686.88333
Android	sm-a546e	85	exynos 1380	South_Asia	78684.5
Android	v2342	81	qualcomm 680	South_Asia	78676.95
Android	rmx3268	69	Unisoc T610	South_Asia	78576.86667
Android	v2231	84	mediatek 7200	India	78398.65
Android	rmx3997	75	", mt6835"	India	78364.36667
Android	23100rn82l	72		South_America	78322.18333
Android	sm-a057f	83	qualcomm 680	South_Asia	78232.23333
MAC	"MacBookPro17,1"	85		China_Mainland	78195.1
Android	sm-a245f	78	helio g99	Middle_East	78108.3
Android	tecno km4	76	spreadtrum ums9230e  ums9230_km4_go	Africa	78092.3
Android	a001	82	mediatek mt6878  mt6878	India	78013.4
Android	infinix x6725	76	spreadtrum ums9230e  ums9230_x6725_go	Middle_East	77989.18333
iOS	"iPhone15,3"	-1		Europe	77871.56667
Android	m2003j15sc	74	helio p65	India	77840.43333
Android	redmi note 9 pro	83	qualcomm 720g	South_Asia	77835.23333
Android	23027rad4i	81	qualcomm 680	South_Asia	77813.85
Android	23124ra7eo	81	qualcomm 680	Europe	77811.81667
Android	tecno km4	72	ums9230_KM4_go	South_Asia	77761.31667
iOS	"iPad13,17"	92		East_Asia	77756.18333
Android	rmx3842	83	qualcomm 6 Gen 1	India	77740.71667
Android	sm-g990b2	89	qualcomm 888	India	77666.48333
Android	23053rn02i	72	", mt6768"	South_Asia	77622.46667
Android	2201116tg	77	helio g96	Middle_East	77549.31667
Android	cph2219	79	qualcomm 662	South_Asia	77534.01667
Android	sm-s926b	96	exynos 2400	Europe	77426.55
Android	jdy-lx3	75	helio p65	South_America	77425.66667
Android	23073rpbfg	89		South_Asia	77338.93333
Android	23106rn0da	74	helio p65	South_Asia	77302.21667
Android	rmx3780	75	", mt6835"	India	77271.21667
Android	sm-a217f	77	", exynos850"	South_Asia	77199.16667
Android	tecno bg6	65		South_Asia	77159.2
Android	sm-a135f	77	"Samsung A13 EUR OPEN REV02B board based on EXYNOS850, exynos850"	South_Asia	77111.51667
Android	sm-g610f	80	samsungexynos7870	Europe	77104.35
Android	sm-a047f	77	"null, exynos850"	Africa	77099.45
Android	rmx3511	65		South_Asia	77064.08333
Android	cph2365	79	qualcomm 662	South_Asia	76982.96667
Android	rmx3834	65	", ums9230_hulk"	South_Asia	76977.08333
Android	v2234	75	helio p35	South_Asia	76975.18333
Android	v2432	81	mediatek mt6835  mt6835	India	76825.38333
Android	jdy-lx2	75	helio p65	Middle_East	76708.76667
iOS	"iPhone18,1"	-1		China_Mainland	76704.18333
Android	cph2639	81	mediatek mt6835  mt6835	South_America	76678.43333
Android	tecno bg6	72	Unisoc T606	South_Asia	76599.63333
Android	cph2375	83	qualcomm 680	South_Asia	76592.75
Android	sm-a165m	73		South_America	76558.66667
iOS	"iPhone17,1"	100		India	76530.68333
Android	sm-a045m	75	helio p35	South_America	76450.98333
Android	24048rn6cg	71	unisoc t603	Africa	76337.1
Android	sm-a065f	75	helio p65	Middle_East	76329.23333
Android	v2422	83	qualcomm 695	India	76282.2
Android	moto g35 5g	77	unisoc t760	India	76268.05
Android	tecno km6	78	helio g99	South_Asia	76229.78333
Android	infinix x6831	80	mediatek mt6769h mt6769h mt6769	South_America	76193.66667
Android	sm-a065f	69		Middle_East	76179.41667
Android	sm-x115	77	helio g99	India	75939.76667
Android	tecno bg6	71	unisoc t606	Africa	75581.26667
Android	zpd1271	72		China_Mainland	75521.46667
Android	rmx2185	73	helio p35	South_Asia	75505.11667
Android	sm-a245f	78	helio g99	Africa	75485.66667
Android	infinix x6528	71	unisoc t606	Africa	75474.18333
Android	redmi note 7	86	Qualcomm 660	South_Asia	75391.6
Android	tecno km4	65		South_Asia	75385.98333
Android	2312draabc	80	mediatek 810	China_Mainland	75363.85
Android	sm-a266b	85	exynos 1380	India	75275.5
Android	vivo 2015	68	"MT6765V/CB, mt6765"	South_Asia	75254.53333
Android	v2249	75	helio p65	India	75187.28333
Android	tecno ci6	74	helio g85	Africa	75154.75
Android	2312bpc51h	74	helio p35	India	75092.85
iOS	"iPhone15,4"	-1		China_Mainland	75068.5
Android	tb371fc	93		China_Mainland	75062.28333
Android	sm-a155m	73		South_America	75029.8
Android	tecno kj6	78	helio g99	South_America	75012.68333
Android	cph2577	72	", mt6768"	South_Asia	74958.03333
Android	itel a667lp	71	unisoc t603	South_Asia	74931.98333
Android	sm-a047f	81	samsung exynos 850 samsung a04s eur open rev03c board based on exynos850 exynos850	India	74905.73333
Android	rmx5020	72	", mt6768"	South_Asia	74821.41667
Android	b131dl	69	helio a20	North_America	74796.05
Android	24044rn32l	71	unisoc t603	South_America	74771.45
Android	23076pc4bi	83	qualcomm 4 Gen 2	India	74683.58333
Android	23117ra68g	75		South_America	74655.06667
Android	sm-m315f	84	", exynos9611"	India	74652.1
Android	infinix x6525	71	unisoc t606	Africa	74639.53333
iOS	"iPhone15,4"	-1		Europe	74629.75
Android	infinix x6725	65		Africa	74597.25
Android	v2310	72	mt6768	South_Asia	74535.16667
Android	infinix x6525b	74	helio p35	South_Asia	74534.53333
Android	24040rn64y	72		South_Asia	74521.46667
iOS	"iPhone13,3"	92		Europe	74458.55
Android	ali-an00	89		China_Mainland	74380.26667
Android	tecno ki5k	65		South_America	74340.31667
Android	cph1911	75	helio p60	South_Asia	74259.88333
Android	redmi note 7 pro	85	Qualcomm 675	South_Asia	74254.15
Android	sm-a047f	81	samsung exynos 850 samsung a04s eur open rev03c board based on exynos850 exynos850	South_Asia	74224
Android	cph2325	76	helio p35	India	74194.61667
Android	nic-lx2	72	"MT6769V/CB, mt6768"	South_Asia	74187.1
Android	cph2423	75	", mt6895"	India	74168.3
Android	bra-al00	90		China_Mainland	74148.63333
iOS	"iPhone15,3"	-1		China_Mainland	74066.5
Android	23127pn0cc	93		China_Mainland	73963.76667
Android	s7u	71		China_Mainland	73945.98333
Android	m2006c3lg	64		Middle_East	73907.28333
Android	sm-a326u	79	mediatek 800U 5G	North_America	73906.81667
iOS	"iPhone13,2"	92		Middle_East	73884.58333
Android	m2004j19pi	72	"MT6769T, mt6768"	South_Asia	73846.11667
Android	2409brn2cy	75	helio p65	South_Asia	73845.81667
Android	w202ds	71		China_Mainland	73825.81667
Android	23028rncag	73	"MT6765V/XBA, mt6765"	South_Asia	73825.13333
Android	2212arnc4l	74	helio p65	South_America	73789.15
Android	itel a665l	71	unisoc t603	Middle_East	73715.01667
Android	rmx3834	65		Middle_East	73643.06667
Android	infinix x6531	69		South_America	73636.98333
Android	sm-a325n	74	helio g70	East_Asia	73631.31667
Android	sm-a125m	75	helio p35	South_America	73487.96667
Android	redmi note 8	81	"qualcomm technologies, inc trinket qcom"	Middle_East	73473.15
Android	itel a6610l	65		South_Asia	73405.88333
Android	24108pce2i	83	qualcomm 4 Gen 2	India	73397.76667
Android	pa2170	93		China_Mainland	73313.36667
Android	sm-a155m	75		South_America	73307.66667
Android	sm-s906n	92	qualcomm 8 gen 1	East_Asia	73265.36667
Android	sm-m127g	77	", exynos850"	India	73251.6
Android	cph2665	75		India	73250.36667
iOS	"iPhone15,2"	96		South_Asia	73245.75
Android	bah4-w09	80		China_Mainland	73223.23333
Android	23100rn82l	69		South_America	73210.28333
Android	sm-a047f	77	"Samsung A04S EUR OPEN REV03C board based on EXYNOS850, exynos850"	South_Asia	73119.65
Android	infinix x665b	69	helio a20	South_Asia	73105.25
Android	rmx3430	69	"MT6769V/CZ, mt6768"	India	73100.16667
Android	sm-g975f	87	samsung exynos 9820  exynos9820	Europe	73025.71667
Android	m2007j20cg	89		South_Asia	73019.55
Android	m2006c3lii	73	helio g25	India	73009.21667
Android	2312dra50g	85	qualcomm 7s Gen 2	Europe	72961.73333
Android	infinix x6515	67		South_America	72720.9
Android	cph2481	78	helio g99	South_Asia	72661.73333
Android	ac2001	84	qualcomm 765g	India	72609.41667
Android	220333qag	83	Qualcomm 680	South_Asia	72553.26667
Android	v2158	86	mediatek 1300	India	72524.1
Android	infinix x657b	67		Middle_East	72484.28333
MAC	"MacBookAir10,1"	-1		South_Asia	72465.43333
Windows	Latitude 3420	64	11th Gen Intel(R) Core(TM) i5-1135G7 @ 2.40GHz	China_Mainland	72364.76667
Android	sm-a042f	73	"MT6765V/CB, mt6765"	India	72282.05
Android	v2247	83	qualcomm 680	India	72221.25
Android	infinix x6853	75		South_Asia	72184.3
Android	rmx3261	72	Unisoc T610	South_Asia	72179.96667
iOS	"iPhone16,1"	-1		China_Mainland	72171.66667
Android	sm-a145p	74	helio p65	Middle_East	72073.45
Android	sm-a356e	71		South_Asia	72006.45
Windows	21HW	88	13th Gen Intel(R) Core(TM) i5-13500H	China_Mainland	71972.63333
Android	dco-al00	93		China_Mainland	71952.36667
Android	infinix x6837	75		South_Asia	71893.3
iOS	"iPhone15,4"	96		Middle_East	71826.45
iOS	"iPhone16,1"	98		South_Asia	71820.76667
Android	rmx3998	75	", mt6835"	India	71816.13333
Android	2311drk48g	89	mediatek 8300	South_America	71808.35
Android	m2101k7bny	75		South_Asia	71749.71667
iOS	"iPhone16,2"	66		Middle_East	71600.5
Android	sm-a075f	77	helio g99	Middle_East	71574.53333
Android	cph2631	89	", qcom"	South_Asia	71549.96667
Android	rmx3263	65		Middle_East	71409.46667
Android	sm-s928b	96	qualcomm 8 Gen 3	South_Asia	71375.93333
Android	rmx3990	89	", qcom"	India	71370.63333
Android	infinix x6531	72	", mt6768"	South_Asia	71366.28333
Android	sm-a176b	71	", s5e8535"	India	71261.76667
Android	sm-a057f	82	qualcomm 680	Middle_East	71206.48333
iOS	"iPhone17,4"	100		Africa	71161.56667
Android	cph2711	89		South_Asia	71116.7
Android	m2006c3lg	71	helio g25	South_America	71113.15
Android	tecno kg5k	76	unisoc ums9230 kg5k	South_America	71103.43333
Android	sm-e236b	82	qualcomm 750g	India	71057.55
iOS	"iPhone13,3"	92		Middle_East	70916.88333
Android	m2101k6g	83	qualcomm 730	South_America	70903.15
Windows	21E30071CD	76	12th Gen Intel(R) Core(TM) i5-1240P	China_Mainland	70881.06667
Android	v2419	68		South_Asia	70852.5
Android	rmx3085	77	helio g90t	South_Asia	70787.68333
Android	cph2239	76	helio p35	India	70755.01667
Android	infinix x6528b	68		South_Asia	70699.41667
Android	sm-a032m	60		South_America	70671.33333
Android	23106rn0da	72	"MT6769V/CZ, mt6768"	South_Asia	70662.63333
Android	c210ch	72		China_Mainland	70662.33333
Android	23027rad4i	89	", qcom"	South_Asia	70614.4
Android	infinix x6816c	73	unisoc t610	South_Asia	70605.23333
Android	cph1937	84	"qualcomm technologies, inc sdm665 qcom"	South_Asia	70600.85
Android	infinix x6858	75	", mt6789"	South_Asia	70584.28333
Android	infinix x6728	72		South_Asia	70551.71667
Android	aln-al80	90		China_Mainland	70539.16667
iOS	"iPhone12,8"	90		South_America	70497.76667
Android	sm-s908e	92	qualcomm 8 gen 1	Middle_East	70441.45
Android	infinix x6838	81	mediatek mt6835  mt6835	India	70311.25
iOS	"iPhone18,4"	-1		East_Asia	70308.28333
Android	infinix x6853	78	helio g99	South_Asia	70294.46667
Android	m2003j15sc	72	"MT6769Z, mt6768"	South_Asia	70287.41667
Android	v2319	87	mediatek 8200	India	70249.45
Android	v2116	77	helio g96	South_Asia	70212.56667
Android	v2251	87	mediatek 8200	India	70157.1
Android	abr-lx3	81	qualcomm 680	South_America	70102.81667
Android	moto g55 5g	81	mediatek 7020	South_America	70086.68333
Android	25028pc03g	65		South_Asia	69928.61667
Android	xd-sdd16-2201	75		China_Mainland	69880.38333
iOS	"iPhone13,2"	-1		China_Mainland	69879.46667
Android	cph2505	83	qualcomm 695	India	69804.16667
Android	tecno kj5	75	helio p65	South_Asia	69800.66667
Android	cph2717	89	mediatek 8300	India	69783.68333
Android	redmi 8	82	Qualcomm 439	South_Asia	69781
Android	v2043	73		South_Asia	69778.48333
Android	rmx2189	75	helio p35	South_Asia	69739.7
Android	infinix x6880	75		South_Asia	69722.51667
Android	cph2565	83	qualcomm 680	South_Asia	69647.08333
Android	tecno kl5	74	helio p65	Africa	69629.9
Android	pa2353	93		China_Mainland	69591.43333
Android	ags3k-w20	77		China_Mainland	69577.58333
Android	cph2467	89		India	69520.53333
iOS	"iPhone17,2"	-1		East_Asia	69518.65
Android	sm-m515f	82	qualcomm 730	India	69451.05
Android	sm-a536e	84	exynos 1280	South_Asia	69391.1
Android	v2027	80	"Qualcomm Technologies, Inc BENGAL, qcom"	South_Asia	69357.2
Android	brp-nx1	89		Middle_East	69355.2
MAC	"Mac14,2"	-1		North_America	69293.31667
Android	cph2471	75	helio p35	India	69240.78333
Android	els-an00	84		China_Mainland	69201.05
Android	sm-a346e	75	", mt6877"	India	69200.68333
iOS	"iPhone14,2"	94		India	69196.66667
iOS	"iPad13,1"	92		East_Asia	69090.75
Android	sm-s908e	92	qualcomm 8 gen 1	India	69072.73333
Android	m2006c3mg	75	helio p35	South_America	69060.66667
Android	sm-a346e	82	mediatek 900	Middle_East	68970.38333
Android	220333qbi	86	Qualcomm 680	South_Asia	68884.98333
Android	cph2325	75	helio p35	India	68865.08333
Android	cph2577	75	helio p65	India	68660.6
Android	v2338	82	qualcomm 6 Gen 1	India	68628.21667
Android	cph2621	83	qualcomm 695	South_Asia	68621.51667
Android	blm-00	77		China_Mainland	68513.4
Android	cph1923	64		South_Asia	68503.3
Android	m2006c3lg	73	helio g25	South_Asia	68493.96667
iOS	"iPhone14,5"	-1		South_Asia	68460.15
Android	rmx3231	60		South_Asia	68444.45
Android	tecno cm6	75	", mt6789"	South_Asia	68362.91667
Android	25028rn03a	72	serenity	South_Asia	68359.61667
Android	infinix x6725c	68		South_Asia	68234.98333
Android	2405crpfdg	89		South_Asia	68227.93333
Android	2412dpc0ag	84	mediatek mt6899  mt6899	South_America	68189.43333
Android	23128pc33i	75	", mt6835"	India	68128.3
Android	vivo 1951	89	"null, qcom"	India	68114.31667
Android	v2420	75		India	68112.88333
Android	2201117tg	86	Qualcomm 680	South_Asia	68093.31667
Android	v2152	74	helio p65	India	68081.8
Android	22081283c	73		China_Mainland	68045.26667
Android	rmx3231	80	octa core rmx3231	South_Asia	67998.26667
Android	cph2269	75	helio p35	India	67969.43333
Android	cph2461	83	qualcomm 680	India	67964.33333
Android	23090ra98g	84	mediatek 7200	Middle_East	67856.11667
Android	sm-a035m	65		South_America	67854.43333
Android	23026rn54g	68		South_America	67840.43333
Android	infinix x657c	67	helio a20	South_Asia	67822.36667
Android	cph2343	83	qualcomm 695	South_Asia	67693.81667
Windows	ChengMing 3991	94	Intel(R) Core(TM) i7-10700 CPU @ 2.90GHz	China_Mainland	67674.16667
Android	220333qbi	86	Qualcomm 680	India	67665.58333
Android	v2415	86	mediatek mt6991  mt6991	India	67653.13333
Android	v2206	83	qualcomm 680	South_Asia	67638.45
Android	24094rad4g	75		South_Asia	67619.96667
Android	zpd1221	72		China_Mainland	67584.63333
Android	sm-s928u	93	", qcom"	North_America	67566.15
Android	rmx3762	74	unisoc t612	India	67503.8
Android	ags3-w00d	77		China_Mainland	67455.25
Android	itel s665l	72	unisoc t606	South_Asia	67406.73333
Android	infinix x6728	75	mt6768	South_Asia	67399.23333
iOS	"iPhone8,1"	82		China_Mainland	67387.48333
Android	sm-a325f	74	helio g70	Europe	67320.41667
Android	v2060	81	qualcomm 480	India	67297.2
Android	v2142	75	"MT6833V/ZA, mt6833"	India	67229.35
Android	infinix x6528	72	unisoc t606	Middle_East	67214.43333
Android	moto g23	74	helio p65	South_America	67179.43333
Android	24116pcc1i	86	", qcom"	India	67145.18333
Android	rmx3511	69	Unisoc T616	South_Asia	67113.68333
Android	tecno kl4h	74	helio p35	South_America	67107.83333
Android	moto g stylus (2022)	75	helio p65	North_America	67073.2
Android	sm-a715f	82	qualcomm 730	South_America	66962.08333
Android	23127pn0cc	96	qualcomm 8 Gen 3	China_Mainland	66959.78333
Android	23053rn02a	72	"MT6769H, mt6768"	South_Asia	66903.88333
iOS	"iPhone15,3"	-1		East_Asia	66892.43333
Android	sm-m166p	75	"null, mt6835"	India	66845.25
Android	cph2333	83	qualcomm 680	South_Asia	66826.01667
Android	m2004j19c	74	helio p65	India	66824.95
Android	v2303	89	Qualcomm 695	India	66704.58333
Android	hey3-w00	89		China_Mainland	66673.36667
Android	infinix x6725	65		South_America	66645.56667
Android	krj2-w09	75		China_Mainland	66606.18333
Android	m2006c3mg	75	helio p35	South_Asia	66507.7
Android	2409brn2ca	72		South_Asia	66500.9
Android	itel s665l	71	unisoc t606	Africa	66478.31667
Android	ali-nx3	83	qualcomm 6 Gen 1	South_America	66466.23333
Android	sm-e156b	75	", mt6835"	India	66455.55
Android	sm-a566b	88	samsung s5e8855  s5e8855	Middle_East	66451.9
Android	pixel 2 xl	68	Qualcomm 835	China_Mainland	66383.26667
Android	cph2127	80	"qualcomm technologies, inc sm4250 qcom"	Africa	66376.75
Android	rmx3785	75		India	66318.86667
Android	v2333	72		South_Asia	66281.43333
Android	v2348	89	", qcom"	India	66208.96667
Android	cb30	68		China_Mainland	66206.2
iOS	"iPad15,8"	96		North_America	66199.05
iOS	"iPhone14,7"	94		Middle_East	66182.83333
Android	moto g14	74	unisoc t616	South_America	66176.03333
iOS	"iPhone16,2"	66		North_America	66140.48333
Android	tecno kj5	72		South_America	66133.1
Android	infinix x6882	75	", mt6789"	South_Asia	66100.25
Android	cph2059	84	"qualcomm technologies, inc sdm665 qcom"	South_Asia	65971.33333
Android	cph1911	73		South_Asia	65970.4
Android	23028rncag	74	helio p35	South_Asia	65959.65
Android	v2247	83	qualcomm 680	South_Asia	65875.23333
Android	redmi k30 5g	86	"qualcomm technologies, inc sm7250 qcom"	China_Mainland	65851.41667
Android	24116raccg	75	"null, mt6789"	South_America	65816.31667
Android	cph2681	73	", mt6835"	India	65775.66667
Android	rmx3890	81	qualcomm 680	Middle_East	65742.56667
Android	rmx3760	68	", ums9230_hulk"	South_Asia	65685.78333
Android	sm-a556b	88	exynos 1480	Europe	65680.33333
Android	infinix x6831	72	"MT6769H, mt6769"	South_Asia	65618.48333
Android	cph2363	83	qualcomm 680	South_Asia	65509.35
Android	slg-w50	69		China_Mainland	65507.05
Android	sm-a145f	77	exynos 850	South_Asia	65479.53333
Android	cph2325	75	helio p35	Middle_East	65441.71667
Android	v2131	82	qualcomm 680	South_Asia	65320.96667
Windows	83CK	78	13th Gen Intel(R) Core(TM) i5-13420H	China_Mainland	65318.1
Android	v2239	80	mediatek 1080	India	65276.31667
Android	pixel 7a	83	google gs201  lynx	East_Asia	65273.7
Android	rmx3939	74	ums9230_latte	South_Asia	65266.51667
Android	24115ra8eg	86	qti sm7635  qcom	South_America	65213.53333
Android	sm-a566b	88	samsung s5e8855  s5e8855	South_Asia	65196.8
Android	pa2373	75		China_Mainland	65187.7
Android	sm-a217f	81	samsung exynos 850  exynos850	Middle_East	65174.51667
Android	v2314	83	qualcomm 695	South_America	65158.1
Android	tecno ck6n	72	", mt6768"	South_Asia	65148.63333
iOS	"iPhone15,3"	-1		North_America	65127.35
Android	23128pc33i	81	mediatek mt6835  mt6835	India	65117.48333
iOS	"iPhone14,8"	94		South_America	65094.76667
Android	v2142	76	mediatek 700	India	65089.11667
Android	sm-a207f	74	qualcomm 450	South_Asia	65077.81667
iOS	"iPhone11,6"	88		East_Asia	65046.88333
Android	sm-a042f	75	helio p35	South_Asia	65043.01667
Android	v2434	87	qcom	South_Asia	65033.41667
Android	sm-a356e	85	exynos 1380	Middle_East	65009.61667
Android	22120rn86g	69	"MT6769V/CZ, mt6768"	South_Asia	64992.61667
iOS	"iPad7,6"	84		China_Mainland	64930.21667
Android	cph2213	77	mediatek 800u	India	64907.95
Android	sm-a127f	81	samsung exynos 850  exynos850	Middle_East	64846.41667
Android	a059p	86	qti sm7635  qcom	India	64842.28333
Android	vivo 1935	84	"qualcomm technologies, inc trinket qcom"	India	64785.63333
Android	sm-s928b	93	", qcom"	India	64723.71667
Android	sm-a556e	71		South_America	64710.48333
iOS	"iPhone12,5"	90		Europe	64645.9
Android	tecno ki5k	72	unisoc t606	South_Asia	64609.21667
Android	cph2505	89	Qualcomm 695	India	64567.61667
Android	v2029	80	"qualcomm sm4250 qualcomm technologies, inc bengal qcom"	India	64555.93333
Android	rmx3762	73	unisoc t612	India	64522.03333
Android	sm-a037f	73		Middle_East	64521.48333
Android	opd2409	97		China_Mainland	64520.93333
iOS	"iPhone16,2"	-1		China_Mainland	64515.46667
Android	m2101k6p	83	qualcomm 730	India	64423.76667
Android	sm-g930f	84	samsungexynos8890	Europe	64410.86667
Android	wgr-w19	88		China_Mainland	64314.23333
Android	cph2693	75	", mt6835"	India	64292.58333
iOS	"iPad12,2"	90		North_America	64290.26667
Android	rmx5056	82	mediatek mt6878  mt6878	India	64262.63333
Android	v2322	83	qualcomm 680	South_Asia	64262.56667
Android	23124ra7eo	81	qualcomm 680	South_Asia	64145.96667
iOS	"iPhone14,2"	94		Africa	64107.3
Android	cph2251	80	mediatek 1080	India	64095.83333
Android	infinix x6858	78	helio g99	Africa	64091.7
Android	m2103k19i	77	mediatek 6020	India	63997.83333
Android	tecno cm6	78	helio g99	Africa	63937.98333
Android	v2424	81	qualcomm 680	South_Asia	63930.85
iOS	"iPhone15,2"	-1		China_Mainland	63866.25
iOS	"iPhone12,8"	-1		East_Asia	63821.35
Android	sm-a127f	77		Middle_East	63820.95
Android	tecno ki5k	65		Africa	63787.8
Android	sm-a057f	82	qualcomm 680	South_Asia	63735.6
Android	cph2477	73	"MT6765G, mt6765"	India	63664.26667
Android	vivo 1935	85		South_Asia	63623.15
Android	dub-lx1	74	qualcomm 450	Middle_East	63601.33333
Android	sm-a245f	78	helio g99	South_Asia	63594.35
Android	cph2239	75	helio p35	Middle_East	63584.36667
Android	infinix x6851	82	mediatek 7020	India	63557.48333
iOS	"iPhone18,3"	-1		China_Mainland	63516.88333
Android	sm-s938b	94	qti sm8750  qcom	South_America	63500.01667
Android	sm-f711n	89	qualcomm 888	East_Asia	63495.71667
Android	tecno bg6	65		Africa	63482.43333
Android	sm-a525f	83	qualcomm 720g	South_Asia	63479.31667
Android	rmx3263	73	unisoc t610	Middle_East	63461.28333
Android	m2006c3mii	75	helio p35	South_Asia	63442.21667
Android	rmx5303	74	ums9230_dhaka	South_Asia	63362.48333
Android	cph2213	75	"MT6853V/TNZA, mt6853"	India	63328.76667
Android	rmx3944	75	", mt6835"	India	63312.25
iOS	"iPhone15,2"	96		Africa	63302.28333
Android	rmx3999	81	mediatek mt6835  mt6835	India	63295.5
Android	cmr-w09	68		China_Mainland	63283.4
Android	sm-m127g	84	samsung exynos 850  exynos850	South_Asia	63278.3
Android	23129rn51x	73	mt6765	South_Asia	63258.53333
Android	cph2727	80	qualcomm 662	South_Asia	63242.21667
Android	rmx3195	72	"MT6769V/CZ, mt6768"	South_Asia	63213.91667
Android	cph2325	75	helio p35	South_Asia	63151.03333
Android	sm-a546e	71		South_Asia	63131.56667
Android	infinix x6812	80	mt6769h mt6769	South_Asia	63114.28333
Android	24090ra29g	82	mediatek mt6878  mt6878	South_America	63095.8
Android	cph2687	81	qualcomm 680	South_Asia	63077.81667
Android	sm-s721u	95	exynos 2400	North_America	63068.96667
Android	abr-nx3	81	mediatek 7020	South_America	63056.45
Android	nexg n74	65	", ums9230_6h10"	South_Asia	63054.88333
Android	pkb110	86	mediatek mt6991  mt6991	China_Mainland	63041.21667
Android	sm-g780g	89	qualcomm 865	Europe	63023.83333
Android	22120rn86i	74	helio p65	India	62937.36667
iOS	"iPad14,6"	94		North_America	62891.2
Android	pixel 9a	84	google tensor g4  tegu	East_Asia	62881.96667
Android	rmx5106	82	mediatek mt6878  mt6878	India	62880.58333
Android	cph2751	75	", mt6835"	India	62847.9
Android	sm-a325f	72	"MT6769V/CT, mt6769t"	South_Asia	62796.53333
Android	sm-a346e	82	mediatek 900	South_Asia	62780.16667
Android	v2117	77	helio g96	India	62748.41667
Android	cph2127	80	"qualcomm sm4250 qualcomm technologies, inc sm4250 qcom"	South_Asia	62740.25
Android	sm-s938b	97		Middle_East	62710.4
Android	cph1937	85		South_Asia	62697.93333
Android	redmi note 8 pro	77	helio g90t	Middle_East	62598.56667
Android	rmx3501	69	Unisoc T612	South_Asia	62561.03333
Android	2303cra44a	75		Middle_East	62558.23333
Android	25053rp5cc	76		China_Mainland	62543.61667
Android	22011211c	81	mt8395av/za mt8395	China_Mainland	62535.53333
iOS	"iPad8,9"	88		North_America	62503.68333
Android	m2105k81c	93		China_Mainland	62420.58333
Android	rmx3511	72	Unisoc T616	South_Asia	62398.43333
Android	23124ra7eo	89		South_Asia	62354.25
Android	tecno ki5k	72	Unisoc T606	South_Asia	62321
Android	sm-a156e	81	mediatek mt6835  mt6835	South_Asia	62246.43333
iOS	"iPad8,7"	88		China_Mainland	62216
Android	cph2373	83	qualcomm 680	India	62212.11667
Android	cph2705	75	", mt6878"	India	62169.38333
Android	tecno kl4	72	ums9230_KL4_go	South_Asia	62081.73333
iOS	"iPad13,16"	92		North_America	62062.73333
Android	i2306	81	mediatek mt6835  mt6835	India	62020.7
Android	rmx5070	85	qti sm6650  qcom	India	62017.41667
Android	21051182g	89		South_Asia	61980.98333
Android	z60 plus	75	unisoc t616	South_Asia	61971.43333
Android	m2006c3lg	71	helio g25	South_Asia	61957.53333
Android	dub-lx1	82		Africa	61947.23333
Android	cph2763	82	mediatek mt6878  mt6878	India	61916.68333
Android	sm-a165m	75	"null, mt6789"	South_America	61906.43333
Android	v2248	75		South_Asia	61881.66667
Android	2409brn2cy	72		South_Asia	61827.38333
Android	brp-nx1	83	qualcomm 6 Gen 1	South_Asia	61826.13333
Android	infinix x6880	78	helio g99	South_America	61822.73333
Android	sm-a146b	68	", s5e8535"	India	61690.46667
Android	rmo-nx1	83	qualcomm 695	Middle_East	61639.9
Android	rmx3990	85	qualcomm 7s Gen 2	India	61638
Android	sm-a166p	75	", mt6835"	South_Asia	61596.26667
Android	sm-a226b	77	mediatek 810	India	61523.15
Android	sm-f966b	94	qti sm8750  qcom	India	61512.38333
Android	24040rn64y	75	helio p65	South_Asia	61459.15
Android	2201117pi	77	helio g96	India	61445.3
Android	sm-a045f	73		South_Asia	61438.46667
Android	v2338	86	", qcom"	India	61435.38333
Android	22101317c	81	qualcomm 4 Gen 1	China_Mainland	61387.63333
Android	xdh-25-b3	75		China_Mainland	61377.5
Android	cph2495	75		India	61369.26667
Android	vivo 1920	79	qualcomm 665	South_Asia	61358.93333
Android	tecno km4	65		South_America	61358.56667
Android	cph2605	77	mediatek 6020	South_Asia	61346.86667
Android	hera-bd00	85	qualcomm 778g	China_Mainland	61339.06667
Android	tecno bg7	73		South_America	61257.91667
Android	cph2235	83	qualcomm 720g	South_Asia	61236.6
Android	mrx-w19	84		China_Mainland	61189.16667
Android	sm-a566e	71	", s5e8855"	India	61182.88333
Android	sm-a266b	85	exynos 1380	Europe	61157.5
Android	cph2637	81	mediatek mt6835  mt6835	Middle_East	61143.73333
Android	tecno bg7	75	helio p35	South_Asia	61104.5
Android	vivo 1904	70	helio a25	India	61070.9
Android	rmx3511	74	unisoc t616	India	60997.38333
Android	v2303	89		India	60994.23333
Android	ags3-w09hn	77		China_Mainland	60972.96667
Android	sm-g990e	88	samsung exynos 2100  exynos2100	India	60920.25
Android	itel a662lm	69	unisoc sc9863a	South_Asia	60857.56667
Android	23117ra68g	78	helio g99	South_Asia	60847.68333
Android	rmx3471	83	qualcomm 695	India	60789.55
Android	lenovo tb-j706f	89		China_Mainland	60735.08333
Android	rmx3286	73	"MT6781V/CDZAMB-H, mt6781"	South_Asia	60732.21667
Android	vog-al00	86	kirin 980	China_Mainland	60711.03333
Android	vivo 1907	74	helio p65	India	60680.93333
Android	infinix x6725	65		Middle_East	60638.93333
Android	2201116pg	83	qualcomm 695	South_America	60601.23333
Android	dny-nx9	88	qualcomm 7 Gen 3	Middle_East	60559.93333
Android	vivo 1938	73	"MT6765V/CB, mt6765"	South_Asia	60516.35
Android	v2037	75	helio p65	South_Asia	60493.21667
Android	sm-n981n	91	qualcomm 865	Africa	60483.11667
Android	sm-a325f	72		South_Asia	60466.43333
Android	22120rn86i	69	"MT6769V/CZ, mt6768"	India	60453.28333
Android	cph2473	83	qualcomm 680	India	60426.65
Android	infinix x669c	75	helio p35	South_Asia	60417.23333
Android	mrx-w39	84		China_Mainland	60404.21667
Android	zpd1301	72		China_Mainland	60373.78333
Android	sm-a336e	84	exynos 1280	India	60337.35
Android	xd-sdd27-2201	75		China_Mainland	60315.48333
iOS	"iPhone15,2"	96		Middle_East	60209.38333
Android	sm-s921b	96	exynos 2400	Europe	60202.8
Android	v2506	89	", qcom"	India	60192.21667
Android	tecno km4	65		Africa	60161.93333
iOS	"iPad13,18"	92		East_Asia	60143.26667
Android	sm-a065f	75	helio p65	South_Asia	60114.05
Android	sm-a155f	77	helio g99	South_Asia	60085.45
Android	v2238	74	helio p65	India	60080.4
Android	v2407	73	", mt6835"	India	60080.35
Android	sm-a127f	81	samsung exynos 850  exynos850	India	60075.9
Android	infinix x665e	73	helio g25	South_Asia	60069.3
Android	wdy-lx3	74	helio p35	South_America	60027.55
Android	x2	65		China_Mainland	60012.56667
Android	v2333	69	", mt6768"	South_Asia	59901.53333
Android	tecno kj5	77	mediatek mt6769 mt6769 mt6769	Africa	59886.83333
Android	moto g15	69	"null, mt6768"	South_America	59868.68333
Android	23117ra68g	75		Middle_East	59851.75
Android	cph2481	75		South_Asia	59851.35
Android	25028rn03a	76	spreadtrum ums9230e  serenity	Europe	59808.73333
Android	moto g22	73		South_America	59794.68333
Android	24129rt7cc	84	mediatek mt6899  mt6899	China_Mainland	59609.61667
Android	infinix x6857b	82	mediatek mt6878  mt6878	India	59514.43333
Android	infinix x662	69		South_Asia	59498.58333
Android	sm-a556e	71	", s5e8845"	India	59494.35
Android	rmx3268	73	unisoc t610	South_Asia	59432.91667
Android	moto g54 5g	75	", mt6855"	India	59423.75
iOS	"iPhone14,2"	94		South_Asia	59364.45
Android	sm-m115f	82	Qualcomm 450	South_Asia	59359.01667
Android	sm-a356e	71		Middle_East	59355.33333
iOS	"iPad8,11"	88		North_America	59340.11667
Android	sm-a035f	65	Unisoc T606	South_Asia	59266.05
Android	rmx5303	79	spreadtrum ums9230e  ums9230_dhaka	Middle_East	59261.55
Android	alt-nx3	83	qualcomm 4 Gen 2	South_America	59247.95
Android	cph2603	75	", mt6877"	India	59195.06667
Android	rmx2189	73	"MT6765G, mt6765"	South_Asia	59085.13333
Android	motorola edge 40	83	mediatek 8020	India	59047.28333
Android	infinix x6816c	69	Unisoc T610	South_Asia	58964.31667
Android	infinix x6515	67		Middle_East	58879.78333
Android	23124rn87i	73	", mt6835"	India	58877.71667
Android	infinix x6525b	73	", mt6765"	South_Asia	58873.91667
iOS	"iPhone14,6"	-1		East_Asia	58787.58333
Android	v2202	80	mediatek 1080	India	58719.05
Android	v2027	82		South_Asia	58555.61667
Android	tecno kl6	72	", mt6768"	South_Asia	58548.5
Android	22120rn86g	74	helio p65	Middle_East	58504.9
Android	v2033	82	Qualcomm 439	India	58482.76667
Android	cph1933	81	"qualcomm technologies, inc sdm665 qcom"	South_Asia	58404.53333
Android	2303cra44a	77	helio g96	Middle_East	58345.76667
Android	sm-g990e	88	samsung exynos 2100  exynos2100	South_America	58331.86667
Android	23124rn87c	78	mediatek mt6835  mt6835	China_Mainland	58326.08333
Android	cph2015	69		South_Asia	58294.38333
Android	rmx2151	86	mediatek 1200	India	58255.46667
Android	sm-a127f	76	exynos850	South_Asia	58251.01667
Android	vivo 2019	73		South_Asia	58210.58333
Android	v2430	65		South_Asia	58203.43333
Android	itel p662l	69	Unisoc SC9863A	South_Asia	58167.58333
Android	25057rn09i	83	qualcomm 695	India	58122.96667
Android	pgbm10	86	mediatek 1300	China_Mainland	58109.66667
Android	sm-s918b	93		Middle_East	58106.38333
Android	23106rn0da	75	helio p65	South_America	58093.06667
Android	sm-s721n	95	exynos 2400	East_Asia	58029.8
Android	blk-al80	71		China_Mainland	58013.51667
Android	jlh-an00	75	"MT6877V/ZA, mt6877"	China_Mainland	57961.1
iOS	"iPhone14,8"	94		India	57955.03333
Windows	System Product Name	85	12th Gen Intel(R) Core(TM) i3-12100	China_Mainland	57888.15
Android	sm-a165m	75		South_America	57864.25
Android	cph2565	83	qualcomm 680	Middle_East	57821.58333
Android	cph2185	73	helio p35	Africa	57801.31667
Android	m2101k6g	89		South_Asia	57799.01667
Android	23053rn02i	72		Middle_East	57775.01667
Android	z60 plus	72	Unisoc T616	South_Asia	57698.61667
Android	sm-a217f	81	samsung exynos 850  exynos850	South_Asia	57691.65
Android	rmx3785	75	", mt6835"	India	57641.43333
Android	agm3-w09hn	72		China_Mainland	57625.18333
Android	cet-al00	93		China_Mainland	57522.83333
Android	rmx3834	65		South_America	57490.81667
Android	v2109	75	helio p65	India	57348.93333
Android	sm-a105f	72	", exynos7884B"	South_Asia	57296.25
Android	rmx3686	82	mediatek 1080	India	57264.51667
Android	cph2119	77	helio p90	India	57244.18333
Android	infinix x678b	78	helio g99	South_America	57153.18333
Windows	21CSA2S3CD	76	11th Gen Intel(R) Core(TM) i5-1135G7 @ 2.40GHz	China_Mainland	57143.25
Android	25078ra3el	74	helio p65	South_America	57105.88333
Android	23073rpbfg	86		South_Asia	57102.78333
Android	23076rn4bi	82	qualcomm 4 Gen 2	India	57101.83333
Android	v2333	74	helio p65	India	57069.08333
Android	lenovo tb-j607f	89		China_Mainland	57068.7
iOS	"iPhone17,2"	66		Middle_East	57044.15
Android	cph2159	83	qualcomm 720g	South_Asia	57028.03333
Android	v2507	65		South_Asia	57027.7
Android	2312draabi	80	mediatek 810	India	56901.7
Android	sm-a037m	75	helio p35	South_America	56892.45
Android	tecno bf6	67	unisoc sc9863a	South_America	56877.16667
Android	infinix x6855	75		South_Asia	56843.38333
Android	220233l2g	73	helio g25	Middle_East	56825.28333
Android	2312dra50g	85	qualcomm 7s Gen 2	South_Asia	56791.95
Android	sm-a107m	64		South_America	56785.9
Android	m2101k7bi	75	"MT6785V/CD, mt6785"	India	56785.16667
Android	infinix x6853	78	helio g99	South_America	56783.13333
Android	v2132	86	mediatek 1300	India	56770.6
Android	ady-al00	71		China_Mainland	56729.9
Android	220333ql	82	qualcomm 680	South_America	56694.9
Android	cph2607	87	mediatek 8200	India	56637.51667
Android	2406ern9ci	89		India	56615.35
Android	v2432	73	", mt6835"	India	56579.61667
Android	sm-a136u	76	mediatek 810	North_America	56576.7
iOS	"iPhone13,1"	92		China_Mainland	56574.9
Android	rmx3710	75	mt6768	South_Asia	56568.61667
Android	24048rn6cg	65		Africa	56546.41667
Android	sm-g986b	87	samsung exynos 990  exynos990	Europe	56460.36667
Android	mi pad 4 plus	86		China_Mainland	56447.38333
Android	sm-a245n	77	helio g99	East_Asia	56440.26667
Android	tecno kf7j	72	helio g70	Africa	56432.98333
Android	cph2359	86	mediatek 1300	India	56319.48333
Android	v2110	69		South_Asia	56168.91667
Android	infinix x6525d	69	unisoc t606	Middle_East	56140.58333
Android	aln-al00	90	kirin 9000S	China_Mainland	56115.1
Android	vivo 1726	69	"MT6762V/CB, mt6762"	South_Asia	56095.3
iOS	"iPhone14,3"	-1		Middle_East	56037.81667
Android	sm-a556e	71	", s5e8845"	South_Asia	56010.71667
Android	moto e20	70	unisoc ums9230 ums9230_4h10_go	South_America	55977.13333
Android	bah3-an10	84		China_Mainland	55929.41667
Android	2109119dg	85	qualcomm 778g	South_America	55874.56667
Android	i2306	79	mediatek mt6835  mt6835	India	55832.1
Android	2201117ti	83	qualcomm 680	India	55815.43333
Android	rmx3939	68		South_Asia	55806.06667
Android	cph2725	82	qcom	South_Asia	55797.28333
Android	25028pc03i	76	spreadtrum ums9230e  serenity	India	55782
iOS	"iPhone17,1"	-1		China_Mainland	55765.23333
Android	23124ra7eo	81	qualcomm 680	Middle_East	55755.26667
iOS	"iPhone15,2"	96		India	55740.8
Android	21061119al	74	helio p65	South_America	55733.93333
Android	cga-w00	93		China_Mainland	55732.26667
Android	itel a667lp	65	", s9863a_A667LP_go"	South_Asia	55679.1
Android	ana-an00	84		China_Mainland	55673.18333
Android	p40uch	75		China_Mainland	55652.01667
Android	infinix x657b	68	helio a20	South_Asia	55649.38333
Android	2409brn2cg	74	helio p65	Africa	55621.81667
Android	nic-lx3	75	helio p65	South_America	55615.98333
Android	rmx3381	80	mediatek 810	India	55535.06667
Android	v2521	82	qualcomm 4 Gen 2	India	55529.55
Android	rmx3760	74	Unisoc T612	South_Asia	55527
Android	infinix x6525b	75		South_Asia	55516.15
Android	sm-f766n	92	samsung s5e9955  s5e9955	East_Asia	55505.63333
Android	redmi note 8 pro	77	helio g90t	South_Asia	55496.76667
Android	vivo 1915	72		South_Asia	55490.55
Android	cph1923	68	helio a25	South_Asia	55471.68333
Android	v2310	74	helio p65	India	55430.11667
Android	z30 pro	69	"MT6762V/WD, mt6765"	South_Asia	55367.01667
Android	2310fpca4i	74	helio p65	India	55352.21667
Android	sm-m127g	80	", exynos850"	South_Asia	55336.8
iOS	"iPhone12,3"	-1		East_Asia	55329.75
Android	cph2343	89		South_Asia	55326.55
Android	v2058	75	helio p65	South_Asia	55319.11667
Android	v2315	75		India	55287.85
Android	sm-m346b	84	exynos 1280	India	55178.11667
Android	els-an00	88	kirin 990	China_Mainland	55176
Android	2311drk48g	89	mediatek 8300	Middle_East	55133.73333
Android	2209116ag	83	qualcomm 730	Middle_East	55092.85
Android	cls-al00	71		China_Mainland	55089.71667
Android	tecno kj6	78	helio g99	South_Asia	55086.05
Android	cph2525	85	qualcomm 778g	India	55083.75
Android	infinix x6870	75	", mt6878"	India	55059.23333
Android	v2336	89	", qcom"	India	54968.95
Android	rmx3890	81	qualcomm 680	South_Asia	54968.15
iOS	"iPhone12,1"	-1		China_Mainland	54956.48333
Android	rmx3491	83	qualcomm 680	South_Asia	54918.08333
